                                      1 ;--------------------------------------------------------
                                      2 ; File Created by SDCC : free open source ISO C Compiler
                                      3 ; Version 4.5.1 #15267 (Linux)
                                      4 ;--------------------------------------------------------
                                      5 	.module enemy
                                      6 	
                                      7 ;--------------------------------------------------------
                                      8 ; Public variables in this module
                                      9 ;--------------------------------------------------------
                                     10 	.globl b_enemy_apply_vertical_movement
                                     11 	.globl _enemy_apply_vertical_movement
                                     12 	.globl b_enemy_apply_horizontal_movement
                                     13 	.globl _enemy_apply_horizontal_movement
                                     14 	.globl b_enemy_has_ground_ahead
                                     15 	.globl _enemy_has_ground_ahead
                                     16 	.globl b_enemy_has_ground
                                     17 	.globl _enemy_has_ground
                                     18 	.globl b___func_enemy
                                     19 	.globl ___func_enemy
                                     20 	.globl _is_tile_solid
                                     21 	.globl _get_tile
                                     22 	.globl _hide_sprites_range
                                     23 	.globl _enemy_count
                                     24 	.globl _enemies
                                     25 	.globl _enemy_new
                                     26 	.globl b_enemy_move_goomba
                                     27 	.globl _enemy_move_goomba
                                     28 	.globl b_enemy_move_koopa
                                     29 	.globl _enemy_move_koopa
                                     30 	.globl b_enemy_move_fly
                                     31 	.globl _enemy_move_fly
                                     32 	.globl b_enemy_stomp
                                     33 	.globl _enemy_stomp
                                     34 	.globl _enemy_remove
                                     35 	.globl b_enemy_reset_all
                                     36 	.globl _enemy_reset_all
                                     37 	.globl b_enemy_update
                                     38 	.globl _enemy_update
                                     39 	.globl _enemy_draw
                                     40 ;--------------------------------------------------------
                                     41 ; special function registers
                                     42 ;--------------------------------------------------------
                                     43 	.area _HRAM
                                     44 ;--------------------------------------------------------
                                     45 ; ram data
                                     46 ;--------------------------------------------------------
                                     47 	.area _DATA
    00000000                         48 _enemies::
    00000000                         49 	.ds 64
                                     50 ;--------------------------------------------------------
                                     51 ; ram data
                                     52 ;--------------------------------------------------------
                                     53 	.area _INITIALIZED
    00000000                         54 _enemy_count::
    00000000                         55 	.ds 1
                                     56 ;--------------------------------------------------------
                                     57 ; absolute external ram data
                                     58 ;--------------------------------------------------------
                                     59 	.area _DABS (ABS)
                                     60 ;--------------------------------------------------------
                                     61 ; global & static initialisations
                                     62 ;--------------------------------------------------------
                                     63 	.area _HOME
                                     64 	.area _GSINIT
                                     65 	.area _GSFINAL
                                     66 	.area _GSINIT
                                     67 ;--------------------------------------------------------
                                     68 ; Home
                                     69 ;--------------------------------------------------------
                                     70 	.area _HOME
                                     71 ;src/enemy.c:146: void enemy_new(uint16_t x, uint16_t y, uint8_t type) NONBANKED {
                                     72 ;	---------------------------------
                                     73 ; Function enemy_new
                                     74 ; ---------------------------------
    00000000                         75 _enemy_new::
    00000000 E8 F5            [16]   76 	add	sp, #-11
    00000002 F8 09            [12]   77 	ldhl	sp,	#9
    00000004 7B               [ 4]   78 	ld	a, e
    00000005 22               [ 8]   79 	ld	(hl+), a
    00000006 72               [ 8]   80 	ld	(hl), d
    00000007 F8 07            [12]   81 	ldhl	sp,	#7
    00000009 79               [ 4]   82 	ld	a, c
    0000000A 22               [ 8]   83 	ld	(hl+), a
                                     84 ;src/enemy.c:150: for (uint8_t i = 0; i < ENEMY_MAX; i++) {
    0000000B 78               [ 4]   85 	ld	a, b
    0000000C 32               [ 8]   86 	ld	(hl-), a
    0000000D 2B               [ 8]   87 	dec	hl
    0000000E AF               [ 4]   88 	xor	a, a
    0000000F 32               [ 8]   89 	ld	(hl-), a
    00000010 77               [ 8]   90 	ld	(hl), a
    00000011                         91 00109$:
    00000011 F8 05            [12]   92 	ldhl	sp,	#5
    00000013 7E               [ 8]   93 	ld	a, (hl)
    00000014 D6 04            [ 8]   94 	sub	a, #0x04
    00000016 D2rDEr01         [16]   95 	jp	NC, 00111$
                                     96 ;src/enemy.c:151: if (!enemies[i].active) {
    00000019 4E               [ 8]   97 	ld	c, (hl)
    0000001A AF               [ 4]   98 	xor	a, a
    0000001B 69               [ 4]   99 	ld	l, c
    0000001C 67               [ 4]  100 	ld	h, a
    0000001D 29               [ 8]  101 	add	hl, hl
    0000001E 29               [ 8]  102 	add	hl, hl
    0000001F 29               [ 8]  103 	add	hl, hl
    00000020 29               [ 8]  104 	add	hl, hl
    00000021 11r00r00         [12]  105 	ld	de, #_enemies
    00000024 19               [ 8]  106 	add	hl, de
    00000025 01 0F 00         [12]  107 	ld	bc, #0x000f
    00000028 09               [ 8]  108 	add	hl, bc
    00000029 4E               [ 8]  109 	ld	c, (hl)
    0000002A CB 41            [ 8]  110 	bit	0, c
    0000002C C2rD6r01         [16]  111 	jp	NZ, 00110$
                                    112 ;src/enemy.c:155: switch (type) {
    0000002F F8 0D            [12]  113 	ldhl	sp,	#13
    00000031 7E               [ 8]  114 	ld	a, (hl)
    00000032 B7               [ 4]  115 	or	a, a
    00000033 3E 01            [ 8]  116 	ld	a, #0x01
    00000035 28 01            [12]  117 	jr	Z, 00156$
    00000037 AF               [ 4]  118 	xor	a, a
    00000038                        119 00156$:
    00000038 4F               [ 4]  120 	ld	c, a
    00000039 F8 00            [12]  121 	ldhl	sp,	#0
    0000003B 36 00            [12]  122 	ld	(hl), #0x00
                                    123 ;src/enemy.c:159: y -= 8;
    0000003D F8 07            [12]  124 	ldhl	sp,	#7
    0000003F 2A               [ 8]  125 	ld	a, (hl+)
    00000040 46               [ 8]  126 	ld	b, (hl)
    00000041 C6 F8            [ 8]  127 	add	a, #0xf8
    00000043 5F               [ 4]  128 	ld	e, a
    00000044 78               [ 4]  129 	ld	a, b
    00000045 CE FF            [ 8]  130 	adc	a, #0xff
    00000047 47               [ 4]  131 	ld	b, a
                                    132 ;src/enemy.c:155: switch (type) {
    00000048 79               [ 4]  133 	ld	a, c
    00000049 B7               [ 4]  134 	or	a, a
    0000004A 20 0F            [12]  135 	jr	NZ, 00101$
    0000004C F8 0D            [12]  136 	ldhl	sp,	#13
    0000004E 7E               [ 8]  137 	ld	a, (hl)
    0000004F 3D               [ 4]  138 	dec	a
    00000050 28 14            [12]  139 	jr	Z, 00102$
    00000052 F8 0D            [12]  140 	ldhl	sp,	#13
    00000054 7E               [ 8]  141 	ld	a, (hl)
    00000055 D6 02            [ 8]  142 	sub	a, #0x02
    00000057 28 18            [12]  143 	jr	Z, 00103$
    00000059 18 1F            [12]  144 	jr	00104$
                                    145 ;src/enemy.c:156: case ENEMY_GOOMBO:
    0000005B                        146 00101$:
                                    147 ;src/enemy.c:157: current_frame = 0;
    0000005B F8 00            [12]  148 	ldhl	sp,	#0
    0000005D 36 00            [12]  149 	ld	(hl), #0x00
                                    150 ;src/enemy.c:159: y -= 8;
    0000005F F8 07            [12]  151 	ldhl	sp,	#7
    00000061 7B               [ 4]  152 	ld	a, e
    00000062 22               [ 8]  153 	ld	(hl+), a
    00000063 70               [ 8]  154 	ld	(hl), b
                                    155 ;src/enemy.c:160: break;
    00000064 18 14            [12]  156 	jr	00104$
                                    157 ;src/enemy.c:161: case ENEMY_KOOPA:
    00000066                        158 00102$:
                                    159 ;src/enemy.c:162: current_frame = 1;
    00000066 F8 00            [12]  160 	ldhl	sp,	#0
    00000068 36 01            [12]  161 	ld	(hl), #0x01
                                    162 ;src/enemy.c:164: y -= 8;
    0000006A F8 07            [12]  163 	ldhl	sp,	#7
    0000006C 7B               [ 4]  164 	ld	a, e
    0000006D 22               [ 8]  165 	ld	(hl+), a
    0000006E 70               [ 8]  166 	ld	(hl), b
                                    167 ;src/enemy.c:165: break;
    0000006F 18 09            [12]  168 	jr	00104$
                                    169 ;src/enemy.c:166: case ENEMY_FLY:
    00000071                        170 00103$:
                                    171 ;src/enemy.c:167: current_frame = 0;
    00000071 F8 00            [12]  172 	ldhl	sp,	#0
    00000073 36 00            [12]  173 	ld	(hl), #0x00
                                    174 ;src/enemy.c:169: y -= 8;
    00000075 F8 07            [12]  175 	ldhl	sp,	#7
    00000077 7B               [ 4]  176 	ld	a, e
    00000078 22               [ 8]  177 	ld	(hl+), a
    00000079 70               [ 8]  178 	ld	(hl), b
                                    179 ;src/enemy.c:171: }
    0000007A                        180 00104$:
                                    181 ;src/enemy.c:173: enemies[i].x = x << 4;
    0000007A F8 06            [12]  182 	ldhl	sp,	#6
    0000007C 3A               [ 8]  183 	ld	a, (hl-)
    0000007D 22               [ 8]  184 	ld	(hl+), a
    0000007E 36 00            [12]  185 	ld	(hl), #0x00
    00000080 3E 04            [ 8]  186 	ld	a, #0x04
    00000082                        187 00159$:
    00000082 F8 05            [12]  188 	ldhl	sp,	#5
    00000084 CB 26            [16]  189 	sla	(hl)
    00000086 23               [ 8]  190 	inc	hl
    00000087 CB 16            [16]  191 	rl	(hl)
    00000089 3D               [ 4]  192 	dec	a
    0000008A 20 F6            [12]  193 	jr	NZ, 00159$
    0000008C 2B               [ 8]  194 	dec	hl
    0000008D 2A               [ 8]  195 	ld	a, (hl+)
    0000008E 5F               [ 4]  196 	ld	e, a
    0000008F 56               [ 8]  197 	ld	d, (hl)
    00000090 21r00r00         [12]  198 	ld	hl, #_enemies
    00000093 19               [ 8]  199 	add	hl, de
    00000094 E5               [16]  200 	push	hl
    00000095 7D               [ 4]  201 	ld	a, l
    00000096 F8 03            [12]  202 	ldhl	sp,	#3
    00000098 77               [ 8]  203 	ld	(hl), a
    00000099 E1               [12]  204 	pop	hl
    0000009A 7C               [ 4]  205 	ld	a, h
    0000009B F8 02            [12]  206 	ldhl	sp,	#2
    0000009D 77               [ 8]  207 	ld	(hl), a
    0000009E F8 09            [12]  208 	ldhl	sp,	#9
    000000A0 7E               [ 8]  209 	ld	a, (hl)
    000000A1 F8 05            [12]  210 	ldhl	sp,	#5
    000000A3 77               [ 8]  211 	ld	(hl), a
    000000A4 F8 0A            [12]  212 	ldhl	sp,	#10
    000000A6 7E               [ 8]  213 	ld	a, (hl)
    000000A7 F8 06            [12]  214 	ldhl	sp,	#6
    000000A9 77               [ 8]  215 	ld	(hl), a
    000000AA 3E 04            [ 8]  216 	ld	a, #0x04
    000000AC                        217 00160$:
    000000AC F8 05            [12]  218 	ldhl	sp,	#5
    000000AE CB 26            [16]  219 	sla	(hl)
    000000B0 23               [ 8]  220 	inc	hl
    000000B1 CB 16            [16]  221 	rl	(hl)
    000000B3 3D               [ 4]  222 	dec	a
    000000B4 20 F6            [12]  223 	jr	NZ, 00160$
    000000B6 F8 01            [12]  224 	ldhl	sp,	#1
    000000B8 2A               [ 8]  225 	ld	a, (hl+)
    000000B9 5F               [ 4]  226 	ld	e, a
    000000BA 56               [ 8]  227 	ld	d, (hl)
    000000BB F8 05            [12]  228 	ldhl	sp,	#5
    000000BD 2A               [ 8]  229 	ld	a, (hl+)
    000000BE 12               [ 8]  230 	ld	(de), a
    000000BF 13               [ 8]  231 	inc	de
    000000C0 7E               [ 8]  232 	ld	a, (hl)
    000000C1 12               [ 8]  233 	ld	(de), a
                                    234 ;src/enemy.c:174: enemies[i].y = y << 4;
    000000C2 F8 01            [12]  235 	ldhl	sp,#1
    000000C4 2A               [ 8]  236 	ld	a, (hl+)
    000000C5 5F               [ 4]  237 	ld	e, a
    000000C6 56               [ 8]  238 	ld	d, (hl)
    000000C7 21 02 00         [12]  239 	ld	hl, #0x0002
    000000CA 19               [ 8]  240 	add	hl, de
    000000CB E5               [16]  241 	push	hl
    000000CC 7D               [ 4]  242 	ld	a, l
    000000CD F8 05            [12]  243 	ldhl	sp,	#5
    000000CF 77               [ 8]  244 	ld	(hl), a
    000000D0 E1               [12]  245 	pop	hl
    000000D1 7C               [ 4]  246 	ld	a, h
    000000D2 F8 04            [12]  247 	ldhl	sp,	#4
    000000D4 77               [ 8]  248 	ld	(hl), a
    000000D5 F8 07            [12]  249 	ldhl	sp,	#7
    000000D7 3A               [ 8]  250 	ld	a, (hl-)
    000000D8 2B               [ 8]  251 	dec	hl
    000000D9 77               [ 8]  252 	ld	(hl), a
    000000DA F8 08            [12]  253 	ldhl	sp,	#8
    000000DC 3A               [ 8]  254 	ld	a, (hl-)
    000000DD 2B               [ 8]  255 	dec	hl
    000000DE 77               [ 8]  256 	ld	(hl), a
    000000DF 3E 04            [ 8]  257 	ld	a, #0x04
    000000E1                        258 00161$:
    000000E1 F8 05            [12]  259 	ldhl	sp,	#5
    000000E3 CB 26            [16]  260 	sla	(hl)
    000000E5 23               [ 8]  261 	inc	hl
    000000E6 CB 16            [16]  262 	rl	(hl)
    000000E8 3D               [ 4]  263 	dec	a
    000000E9 20 F6            [12]  264 	jr	NZ, 00161$
    000000EB F8 03            [12]  265 	ldhl	sp,	#3
    000000ED 2A               [ 8]  266 	ld	a, (hl+)
    000000EE 5F               [ 4]  267 	ld	e, a
    000000EF 2A               [ 8]  268 	ld	a, (hl+)
    000000F0 57               [ 4]  269 	ld	d, a
    000000F1 2A               [ 8]  270 	ld	a, (hl+)
    000000F2 12               [ 8]  271 	ld	(de), a
    000000F3 13               [ 8]  272 	inc	de
    000000F4 7E               [ 8]  273 	ld	a, (hl)
    000000F5 12               [ 8]  274 	ld	(de), a
                                    275 ;src/enemy.c:175: enemies[i].vel_x = vel_x;
    000000F6 F8 01            [12]  276 	ldhl	sp,#1
    000000F8 2A               [ 8]  277 	ld	a, (hl+)
    000000F9 5F               [ 4]  278 	ld	e, a
    000000FA 56               [ 8]  279 	ld	d, (hl)
    000000FB 21 06 00         [12]  280 	ld	hl, #0x0006
    000000FE 19               [ 8]  281 	add	hl, de
    000000FF E5               [16]  282 	push	hl
    00000100 7D               [ 4]  283 	ld	a, l
    00000101 F8 07            [12]  284 	ldhl	sp,	#7
    00000103 77               [ 8]  285 	ld	(hl), a
    00000104 E1               [12]  286 	pop	hl
    00000105 7C               [ 4]  287 	ld	a, h
    00000106 F8 06            [12]  288 	ldhl	sp,	#6
    00000108 32               [ 8]  289 	ld	(hl-), a
    00000109 2A               [ 8]  290 	ld	a, (hl+)
    0000010A 66               [ 8]  291 	ld	h, (hl)
    0000010B 6F               [ 4]  292 	ld	l, a
    0000010C 36 00            [12]  293 	ld	(hl), #0x00
                                    294 ;src/enemy.c:176: enemies[i].vel_y = 0;
    0000010E F8 01            [12]  295 	ldhl	sp,#1
    00000110 2A               [ 8]  296 	ld	a, (hl+)
    00000111 5F               [ 4]  297 	ld	e, a
    00000112 56               [ 8]  298 	ld	d, (hl)
    00000113 21 07 00         [12]  299 	ld	hl, #0x0007
    00000116 19               [ 8]  300 	add	hl, de
    00000117 E5               [16]  301 	push	hl
    00000118 7D               [ 4]  302 	ld	a, l
    00000119 F8 07            [12]  303 	ldhl	sp,	#7
    0000011B 77               [ 8]  304 	ld	(hl), a
    0000011C E1               [12]  305 	pop	hl
    0000011D 7C               [ 4]  306 	ld	a, h
    0000011E F8 06            [12]  307 	ldhl	sp,	#6
    00000120 32               [ 8]  308 	ld	(hl-), a
    00000121 2A               [ 8]  309 	ld	a, (hl+)
    00000122 66               [ 8]  310 	ld	h, (hl)
    00000123 6F               [ 4]  311 	ld	l, a
    00000124 36 00            [12]  312 	ld	(hl), #0x00
                                    313 ;src/enemy.c:177: enemies[i].type = type;
    00000126 F8 01            [12]  314 	ldhl	sp,#1
    00000128 2A               [ 8]  315 	ld	a, (hl+)
    00000129 5F               [ 4]  316 	ld	e, a
    0000012A 56               [ 8]  317 	ld	d, (hl)
    0000012B 21 08 00         [12]  318 	ld	hl, #0x0008
    0000012E 19               [ 8]  319 	add	hl, de
    0000012F E5               [16]  320 	push	hl
    00000130 7D               [ 4]  321 	ld	a, l
    00000131 F8 07            [12]  322 	ldhl	sp,	#7
    00000133 77               [ 8]  323 	ld	(hl), a
    00000134 E1               [12]  324 	pop	hl
    00000135 7C               [ 4]  325 	ld	a, h
    00000136 F8 06            [12]  326 	ldhl	sp,	#6
    00000138 32               [ 8]  327 	ld	(hl-), a
    00000139 2A               [ 8]  328 	ld	a, (hl+)
    0000013A 5F               [ 4]  329 	ld	e, a
    0000013B 56               [ 8]  330 	ld	d, (hl)
    0000013C F8 0D            [12]  331 	ldhl	sp,	#13
    0000013E 7E               [ 8]  332 	ld	a, (hl)
    0000013F 12               [ 8]  333 	ld	(de), a
                                    334 ;src/enemy.c:178: enemies[i].frame_counter = 0;
    00000140 F8 01            [12]  335 	ldhl	sp,#1
    00000142 2A               [ 8]  336 	ld	a, (hl+)
    00000143 5F               [ 4]  337 	ld	e, a
    00000144 56               [ 8]  338 	ld	d, (hl)
    00000145 21 09 00         [12]  339 	ld	hl, #0x0009
    00000148 19               [ 8]  340 	add	hl, de
    00000149 E5               [16]  341 	push	hl
    0000014A 7D               [ 4]  342 	ld	a, l
    0000014B F8 07            [12]  343 	ldhl	sp,	#7
    0000014D 77               [ 8]  344 	ld	(hl), a
    0000014E E1               [12]  345 	pop	hl
    0000014F 7C               [ 4]  346 	ld	a, h
    00000150 F8 06            [12]  347 	ldhl	sp,	#6
    00000152 32               [ 8]  348 	ld	(hl-), a
    00000153 2A               [ 8]  349 	ld	a, (hl+)
    00000154 66               [ 8]  350 	ld	h, (hl)
    00000155 6F               [ 4]  351 	ld	l, a
    00000156 36 00            [12]  352 	ld	(hl), #0x00
                                    353 ;src/enemy.c:179: enemies[i].current_frame = current_frame;
    00000158 F8 01            [12]  354 	ldhl	sp,#1
    0000015A 2A               [ 8]  355 	ld	a, (hl+)
    0000015B 5F               [ 4]  356 	ld	e, a
    0000015C 56               [ 8]  357 	ld	d, (hl)
    0000015D 21 0A 00         [12]  358 	ld	hl, #0x000a
    00000160 19               [ 8]  359 	add	hl, de
    00000161 E5               [16]  360 	push	hl
    00000162 7D               [ 4]  361 	ld	a, l
    00000163 F8 07            [12]  362 	ldhl	sp,	#7
    00000165 77               [ 8]  363 	ld	(hl), a
    00000166 E1               [12]  364 	pop	hl
    00000167 7C               [ 4]  365 	ld	a, h
    00000168 F8 06            [12]  366 	ldhl	sp,	#6
    0000016A 32               [ 8]  367 	ld	(hl-), a
    0000016B 2A               [ 8]  368 	ld	a, (hl+)
    0000016C 5F               [ 4]  369 	ld	e, a
    0000016D 56               [ 8]  370 	ld	d, (hl)
    0000016E F8 00            [12]  371 	ldhl	sp,	#0
                                    372 ;src/enemy.c:180: enemies[i].flip = FALSE;
    00000170 2A               [ 8]  373 	ld	a, (hl+)
    00000171 12               [ 8]  374 	ld	(de), a
    00000172 2A               [ 8]  375 	ld	a, (hl+)
    00000173 5F               [ 4]  376 	ld	e, a
    00000174 56               [ 8]  377 	ld	d, (hl)
    00000175 21 0C 00         [12]  378 	ld	hl, #0x000c
    00000178 19               [ 8]  379 	add	hl, de
    00000179 E5               [16]  380 	push	hl
    0000017A 7D               [ 4]  381 	ld	a, l
    0000017B F8 07            [12]  382 	ldhl	sp,	#7
    0000017D 77               [ 8]  383 	ld	(hl), a
    0000017E E1               [12]  384 	pop	hl
    0000017F 7C               [ 4]  385 	ld	a, h
    00000180 F8 06            [12]  386 	ldhl	sp,	#6
    00000182 32               [ 8]  387 	ld	(hl-), a
    00000183 2A               [ 8]  388 	ld	a, (hl+)
    00000184 66               [ 8]  389 	ld	h, (hl)
    00000185 6F               [ 4]  390 	ld	l, a
    00000186 36 00            [12]  391 	ld	(hl), #0x00
                                    392 ;src/enemy.c:181: enemies[i].stomped = FALSE;
    00000188 F8 01            [12]  393 	ldhl	sp,#1
    0000018A 2A               [ 8]  394 	ld	a, (hl+)
    0000018B 5F               [ 4]  395 	ld	e, a
    0000018C 56               [ 8]  396 	ld	d, (hl)
    0000018D 21 0D 00         [12]  397 	ld	hl, #0x000d
    00000190 19               [ 8]  398 	add	hl, de
    00000191 E5               [16]  399 	push	hl
    00000192 7D               [ 4]  400 	ld	a, l
    00000193 F8 07            [12]  401 	ldhl	sp,	#7
    00000195 77               [ 8]  402 	ld	(hl), a
    00000196 E1               [12]  403 	pop	hl
    00000197 7C               [ 4]  404 	ld	a, h
    00000198 F8 06            [12]  405 	ldhl	sp,	#6
    0000019A 32               [ 8]  406 	ld	(hl-), a
    0000019B 2A               [ 8]  407 	ld	a, (hl+)
    0000019C 66               [ 8]  408 	ld	h, (hl)
    0000019D 6F               [ 4]  409 	ld	l, a
    0000019E 36 00            [12]  410 	ld	(hl), #0x00
                                    411 ;src/enemy.c:182: enemies[i].stomped_timer = 0;
    000001A0 F8 01            [12]  412 	ldhl	sp,#1
    000001A2 2A               [ 8]  413 	ld	a, (hl+)
    000001A3 5F               [ 4]  414 	ld	e, a
    000001A4 56               [ 8]  415 	ld	d, (hl)
    000001A5 21 0E 00         [12]  416 	ld	hl, #0x000e
    000001A8 19               [ 8]  417 	add	hl, de
    000001A9 E5               [16]  418 	push	hl
    000001AA 7D               [ 4]  419 	ld	a, l
    000001AB F8 07            [12]  420 	ldhl	sp,	#7
    000001AD 77               [ 8]  421 	ld	(hl), a
    000001AE E1               [12]  422 	pop	hl
    000001AF 7C               [ 4]  423 	ld	a, h
    000001B0 F8 06            [12]  424 	ldhl	sp,	#6
    000001B2 32               [ 8]  425 	ld	(hl-), a
    000001B3 2A               [ 8]  426 	ld	a, (hl+)
    000001B4 66               [ 8]  427 	ld	h, (hl)
    000001B5 6F               [ 4]  428 	ld	l, a
    000001B6 36 00            [12]  429 	ld	(hl), #0x00
                                    430 ;src/enemy.c:183: enemies[i].active = TRUE;
    000001B8 F8 01            [12]  431 	ldhl	sp,#1
    000001BA 2A               [ 8]  432 	ld	a, (hl+)
    000001BB 5F               [ 4]  433 	ld	e, a
    000001BC 56               [ 8]  434 	ld	d, (hl)
    000001BD 21 0F 00         [12]  435 	ld	hl, #0x000f
    000001C0 19               [ 8]  436 	add	hl, de
    000001C1 E5               [16]  437 	push	hl
    000001C2 7D               [ 4]  438 	ld	a, l
    000001C3 F8 07            [12]  439 	ldhl	sp,	#7
    000001C5 77               [ 8]  440 	ld	(hl), a
    000001C6 E1               [12]  441 	pop	hl
    000001C7 7C               [ 4]  442 	ld	a, h
    000001C8 F8 06            [12]  443 	ldhl	sp,	#6
    000001CA 32               [ 8]  444 	ld	(hl-), a
    000001CB 2A               [ 8]  445 	ld	a, (hl+)
    000001CC 66               [ 8]  446 	ld	h, (hl)
    000001CD 6F               [ 4]  447 	ld	l, a
    000001CE 36 01            [12]  448 	ld	(hl), #0x01
                                    449 ;src/enemy.c:185: enemy_count++;
    000001D0 21r00r00         [12]  450 	ld	hl, #_enemy_count
    000001D3 34               [12]  451 	inc	(hl)
                                    452 ;src/enemy.c:186: return;
    000001D4 18 08            [12]  453 	jr	00111$
    000001D6                        454 00110$:
                                    455 ;src/enemy.c:150: for (uint8_t i = 0; i < ENEMY_MAX; i++) {
    000001D6 F8 05            [12]  456 	ldhl	sp,	#5
    000001D8 34               [12]  457 	inc	(hl)
    000001D9 2A               [ 8]  458 	ld	a, (hl+)
    000001DA 77               [ 8]  459 	ld	(hl), a
    000001DB C3r11r00         [16]  460 	jp	00109$
    000001DE                        461 00111$:
                                    462 ;src/enemy.c:189: }
    000001DE E8 0B            [16]  463 	add	sp, #11
    000001E0 E1               [12]  464 	pop	hl
    000001E1 33               [ 8]  465 	inc	sp
    000001E2 E9               [ 4]  466 	jp	(hl)
                                    467 ;src/enemy.c:295: void enemy_remove(uint8_t index_enemy) NONBANKED {
                                    468 ;	---------------------------------
                                    469 ; Function enemy_remove
                                    470 ; ---------------------------------
    000001E3                        471 _enemy_remove::
                                    472 ;src/enemy.c:298: if (index_enemy < ENEMY_MAX && enemies[index_enemy].active) {
    000001E3 4F               [ 4]  473 	ld	c, a
    000001E4 D6 04            [ 8]  474 	sub	a, #0x04
    000001E6 D0               [20]  475 	ret	NC
    000001E7 11r00r00         [12]  476 	ld	de, #_enemies+0
    000001EA AF               [ 4]  477 	xor	a, a
    000001EB 69               [ 4]  478 	ld	l, c
    000001EC 67               [ 4]  479 	ld	h, a
    000001ED 29               [ 8]  480 	add	hl, hl
    000001EE 29               [ 8]  481 	add	hl, hl
    000001EF 29               [ 8]  482 	add	hl, hl
    000001F0 29               [ 8]  483 	add	hl, hl
    000001F1 19               [ 8]  484 	add	hl, de
    000001F2 01 0F 00         [12]  485 	ld	bc, #0x000f
    000001F5 09               [ 8]  486 	add	hl, bc
    000001F6 CB 46            [12]  487 	bit	0, (hl)
    000001F8 C8               [20]  488 	ret	Z
                                    489 ;src/enemy.c:299: enemies[index_enemy].active = FALSE;
    000001F9 36 00            [12]  490 	ld	(hl), #0x00
                                    491 ;src/enemy.c:300: enemy_count--;
    000001FB 21r00r00         [12]  492 	ld	hl, #_enemy_count
    000001FE 35               [12]  493 	dec	(hl)
                                    494 ;src/enemy.c:301: hide_sprites_range(1, MAX_HARDWARE_SPRITES);
    000001FF 1E 28            [ 8]  495 	ld	e, #0x28
    00000201 3E 01            [ 8]  496 	ld	a, #0x01
                                    497 ;src/enemy.c:303: }
    00000203 C3r00r00         [16]  498 	jp	_hide_sprites_range
                                    499 ;src/enemy.c:390: uint8_t enemy_draw(uint8_t base_sprite) NONBANKED {
                                    500 ;	---------------------------------
                                    501 ; Function enemy_draw
                                    502 ; ---------------------------------
    00000206                        503 _enemy_draw::
    00000206 E8 F8            [16]  504 	add	sp, #-8
    00000208 F8 06            [12]  505 	ldhl	sp,	#6
                                    506 ;src/enemy.c:393: for (uint8_t index_enemy = 0; index_enemy < ENEMY_MAX; index_enemy++) {
    0000020A 22               [ 8]  507 	ld	(hl+), a
    0000020B 36 00            [12]  508 	ld	(hl), #0x00
    0000020D                        509 00114$:
    0000020D F8 07            [12]  510 	ldhl	sp,	#7
    0000020F 7E               [ 8]  511 	ld	a, (hl)
    00000210 D6 04            [ 8]  512 	sub	a, #0x04
    00000212 D2r2Er03         [16]  513 	jp	NC, 00110$
                                    514 ;src/enemy.c:395: if (!enemies[index_enemy].active) {
    00000215 7E               [ 8]  515 	ld	a, (hl)
    00000216 F8 04            [12]  516 	ldhl	sp,	#4
    00000218 22               [ 8]  517 	ld	(hl+), a
    00000219 AF               [ 4]  518 	xor	a, a
    0000021A 32               [ 8]  519 	ld	(hl-), a
    0000021B 7E               [ 8]  520 	ld	a, (hl)
    0000021C F8 01            [12]  521 	ldhl	sp,	#1
    0000021E 22               [ 8]  522 	ld	(hl+), a
    0000021F 36 00            [12]  523 	ld	(hl), #0x00
    00000221 3E 04            [ 8]  524 	ld	a, #0x04
    00000223                        525 00153$:
    00000223 F8 01            [12]  526 	ldhl	sp,	#1
    00000225 CB 26            [16]  527 	sla	(hl)
    00000227 23               [ 8]  528 	inc	hl
    00000228 CB 16            [16]  529 	rl	(hl)
    0000022A 3D               [ 4]  530 	dec	a
    0000022B 20 F6            [12]  531 	jr	NZ, 00153$
    0000022D 2B               [ 8]  532 	dec	hl
    0000022E 2A               [ 8]  533 	ld	a, (hl+)
    0000022F 5F               [ 4]  534 	ld	e, a
    00000230 56               [ 8]  535 	ld	d, (hl)
    00000231 21r00r00         [12]  536 	ld	hl, #_enemies
    00000234 19               [ 8]  537 	add	hl, de
    00000235 E5               [16]  538 	push	hl
    00000236 7D               [ 4]  539 	ld	a, l
    00000237 F8 05            [12]  540 	ldhl	sp,	#5
    00000239 77               [ 8]  541 	ld	(hl), a
    0000023A E1               [12]  542 	pop	hl
    0000023B 7C               [ 4]  543 	ld	a, h
    0000023C F8 04            [12]  544 	ldhl	sp,	#4
    0000023E 32               [ 8]  545 	ld	(hl-), a
    0000023F 2A               [ 8]  546 	ld	a, (hl+)
    00000240 5F               [ 4]  547 	ld	e, a
    00000241 56               [ 8]  548 	ld	d, (hl)
    00000242 21 0F 00         [12]  549 	ld	hl, #0x000f
    00000245 19               [ 8]  550 	add	hl, de
    00000246 4D               [ 4]  551 	ld	c, l
    00000247 44               [ 4]  552 	ld	b, h
    00000248 0A               [ 8]  553 	ld	a, (bc)
    00000249 CB 47            [ 8]  554 	bit	0,a
    0000024B CAr28r03         [16]  555 	jp	Z, 00109$
                                    556 ;src/enemy.c:399: uint8_t draw_index = enemies[index_enemy].current_frame;
    0000024E F8 03            [12]  557 	ldhl	sp,#3
    00000250 2A               [ 8]  558 	ld	a, (hl+)
    00000251 5F               [ 4]  559 	ld	e, a
    00000252 56               [ 8]  560 	ld	d, (hl)
    00000253 21 0A 00         [12]  561 	ld	hl, #0x000a
    00000256 19               [ 8]  562 	add	hl, de
    00000257 4D               [ 4]  563 	ld	c, l
    00000258 44               [ 4]  564 	ld	b, h
    00000259 0A               [ 8]  565 	ld	a, (bc)
    0000025A F8 05            [12]  566 	ldhl	sp,	#5
    0000025C 77               [ 8]  567 	ld	(hl), a
                                    568 ;src/enemy.c:405: uint8_t _saved_bank = _current_bank;
    0000025D F0r00            [12]  569 	ldh	a, (__current_bank + 0)
    0000025F F8 00            [12]  570 	ldhl	sp,	#0
    00000261 77               [ 8]  571 	ld	(hl), a
                                    572 ;src/enemy.c:409: if (enemies[index_enemy].type == ENEMY_FLY) {
    00000262 F8 03            [12]  573 	ldhl	sp,#3
    00000264 2A               [ 8]  574 	ld	a, (hl+)
    00000265 5F               [ 4]  575 	ld	e, a
    00000266 56               [ 8]  576 	ld	d, (hl)
    00000267 21 08 00         [12]  577 	ld	hl, #0x0008
    0000026A 19               [ 8]  578 	add	hl, de
    0000026B 4D               [ 4]  579 	ld	c, l
    0000026C 44               [ 4]  580 	ld	b, h
    0000026D 0A               [ 8]  581 	ld	a, (bc)
    0000026E D6 02            [ 8]  582 	sub	a, #0x02
    00000270 20 10            [12]  583 	jr	NZ, 00104$
                                    584 ;src/enemy.c:410: SWITCH_ROM(BANK(enemiesBirabutoSprites));
    00000272 3Er00            [ 8]  585 	ld	a, #<(___bank_enemiesBirabutoSprites)
    00000274 E0r00            [12]  586 	ldh	(__current_bank + 0), a
    00000276 EAr00r00         [16]  587 	ld	(#_rROMB0),a
                                    588 ;src/enemy.c:411: metasprites = enemiesBirabutoSprites_metasprites;
    00000279 01r00r00         [12]  589 	ld	bc, #_enemiesBirabutoSprites_metasprites
                                    590 ;src/enemy.c:412: tile_origin = enemiesBirabutoSprites_TILE_ORIGIN;
    0000027C F8 01            [12]  591 	ldhl	sp,	#1
    0000027E 36 49            [12]  592 	ld	(hl), #0x49
    00000280 18 0E            [12]  593 	jr	00105$
    00000282                        594 00104$:
                                    595 ;src/enemy.c:414: SWITCH_ROM(BANK(enemiesBirabutoSprites));
    00000282 3Er00            [ 8]  596 	ld	a, #<(___bank_enemiesBirabutoSprites)
    00000284 E0r00            [12]  597 	ldh	(__current_bank + 0), a
    00000286 EAr00r00         [16]  598 	ld	(#_rROMB0),a
                                    599 ;src/enemy.c:415: metasprites = enemiesSprites_metasprites;
    00000289 01r00r00         [12]  600 	ld	bc, #_enemiesSprites_metasprites
                                    601 ;src/enemy.c:416: tile_origin = enemiesSprites_TILE_ORIGIN;
    0000028C F8 01            [12]  602 	ldhl	sp,	#1
    0000028E 36 35            [12]  603 	ld	(hl), #0x35
    00000290                        604 00105$:
                                    605 ;src/enemy.c:419: const metasprite_t *enemy_metasprite = metasprites[draw_index];
    00000290 F8 05            [12]  606 	ldhl	sp,	#5
    00000292 5E               [ 8]  607 	ld	e, (hl)
    00000293 16 00            [ 8]  608 	ld	d, #0x00
    00000295 6B               [ 4]  609 	ld	l, e
    00000296 62               [ 4]  610 	ld	h, d
    00000297 29               [ 8]  611 	add	hl, hl
    00000298 09               [ 8]  612 	add	hl, bc
    00000299 2A               [ 8]  613 	ld	a, (hl+)
    0000029A 4F               [ 4]  614 	ld	c, a
    0000029B 46               [ 8]  615 	ld	b, (hl)
                                    616 ;src/enemy.c:420: uint8_t draw_x = enemies[index_enemy].draw_x + DEVICE_SPRITE_PX_OFFSET_X + 4;
    0000029C F8 07            [12]  617 	ldhl	sp,	#7
    0000029E 5E               [ 8]  618 	ld	e, (hl)
    0000029F AF               [ 4]  619 	xor	a, a
    000002A0 6B               [ 4]  620 	ld	l, e
    000002A1 67               [ 4]  621 	ld	h, a
    000002A2 29               [ 8]  622 	add	hl, hl
    000002A3 29               [ 8]  623 	add	hl, hl
    000002A4 29               [ 8]  624 	add	hl, hl
    000002A5 29               [ 8]  625 	add	hl, hl
    000002A6 7D               [ 4]  626 	ld	a, l
    000002A7 C6r00            [ 8]  627 	add	a, #<(_enemies)
    000002A9 5F               [ 4]  628 	ld	e, a
    000002AA 7C               [ 4]  629 	ld	a, h
    000002AB CEs00            [ 8]  630 	adc	a, #>(_enemies)
    000002AD 57               [ 4]  631 	ld	d, a
    000002AE 21 04 00         [12]  632 	ld	hl, #0x0004
    000002B1 19               [ 8]  633 	add	hl, de
    000002B2 7E               [ 8]  634 	ld	a, (hl)
    000002B3 C6 0C            [ 8]  635 	add	a, #0x0c
    000002B5 F8 02            [12]  636 	ldhl	sp,	#2
    000002B7 77               [ 8]  637 	ld	(hl), a
                                    638 ;src/enemy.c:421: uint8_t draw_y = enemies[index_enemy].draw_y + DEVICE_SPRITE_PX_OFFSET_Y + enemiesSprites_HEIGHT + 8;
    000002B8 21 05 00         [12]  639 	ld	hl, #0x0005
    000002BB 19               [ 8]  640 	add	hl, de
    000002BC 7E               [ 8]  641 	ld	a, (hl)
    000002BD C6 28            [ 8]  642 	add	a, #0x28
    000002BF F8 03            [12]  643 	ldhl	sp,	#3
    000002C1 77               [ 8]  644 	ld	(hl), a
                                    645 ;src/enemy.c:423: if (enemies[index_enemy].flip) {
    000002C2 21 0C 00         [12]  646 	ld	hl, #0x000c
    000002C5 19               [ 8]  647 	add	hl, de
    000002C6 56               [ 8]  648 	ld	d, (hl)
                                    649 ;/home/odrevet/projects/gbdk/include/gb/metasprites.h:200: __current_metasprite = metasprite;
    000002C7 F8 04            [12]  650 	ldhl	sp,	#4
    000002C9 79               [ 4]  651 	ld	a, c
    000002CA 22               [ 8]  652 	ld	(hl+), a
                                    653 ;/home/odrevet/projects/gbdk/include/gb/metasprites.h:203: return __move_metasprite_flipx(base_sprite, (y << 8) | (uint8_t)(x - 8u));
    000002CB 78               [ 4]  654 	ld	a, b
    000002CC 32               [ 8]  655 	ld	(hl-), a
    000002CD 2B               [ 8]  656 	dec	hl
    000002CE 4E               [ 8]  657 	ld	c, (hl)
                                    658 ;src/enemy.c:423: if (enemies[index_enemy].flip) {
    000002CF CB 42            [ 8]  659 	bit	0, d
    000002D1 28 28            [12]  660 	jr	Z, 00107$
                                    661 ;/home/odrevet/projects/gbdk/include/gb/metasprites.h:200: __current_metasprite = metasprite;
    000002D3 23               [ 8]  662 	inc	hl
    000002D4 7E               [ 8]  663 	ld	a, (hl)
    000002D5 EAr00r00         [16]  664 	ld	(#___current_metasprite),a
    000002D8 F8 05            [12]  665 	ldhl	sp,	#5
    000002DA 7E               [ 8]  666 	ld	a, (hl)
    000002DB EAr01r00         [16]  667 	ld	(#___current_metasprite + 1),a
                                    668 ;/home/odrevet/projects/gbdk/include/gb/metasprites.h:201: __current_base_tile = base_tile;
    000002DE F8 01            [12]  669 	ldhl	sp,	#1
    000002E0 7E               [ 8]  670 	ld	a, (hl)
    000002E1 EAr00r00         [16]  671 	ld	(#___current_base_tile),a
                                    672 ;/home/odrevet/projects/gbdk/include/gb/metasprites.h:202: __current_base_prop = base_prop;
    000002E4 AF               [ 4]  673 	xor	a, a
    000002E5 EAr00r00         [16]  674 	ld	(#___current_base_prop),a
                                    675 ;/home/odrevet/projects/gbdk/include/gb/metasprites.h:203: return __move_metasprite_flipx(base_sprite, (y << 8) | (uint8_t)(x - 8u));
    000002E8 F8 02            [12]  676 	ldhl	sp,	#2
    000002EA 7E               [ 8]  677 	ld	a, (hl)
    000002EB C6 F8            [ 8]  678 	add	a, #0xf8
    000002ED 51               [ 4]  679 	ld	d, c
    000002EE 5F               [ 4]  680 	ld	e, a
    000002EF F8 06            [12]  681 	ldhl	sp,	#6
    000002F1 7E               [ 8]  682 	ld	a, (hl)
    000002F2 CDr00r00         [24]  683 	call	___move_metasprite_flipx
                                    684 ;src/enemy.c:424: base_sprite += move_metasprite_flipx(enemy_metasprite, tile_origin, 0, base_sprite, draw_x, draw_y);
    000002F5 F8 06            [12]  685 	ldhl	sp,	#6
    000002F7 86               [ 8]  686 	add	a, (hl)
    000002F8 77               [ 8]  687 	ld	(hl), a
    000002F9 18 24            [12]  688 	jr	00108$
    000002FB                        689 00107$:
                                    690 ;/home/odrevet/projects/gbdk/include/gb/metasprites.h:160: __current_metasprite = metasprite;
    000002FB F8 04            [12]  691 	ldhl	sp,	#4
    000002FD 7E               [ 8]  692 	ld	a, (hl)
    000002FE EAr00r00         [16]  693 	ld	(#___current_metasprite),a
    00000301 F8 05            [12]  694 	ldhl	sp,	#5
    00000303 7E               [ 8]  695 	ld	a, (hl)
    00000304 EAr01r00         [16]  696 	ld	(#___current_metasprite + 1),a
                                    697 ;/home/odrevet/projects/gbdk/include/gb/metasprites.h:161: __current_base_tile = base_tile;
    00000307 F8 01            [12]  698 	ldhl	sp,	#1
    00000309 7E               [ 8]  699 	ld	a, (hl)
    0000030A EAr00r00         [16]  700 	ld	(#___current_base_tile),a
                                    701 ;/home/odrevet/projects/gbdk/include/gb/metasprites.h:162: __current_base_prop = base_prop;
    0000030D AF               [ 4]  702 	xor	a, a
    0000030E EAr00r00         [16]  703 	ld	(#___current_base_prop),a
                                    704 ;/home/odrevet/projects/gbdk/include/gb/metasprites.h:163: return __move_metasprite(base_sprite, (y << 8) | (uint8_t)x);
    00000311 F8 02            [12]  705 	ldhl	sp,	#2
    00000313 5E               [ 8]  706 	ld	e, (hl)
    00000314 51               [ 4]  707 	ld	d, c
    00000315 F8 06            [12]  708 	ldhl	sp,	#6
    00000317 7E               [ 8]  709 	ld	a, (hl)
    00000318 CDr00r00         [24]  710 	call	___move_metasprite
                                    711 ;src/enemy.c:426: base_sprite += move_metasprite_ex(enemy_metasprite, tile_origin, 0, base_sprite, draw_x, draw_y);
    0000031B F8 06            [12]  712 	ldhl	sp,	#6
    0000031D 86               [ 8]  713 	add	a, (hl)
    0000031E 77               [ 8]  714 	ld	(hl), a
    0000031F                        715 00108$:
                                    716 ;src/enemy.c:429: SWITCH_ROM(_saved_bank);
    0000031F F8 00            [12]  717 	ldhl	sp,	#0
    00000321 7E               [ 8]  718 	ld	a, (hl)
    00000322 E0r00            [12]  719 	ldh	(__current_bank + 0), a
    00000324 7E               [ 8]  720 	ld	a, (hl)
    00000325 EAr00r00         [16]  721 	ld	(#_rROMB0),a
    00000328                        722 00109$:
                                    723 ;src/enemy.c:393: for (uint8_t index_enemy = 0; index_enemy < ENEMY_MAX; index_enemy++) {
    00000328 F8 07            [12]  724 	ldhl	sp,	#7
    0000032A 34               [12]  725 	inc	(hl)
    0000032B C3r0Dr02         [16]  726 	jp	00114$
    0000032E                        727 00110$:
                                    728 ;src/enemy.c:433: return base_sprite;
    0000032E F8 06            [12]  729 	ldhl	sp,	#6
    00000330 7E               [ 8]  730 	ld	a, (hl)
                                    731 ;src/enemy.c:434: }
    00000331 E8 08            [16]  732 	add	sp, #8
    00000333 C9               [16]  733 	ret
                                    734 	.area _HOME
                                    735 ;--------------------------------------------------------
                                    736 ; code
                                    737 ;--------------------------------------------------------
                                    738 	.area _CODE_255
                                    739 ;src/enemy.c:11: BANKREF(enemy)
                                    740 ;	---------------------------------
                                    741 ; Function __func_enemy
                                    742 ; ---------------------------------
                         000000FF   743 	b___func_enemy	= 255
    00000000                        744 ___func_enemy::
                                    745 	.local b___func_enemy 
                         000000FF   746 	___bank_enemy = b___func_enemy 
                                    747 	.globl ___bank_enemy 
                                    748 ;src/enemy.c:25: uint8_t enemy_has_ground(enemy_t *enemy) BANKED {
                                    749 ;	---------------------------------
                                    750 ; Function enemy_has_ground
                                    751 ; ---------------------------------
                         000000FF   752 	b_enemy_has_ground	= 255
    00000000                        753 _enemy_has_ground::
                                    754 ;src/enemy.c:26: uint16_t ground_check_x = enemy->x >> 4;
    00000000 F8 06            [12]  755 	ldhl	sp,#6
    00000002 2A               [ 8]  756 	ld	a, (hl+)
    00000003 5F               [ 4]  757 	ld	e, a
    00000004 56               [ 8]  758 	ld	d, (hl)
    00000005 1A               [ 8]  759 	ld	a, (de)
    00000006 4F               [ 4]  760 	ld	c, a
    00000007 13               [ 8]  761 	inc	de
    00000008 1A               [ 8]  762 	ld	a, (de)
    00000009 47               [ 4]  763 	ld	b, a
    0000000A CB 38            [ 8]  764 	srl	b
    0000000C CB 19            [ 8]  765 	rr	c
    0000000E CB 38            [ 8]  766 	srl	b
    00000010 CB 19            [ 8]  767 	rr	c
    00000012 CB 38            [ 8]  768 	srl	b
    00000014 CB 19            [ 8]  769 	rr	c
    00000016 CB 38            [ 8]  770 	srl	b
    00000018 CB 19            [ 8]  771 	rr	c
                                    772 ;src/enemy.c:27: uint16_t ground_check_y = (enemy->y >> 4) + ENEMY_HEIGHT;
    0000001A 3A               [ 8]  773 	ld	a, (hl-)
    0000001B 6E               [ 8]  774 	ld	l, (hl)
    0000001C 67               [ 4]  775 	ld	h, a
    0000001D 23               [ 8]  776 	inc	hl
    0000001E 23               [ 8]  777 	inc	hl
    0000001F 2A               [ 8]  778 	ld	a,	(hl+)
    00000020 66               [ 8]  779 	ld	h, (hl)
    00000021 6F               [ 4]  780 	ld	l, a
    00000022 CB 3C            [ 8]  781 	srl	h
    00000024 CB 1D            [ 8]  782 	rr	l
    00000026 CB 3C            [ 8]  783 	srl	h
    00000028 CB 1D            [ 8]  784 	rr	l
    0000002A CB 3C            [ 8]  785 	srl	h
    0000002C CB 1D            [ 8]  786 	rr	l
    0000002E CB 3C            [ 8]  787 	srl	h
    00000030 CB 1D            [ 8]  788 	rr	l
    00000032 7D               [ 4]  789 	ld	a, l
    00000033 C6 10            [ 8]  790 	add	a, #0x10
    00000035 5F               [ 4]  791 	ld	e, a
                                    792 ;src/enemy.c:29: uint8_t tile_ground_left = get_tile(ground_check_x - camera_x, ground_check_y);
    00000036 51               [ 4]  793 	ld	d, c
    00000037 FAr00r00         [16]  794 	ld	a, (_camera_x)
    0000003A 4F               [ 4]  795 	ld	c, a
    0000003B 7A               [ 4]  796 	ld	a, d
    0000003C 91               [ 4]  797 	sub	a, c
    0000003D D5               [16]  798 	push	de
    0000003E CDr00r00         [24]  799 	call	_get_tile
    00000041 4F               [ 4]  800 	ld	c, a
    00000042 D1               [12]  801 	pop	de
                                    802 ;src/enemy.c:30: uint8_t tile_ground_right = get_tile(ground_check_x + ENEMY_WIDTH - 1 - camera_x, ground_check_y);
    00000043 7A               [ 4]  803 	ld	a, d
    00000044 C6 07            [ 8]  804 	add	a, #0x07
    00000046 21r00r00         [12]  805 	ld	hl, #_camera_x
    00000049 46               [ 8]  806 	ld	b, (hl)
    0000004A 90               [ 4]  807 	sub	a, b
    0000004B C5               [16]  808 	push	bc
    0000004C CDr00r00         [24]  809 	call	_get_tile
    0000004F 5F               [ 4]  810 	ld	e, a
    00000050 C1               [12]  811 	pop	bc
                                    812 ;src/enemy.c:32: return is_tile_solid(tile_ground_left) || is_tile_solid(tile_ground_right);
    00000051 D5               [16]  813 	push	de
    00000052 79               [ 4]  814 	ld	a, c
    00000053 CDr00r00         [24]  815 	call	_is_tile_solid
    00000056 4F               [ 4]  816 	ld	c, a
    00000057 D1               [12]  817 	pop	de
    00000058 CB 41            [ 8]  818 	bit	0, c
    0000005A 20 0A            [12]  819 	jr	NZ, 00104$
    0000005C 7B               [ 4]  820 	ld	a, e
    0000005D CDr00r00         [24]  821 	call	_is_tile_solid
    00000060 CB 47            [ 8]  822 	bit	0,a
    00000062 20 02            [12]  823 	jr	NZ, 00104$
    00000064 AF               [ 4]  824 	xor	a, a
    00000065 C9               [16]  825 	ret
    00000066                        826 00104$:
    00000066 3E 01            [ 8]  827 	ld	a, #0x01
                                    828 ;src/enemy.c:33: }
    00000068 C9               [16]  829 	ret
                                    830 ;src/enemy.c:36: uint8_t enemy_has_ground_ahead(enemy_t *enemy, int8_t vel_x) BANKED {
                                    831 ;	---------------------------------
                                    832 ; Function enemy_has_ground_ahead
                                    833 ; ---------------------------------
                         000000FF   834 	b_enemy_has_ground_ahead	= 255
    00000069                        835 _enemy_has_ground_ahead::
    00000069 3B               [ 8]  836 	dec	sp
                                    837 ;src/enemy.c:37: uint16_t current_x = enemy->x >> 4;
    0000006A F8 07            [12]  838 	ldhl	sp,#7
    0000006C 2A               [ 8]  839 	ld	a, (hl+)
    0000006D 5F               [ 4]  840 	ld	e, a
    0000006E 56               [ 8]  841 	ld	d, (hl)
    0000006F 1A               [ 8]  842 	ld	a, (de)
    00000070 4F               [ 4]  843 	ld	c, a
    00000071 13               [ 8]  844 	inc	de
    00000072 1A               [ 8]  845 	ld	a, (de)
    00000073 47               [ 4]  846 	ld	b, a
    00000074 CB 38            [ 8]  847 	srl	b
    00000076 CB 19            [ 8]  848 	rr	c
    00000078 CB 38            [ 8]  849 	srl	b
    0000007A CB 19            [ 8]  850 	rr	c
    0000007C CB 38            [ 8]  851 	srl	b
    0000007E CB 19            [ 8]  852 	rr	c
    00000080 CB 38            [ 8]  853 	srl	b
    00000082 CB 19            [ 8]  854 	rr	c
                                    855 ;src/enemy.c:38: uint16_t current_y = enemy->y >> 4;
    00000084 3A               [ 8]  856 	ld	a, (hl-)
    00000085 6E               [ 8]  857 	ld	l, (hl)
    00000086 67               [ 4]  858 	ld	h, a
    00000087 23               [ 8]  859 	inc	hl
    00000088 23               [ 8]  860 	inc	hl
    00000089 2A               [ 8]  861 	ld	a,	(hl+)
    0000008A 66               [ 8]  862 	ld	h, (hl)
    0000008B 6F               [ 4]  863 	ld	l, a
    0000008C 29               [ 8]  864 	add	hl, hl
    0000008D 29               [ 8]  865 	add	hl, hl
    0000008E 29               [ 8]  866 	add	hl, hl
    0000008F 29               [ 8]  867 	add	hl, hl
                                    868 ;src/enemy.c:42: uint8_t tile = get_tile(current_x + ENEMY_WIDTH - camera_x, current_y + ENEMY_HEIGHT);
    00000090 7C               [ 4]  869 	ld	a, h
    00000091 21r00r00         [12]  870 	ld	hl, #_camera_x
    00000094 46               [ 8]  871 	ld	b, (hl)
    00000095 C6 10            [ 8]  872 	add	a, #0x10
    00000097 F8 00            [12]  873 	ldhl	sp,	#0
    00000099 77               [ 8]  874 	ld	(hl), a
                                    875 ;src/enemy.c:40: if (vel_x > 0) {
    0000009A F8 09            [12]  876 	ldhl	sp,	#9
    0000009C 5E               [ 8]  877 	ld	e, (hl)
    0000009D AF               [ 4]  878 	xor	a, a
    0000009E 57               [ 4]  879 	ld	d, a
    0000009F 96               [ 8]  880 	sub	a, (hl)
    000000A0 CB 7B            [ 8]  881 	bit	7, e
    000000A2 28 07            [12]  882 	jr	Z, 00122$
    000000A4 CB 7A            [ 8]  883 	bit	7, d
    000000A6 20 08            [12]  884 	jr	NZ, 00123$
    000000A8 BF               [ 4]  885 	cp	a, a
    000000A9 18 05            [12]  886 	jr	00123$
    000000AB                        887 00122$:
    000000AB CB 7A            [ 8]  888 	bit	7, d
    000000AD 28 01            [12]  889 	jr	Z, 00123$
    000000AF 37               [ 4]  890 	scf
    000000B0                        891 00123$:
    000000B0 30 0F            [12]  892 	jr	NC, 00104$
                                    893 ;src/enemy.c:42: uint8_t tile = get_tile(current_x + ENEMY_WIDTH - camera_x, current_y + ENEMY_HEIGHT);
    000000B2 79               [ 4]  894 	ld	a, c
    000000B3 C6 08            [ 8]  895 	add	a, #0x08
    000000B5 90               [ 4]  896 	sub	a, b
    000000B6 F8 00            [12]  897 	ldhl	sp,	#0
    000000B8 5E               [ 8]  898 	ld	e, (hl)
    000000B9 CDr00r00         [24]  899 	call	_get_tile
                                    900 ;src/enemy.c:43: return is_tile_solid(tile);
    000000BC CDr00r00         [24]  901 	call	_is_tile_solid
    000000BF 18 15            [12]  902 	jr	00106$
    000000C1                        903 00104$:
                                    904 ;src/enemy.c:44: } else if (vel_x < 0) {
    000000C1 F8 09            [12]  905 	ldhl	sp,	#9
    000000C3 CB 7E            [12]  906 	bit	7, (hl)
    000000C5 28 0E            [12]  907 	jr	Z, 00105$
                                    908 ;src/enemy.c:46: uint8_t tile = get_tile(current_x - 1 - camera_x, current_y + ENEMY_HEIGHT);
    000000C7 79               [ 4]  909 	ld	a, c
    000000C8 3D               [ 4]  910 	dec	a
    000000C9 90               [ 4]  911 	sub	a, b
    000000CA F8 00            [12]  912 	ldhl	sp,	#0
    000000CC 5E               [ 8]  913 	ld	e, (hl)
    000000CD CDr00r00         [24]  914 	call	_get_tile
                                    915 ;src/enemy.c:47: return is_tile_solid(tile);
    000000D0 CDr00r00         [24]  916 	call	_is_tile_solid
    000000D3 18 01            [12]  917 	jr	00106$
    000000D5                        918 00105$:
                                    919 ;src/enemy.c:49: return FALSE;
    000000D5 AF               [ 4]  920 	xor	a, a
    000000D6                        921 00106$:
                                    922 ;src/enemy.c:50: }
    000000D6 33               [ 8]  923 	inc	sp
    000000D7 C9               [16]  924 	ret
                                    925 ;src/enemy.c:53: void enemy_apply_horizontal_movement(enemy_t *enemy, uint8_t check_cliffs) BANKED {
                                    926 ;	---------------------------------
                                    927 ; Function enemy_apply_horizontal_movement
                                    928 ; ---------------------------------
                         000000FF   929 	b_enemy_apply_horizontal_movement	= 255
    000000D8                        930 _enemy_apply_horizontal_movement::
    000000D8 E8 F3            [16]  931 	add	sp, #-13
                                    932 ;src/enemy.c:54: if (enemy->vel_x == 0) return;
    000000DA F8 13            [12]  933 	ldhl	sp,	#19
    000000DC 7E               [ 8]  934 	ld	a, (hl)
    000000DD F8 00            [12]  935 	ldhl	sp,	#0
    000000DF 77               [ 8]  936 	ld	(hl), a
    000000E0 F8 14            [12]  937 	ldhl	sp,	#20
    000000E2 7E               [ 8]  938 	ld	a, (hl)
    000000E3 F8 01            [12]  939 	ldhl	sp,	#1
    000000E5 77               [ 8]  940 	ld	(hl), a
    000000E6 D1               [12]  941 	pop	de
    000000E7 D5               [16]  942 	push	de
    000000E8 21 06 00         [12]  943 	ld	hl, #0x0006
    000000EB 19               [ 8]  944 	add	hl, de
    000000EC E5               [16]  945 	push	hl
    000000ED 7D               [ 4]  946 	ld	a, l
    000000EE F8 04            [12]  947 	ldhl	sp,	#4
    000000F0 77               [ 8]  948 	ld	(hl), a
    000000F1 E1               [12]  949 	pop	hl
    000000F2 7C               [ 4]  950 	ld	a, h
    000000F3 F8 03            [12]  951 	ldhl	sp,	#3
    000000F5 32               [ 8]  952 	ld	(hl-), a
    000000F6 2A               [ 8]  953 	ld	a, (hl+)
    000000F7 5F               [ 4]  954 	ld	e, a
    000000F8 2A               [ 8]  955 	ld	a, (hl+)
    000000F9 57               [ 4]  956 	ld	d, a
    000000FA 1A               [ 8]  957 	ld	a, (de)
    000000FB 77               [ 8]  958 	ld	(hl), a
    000000FC B7               [ 4]  959 	or	a, a
    000000FD CAr89r02         [16]  960 	jp	Z, 00118$
                                    961 ;src/enemy.c:56: uint16_t next_x_upscaled = enemy->x + enemy->vel_x;
    00000100 D1               [12]  962 	pop	de
    00000101 D5               [16]  963 	push	de
    00000102 1A               [ 8]  964 	ld	a, (de)
    00000103 4F               [ 4]  965 	ld	c, a
    00000104 13               [ 8]  966 	inc	de
    00000105 1A               [ 8]  967 	ld	a, (de)
    00000106 47               [ 4]  968 	ld	b, a
    00000107 F8 04            [12]  969 	ldhl	sp,	#4
    00000109 7E               [ 8]  970 	ld	a, (hl)
    0000010A 5F               [ 4]  971 	ld	e, a
    0000010B 07               [ 4]  972 	rlca
    0000010C 9F               [ 4]  973 	sbc	a, a
    0000010D 6B               [ 4]  974 	ld	l, e
    0000010E 67               [ 4]  975 	ld	h, a
    0000010F 09               [ 8]  976 	add	hl, bc
    00000110 4D               [ 4]  977 	ld	c, l
    00000111 7C               [ 4]  978 	ld	a, h
    00000112 F8 05            [12]  979 	ldhl	sp,	#5
    00000114 71               [ 8]  980 	ld	(hl), c
    00000115 23               [ 8]  981 	inc	hl
                                    982 ;src/enemy.c:57: uint16_t next_x = next_x_upscaled >> 4;
    00000116 32               [ 8]  983 	ld	(hl-), a
    00000117 2A               [ 8]  984 	ld	a, (hl+)
    00000118 4F               [ 4]  985 	ld	c, a
    00000119 46               [ 8]  986 	ld	b, (hl)
    0000011A CB 38            [ 8]  987 	srl	b
    0000011C CB 19            [ 8]  988 	rr	c
    0000011E CB 38            [ 8]  989 	srl	b
    00000120 CB 19            [ 8]  990 	rr	c
    00000122 CB 38            [ 8]  991 	srl	b
    00000124 CB 19            [ 8]  992 	rr	c
    00000126 CB 38            [ 8]  993 	srl	b
    00000128 CB 19            [ 8]  994 	rr	c
                                    995 ;src/enemy.c:59: uint16_t current_y = enemy->y >> 4;
    0000012A E1               [12]  996 	pop	hl
    0000012B E5               [16]  997 	push	hl
    0000012C 23               [ 8]  998 	inc	hl
    0000012D 23               [ 8]  999 	inc	hl
    0000012E 2A               [ 8] 1000 	ld	a,	(hl+)
    0000012F 66               [ 8] 1001 	ld	h, (hl)
    00000130 5F               [ 4] 1002 	ld	e, a
    00000131 54               [ 4] 1003 	ld	d, h
    00000132 CB 3A            [ 8] 1004 	srl	d
    00000134 CB 1B            [ 8] 1005 	rr	e
    00000136 CB 3A            [ 8] 1006 	srl	d
    00000138 CB 1B            [ 8] 1007 	rr	e
    0000013A CB 3A            [ 8] 1008 	srl	d
    0000013C CB 1B            [ 8] 1009 	rr	e
    0000013E CB 3A            [ 8] 1010 	srl	d
    00000140 CB 1B            [ 8] 1011 	rr	e
                                   1012 ;src/enemy.c:61: uint8_t hit_wall = FALSE;
    00000142 F8 07            [12] 1013 	ldhl	sp,	#7
                                   1014 ;src/enemy.c:62: uint8_t hit_cliff = FALSE;
                                   1015 ;src/enemy.c:66: uint8_t tile_right_top = get_tile(next_x + ENEMY_WIDTH - 1 - camera_x, current_y + ENEMY_TOP_MARGIN);
    00000144 AF               [ 4] 1016 	xor	a, a
    00000145 22               [ 8] 1017 	ld	(hl+), a
    00000146 22               [ 8] 1018 	ld	(hl+), a
    00000147 7B               [ 4] 1019 	ld	a, e
    00000148 22               [ 8] 1020 	ld	(hl+), a
    00000149 71               [ 8] 1021 	ld	(hl), c
    0000014A FAr00r00         [16] 1022 	ld	a, (#_camera_x)
    0000014D F8 0B            [12] 1023 	ldhl	sp,	#11
                                   1024 ;src/enemy.c:67: uint8_t tile_right_bottom = get_tile(next_x + ENEMY_WIDTH - 1 - camera_x, current_y + ENEMY_HEIGHT - 1);
    0000014F 32               [ 8] 1025 	ld	(hl-), a
    00000150 2B               [ 8] 1026 	dec	hl
    00000151 7E               [ 8] 1027 	ld	a, (hl)
    00000152 C6 0F            [ 8] 1028 	add	a, #0x0f
    00000154 F8 0C            [12] 1029 	ldhl	sp,	#12
    00000156 77               [ 8] 1030 	ld	(hl), a
                                   1031 ;src/enemy.c:64: if (enemy->vel_x > 0) {
    00000157 F8 04            [12] 1032 	ldhl	sp,	#4
    00000159 5E               [ 8] 1033 	ld	e, (hl)
    0000015A AF               [ 4] 1034 	xor	a, a
    0000015B 57               [ 4] 1035 	ld	d, a
    0000015C 96               [ 8] 1036 	sub	a, (hl)
    0000015D CB 7B            [ 8] 1037 	bit	7, e
    0000015F 28 07            [12] 1038 	jr	Z, 00210$
    00000161 CB 7A            [ 8] 1039 	bit	7, d
    00000163 20 08            [12] 1040 	jr	NZ, 00211$
    00000165 BF               [ 4] 1041 	cp	a, a
    00000166 18 05            [12] 1042 	jr	00211$
    00000168                       1043 00210$:
    00000168 CB 7A            [ 8] 1044 	bit	7, d
    0000016A 28 01            [12] 1045 	jr	Z, 00211$
    0000016C 37               [ 4] 1046 	scf
    0000016D                       1047 00211$:
    0000016D 30 76            [12] 1048 	jr	NC, 00112$
                                   1049 ;src/enemy.c:66: uint8_t tile_right_top = get_tile(next_x + ENEMY_WIDTH - 1 - camera_x, current_y + ENEMY_TOP_MARGIN);
    0000016F F8 0A            [12] 1050 	ldhl	sp,	#10
    00000171 2A               [ 8] 1051 	ld	a, (hl+)
    00000172 C6 07            [ 8] 1052 	add	a, #0x07
    00000174 57               [ 4] 1053 	ld	d,a
    00000175 96               [ 8] 1054 	sub	a, (hl)
    00000176 2B               [ 8] 1055 	dec	hl
    00000177 2B               [ 8] 1056 	dec	hl
    00000178 D5               [16] 1057 	push	de
    00000179 5E               [ 8] 1058 	ld	e, (hl)
    0000017A CDr00r00         [24] 1059 	call	_get_tile
    0000017D 4F               [ 4] 1060 	ld	c, a
    0000017E D1               [12] 1061 	pop	de
                                   1062 ;src/enemy.c:67: uint8_t tile_right_bottom = get_tile(next_x + ENEMY_WIDTH - 1 - camera_x, current_y + ENEMY_HEIGHT - 1);
    0000017F FAr00r00         [16] 1063 	ld	a, (_camera_x)
    00000182 5F               [ 4] 1064 	ld	e, a
    00000183 7A               [ 4] 1065 	ld	a, d
    00000184 93               [ 4] 1066 	sub	a, e
    00000185 C5               [16] 1067 	push	bc
    00000186 F8 0E            [12] 1068 	ldhl	sp,	#14
    00000188 5E               [ 8] 1069 	ld	e, (hl)
    00000189 CDr00r00         [24] 1070 	call	_get_tile
    0000018C F8 0D            [12] 1071 	ldhl	sp,	#13
    0000018E 77               [ 8] 1072 	ld	(hl), a
    0000018F C1               [12] 1073 	pop	bc
                                   1074 ;src/enemy.c:69: hit_wall = is_tile_solid(tile_right_top) || is_tile_solid(tile_right_bottom);
    00000190 79               [ 4] 1075 	ld	a, c
    00000191 CDr00r00         [24] 1076 	call	_is_tile_solid
    00000194 F8 0C            [12] 1077 	ldhl	sp,#12
    00000196 77               [ 8] 1078 	ld	(hl), a
    00000197 CB 46            [12] 1079 	bit	0, (hl)
    00000199 20 10            [12] 1080 	jr	NZ, 00121$
    0000019B 2B               [ 8] 1081 	dec	hl
    0000019C 7E               [ 8] 1082 	ld	a, (hl)
    0000019D CDr00r00         [24] 1083 	call	_is_tile_solid
    000001A0 F8 0C            [12] 1084 	ldhl	sp,#12
    000001A2 77               [ 8] 1085 	ld	(hl), a
    000001A3 CB 46            [12] 1086 	bit	0, (hl)
    000001A5 20 04            [12] 1087 	jr	NZ, 00121$
    000001A7 36 00            [12] 1088 	ld	(hl), #0x00
    000001A9 18 04            [12] 1089 	jr	00122$
    000001AB                       1090 00121$:
    000001AB F8 0C            [12] 1091 	ldhl	sp,	#12
    000001AD 36 01            [12] 1092 	ld	(hl), #0x01
    000001AF                       1093 00122$:
    000001AF F8 0C            [12] 1094 	ldhl	sp,	#12
    000001B1 7E               [ 8] 1095 	ld	a, (hl)
    000001B2 F8 07            [12] 1096 	ldhl	sp,	#7
    000001B4 77               [ 8] 1097 	ld	(hl), a
                                   1098 ;src/enemy.c:71: if (check_cliffs && !hit_wall) {
    000001B5 F8 15            [12] 1099 	ldhl	sp,	#21
    000001B7 7E               [ 8] 1100 	ld	a, (hl)
    000001B8 B7               [ 4] 1101 	or	a, a
    000001B9 CAr4Cr02         [16] 1102 	jp	Z, 00113$
    000001BC F8 07            [12] 1103 	ldhl	sp,	#7
    000001BE 7E               [ 8] 1104 	ld	a, (hl)
    000001BF B7               [ 4] 1105 	or	a, a
    000001C0 C2r4Cr02         [16] 1106 	jp	NZ, 00113$
                                   1107 ;src/enemy.c:72: hit_cliff = !enemy_has_ground_ahead(enemy, enemy->vel_x);
    000001C3 F8 02            [12] 1108 	ldhl	sp,#2
    000001C5 2A               [ 8] 1109 	ld	a, (hl+)
    000001C6 5F               [ 4] 1110 	ld	e, a
    000001C7 56               [ 8] 1111 	ld	d, (hl)
    000001C8 1A               [ 8] 1112 	ld	a, (de)
    000001C9 F5               [16] 1113 	push	af
    000001CA 33               [ 8] 1114 	inc	sp
    000001CB F8 01            [12] 1115 	ldhl	sp,	#1
    000001CD 5E               [ 8] 1116 	ld	e, (hl)
    000001CE 23               [ 8] 1117 	inc	hl
    000001CF 56               [ 8] 1118 	ld	d, (hl)
    000001D0 D5               [16] 1119 	push	de
    000001D1 1Er00            [ 8] 1120 	ld	e, #b_enemy_has_ground_ahead
    000001D3 21r69r00         [12] 1121 	ld	hl, #_enemy_has_ground_ahead
    000001D6 CDr00r00         [24] 1122 	call	___sdcc_bcall_ehl
    000001D9 E8 03            [16] 1123 	add	sp, #3
    000001DB D6 01            [ 8] 1124 	sub	a, #0x01
    000001DD 3E 00            [ 8] 1125 	ld	a, #0x00
    000001DF 17               [ 4] 1126 	rla
    000001E0 F8 08            [12] 1127 	ldhl	sp,	#8
    000001E2 77               [ 8] 1128 	ld	(hl), a
    000001E3 18 67            [12] 1129 	jr	00113$
    000001E5                       1130 00112$:
                                   1131 ;src/enemy.c:74: } else if (enemy->vel_x < 0) {
    000001E5 F8 04            [12] 1132 	ldhl	sp,	#4
    000001E7 CB 7E            [12] 1133 	bit	7, (hl)
    000001E9 28 61            [12] 1134 	jr	Z, 00113$
                                   1135 ;src/enemy.c:76: uint8_t tile_left_top = get_tile(next_x - camera_x, current_y + ENEMY_TOP_MARGIN);
    000001EB F8 0A            [12] 1136 	ldhl	sp,	#10
    000001ED 2A               [ 8] 1137 	ld	a, (hl+)
    000001EE 96               [ 8] 1138 	sub	a, (hl)
    000001EF 2B               [ 8] 1139 	dec	hl
    000001F0 2B               [ 8] 1140 	dec	hl
    000001F1 5E               [ 8] 1141 	ld	e, (hl)
    000001F2 CDr00r00         [24] 1142 	call	_get_tile
    000001F5 4F               [ 4] 1143 	ld	c, a
                                   1144 ;src/enemy.c:77: uint8_t tile_left_bottom = get_tile(next_x - camera_x, current_y + ENEMY_HEIGHT - 1);
    000001F6 FAr00r00         [16] 1145 	ld	a, (_camera_x)
    000001F9 47               [ 4] 1146 	ld	b, a
    000001FA F8 0A            [12] 1147 	ldhl	sp,	#10
    000001FC 2A               [ 8] 1148 	ld	a, (hl+)
    000001FD 23               [ 8] 1149 	inc	hl
    000001FE 90               [ 4] 1150 	sub	a, b
    000001FF C5               [16] 1151 	push	bc
    00000200 5E               [ 8] 1152 	ld	e, (hl)
    00000201 CDr00r00         [24] 1153 	call	_get_tile
    00000204 5F               [ 4] 1154 	ld	e, a
    00000205 C1               [12] 1155 	pop	bc
                                   1156 ;src/enemy.c:79: hit_wall = is_tile_solid(tile_left_top) || is_tile_solid(tile_left_bottom);
    00000206 D5               [16] 1157 	push	de
    00000207 79               [ 4] 1158 	ld	a, c
    00000208 CDr00r00         [24] 1159 	call	_is_tile_solid
    0000020B 4F               [ 4] 1160 	ld	c, a
    0000020C D1               [12] 1161 	pop	de
    0000020D CB 41            [ 8] 1162 	bit	0, c
    0000020F 20 0A            [12] 1163 	jr	NZ, 00124$
    00000211 7B               [ 4] 1164 	ld	a, e
    00000212 CDr00r00         [24] 1165 	call	_is_tile_solid
    00000215 CB 47            [ 8] 1166 	bit	0,a
    00000217 0E 00            [ 8] 1167 	ld	c, #0x00
    00000219 28 02            [12] 1168 	jr	Z, 00125$
    0000021B                       1169 00124$:
    0000021B 0E 01            [ 8] 1170 	ld	c, #0x01
    0000021D                       1171 00125$:
    0000021D F8 07            [12] 1172 	ldhl	sp,	#7
    0000021F 71               [ 8] 1173 	ld	(hl), c
                                   1174 ;src/enemy.c:81: if (check_cliffs && !hit_wall) {
    00000220 F8 15            [12] 1175 	ldhl	sp,	#21
    00000222 7E               [ 8] 1176 	ld	a, (hl)
    00000223 B7               [ 4] 1177 	or	a, a
    00000224 28 26            [12] 1178 	jr	Z, 00113$
    00000226 F8 07            [12] 1179 	ldhl	sp,	#7
    00000228 7E               [ 8] 1180 	ld	a, (hl)
    00000229 B7               [ 4] 1181 	or	a, a
    0000022A 20 20            [12] 1182 	jr	NZ, 00113$
                                   1183 ;src/enemy.c:82: hit_cliff = !enemy_has_ground_ahead(enemy, enemy->vel_x);
    0000022C F8 02            [12] 1184 	ldhl	sp,#2
    0000022E 2A               [ 8] 1185 	ld	a, (hl+)
    0000022F 5F               [ 4] 1186 	ld	e, a
    00000230 56               [ 8] 1187 	ld	d, (hl)
    00000231 1A               [ 8] 1188 	ld	a, (de)
    00000232 F5               [16] 1189 	push	af
    00000233 33               [ 8] 1190 	inc	sp
    00000234 F8 01            [12] 1191 	ldhl	sp,	#1
    00000236 5E               [ 8] 1192 	ld	e, (hl)
    00000237 23               [ 8] 1193 	inc	hl
    00000238 56               [ 8] 1194 	ld	d, (hl)
    00000239 D5               [16] 1195 	push	de
    0000023A 1Er00            [ 8] 1196 	ld	e, #b_enemy_has_ground_ahead
    0000023C 21r69r00         [12] 1197 	ld	hl, #_enemy_has_ground_ahead
    0000023F CDr00r00         [24] 1198 	call	___sdcc_bcall_ehl
    00000242 E8 03            [16] 1199 	add	sp, #3
    00000244 D6 01            [ 8] 1200 	sub	a, #0x01
    00000246 3E 00            [ 8] 1201 	ld	a, #0x00
    00000248 17               [ 4] 1202 	rla
    00000249 F8 08            [12] 1203 	ldhl	sp,	#8
    0000024B 77               [ 8] 1204 	ld	(hl), a
    0000024C                       1205 00113$:
                                   1206 ;src/enemy.c:86: if (hit_wall || hit_cliff) {
    0000024C F8 07            [12] 1207 	ldhl	sp,	#7
    0000024E 7E               [ 8] 1208 	ld	a, (hl)
    0000024F B7               [ 4] 1209 	or	a, a
    00000250 20 05            [12] 1210 	jr	NZ, 00114$
    00000252 23               [ 8] 1211 	inc	hl
    00000253 7E               [ 8] 1212 	ld	a, (hl)
    00000254 B7               [ 4] 1213 	or	a, a
    00000255 28 1C            [12] 1214 	jr	Z, 00115$
    00000257                       1215 00114$:
                                   1216 ;src/enemy.c:88: enemy->vel_x = -enemy->vel_x;
    00000257 F8 02            [12] 1217 	ldhl	sp,#2
    00000259 2A               [ 8] 1218 	ld	a, (hl+)
    0000025A 5F               [ 4] 1219 	ld	e, a
    0000025B 56               [ 8] 1220 	ld	d, (hl)
    0000025C 1A               [ 8] 1221 	ld	a, (de)
    0000025D 4F               [ 4] 1222 	ld	c, a
    0000025E AF               [ 4] 1223 	xor	a, a
    0000025F 91               [ 4] 1224 	sub	a, c
    00000260 4F               [ 4] 1225 	ld	c, a
    00000261 3A               [ 8] 1226 	ld	a, (hl-)
    00000262 6E               [ 8] 1227 	ld	l, (hl)
    00000263 67               [ 4] 1228 	ld	h, a
    00000264 71               [ 8] 1229 	ld	(hl), c
                                   1230 ;src/enemy.c:89: enemy->flip = !enemy->flip;
    00000265 D1               [12] 1231 	pop	de
    00000266 D5               [16] 1232 	push	de
    00000267 21 0C 00         [12] 1233 	ld	hl, #0x000c
    0000026A 19               [ 8] 1234 	add	hl, de
    0000026B 4D               [ 4] 1235 	ld	c, l
    0000026C 44               [ 4] 1236 	ld	b, h
    0000026D 0A               [ 8] 1237 	ld	a, (bc)
    0000026E EE 01            [ 8] 1238 	xor	a, #0x01
    00000270 02               [ 8] 1239 	ld	(bc), a
    00000271 18 16            [12] 1240 	jr	00118$
    00000273                       1241 00115$:
                                   1242 ;src/enemy.c:92: enemy->x = next_x_upscaled;
    00000273 F8 13            [12] 1243 	ldhl	sp,	#19
    00000275 7E               [ 8] 1244 	ld	a, (hl)
    00000276 F8 0B            [12] 1245 	ldhl	sp,	#11
    00000278 77               [ 8] 1246 	ld	(hl), a
    00000279 F8 14            [12] 1247 	ldhl	sp,	#20
    0000027B 7E               [ 8] 1248 	ld	a, (hl)
    0000027C F8 0C            [12] 1249 	ldhl	sp,	#12
    0000027E 32               [ 8] 1250 	ld	(hl-), a
    0000027F 2A               [ 8] 1251 	ld	a, (hl+)
    00000280 5F               [ 4] 1252 	ld	e, a
    00000281 56               [ 8] 1253 	ld	d, (hl)
    00000282 F8 05            [12] 1254 	ldhl	sp,	#5
    00000284 2A               [ 8] 1255 	ld	a, (hl+)
    00000285 12               [ 8] 1256 	ld	(de), a
    00000286 13               [ 8] 1257 	inc	de
    00000287 7E               [ 8] 1258 	ld	a, (hl)
    00000288 12               [ 8] 1259 	ld	(de), a
    00000289                       1260 00118$:
                                   1261 ;src/enemy.c:94: }
    00000289 E8 0D            [16] 1262 	add	sp, #13
    0000028B C9               [16] 1263 	ret
                                   1264 ;src/enemy.c:97: void enemy_apply_vertical_movement(enemy_t *enemy, int8_t gravity_divisor) BANKED {
                                   1265 ;	---------------------------------
                                   1266 ; Function enemy_apply_vertical_movement
                                   1267 ; ---------------------------------
                         000000FF  1268 	b_enemy_apply_vertical_movement	= 255
    0000028C                       1269 _enemy_apply_vertical_movement::
    0000028C E8 F6            [16] 1270 	add	sp, #-10
                                   1271 ;src/enemy.c:98: uint16_t ground_check_x = enemy->x >> 4;
    0000028E F8 10            [12] 1272 	ldhl	sp,#16
    00000290 2A               [ 8] 1273 	ld	a, (hl+)
    00000291 5F               [ 4] 1274 	ld	e, a
    00000292 56               [ 8] 1275 	ld	d, (hl)
    00000293 1A               [ 8] 1276 	ld	a, (de)
    00000294 4F               [ 4] 1277 	ld	c, a
    00000295 13               [ 8] 1278 	inc	de
    00000296 1A               [ 8] 1279 	ld	a, (de)
    00000297 47               [ 4] 1280 	ld	b, a
    00000298 F8 08            [12] 1281 	ldhl	sp,	#8
    0000029A 71               [ 8] 1282 	ld	(hl), c
    0000029B 23               [ 8] 1283 	inc	hl
    0000029C 70               [ 8] 1284 	ld	(hl), b
    0000029D CB 3E            [16] 1285 	srl	(hl)
    0000029F 2B               [ 8] 1286 	dec	hl
    000002A0 CB 1E            [16] 1287 	rr	(hl)
    000002A2 23               [ 8] 1288 	inc	hl
    000002A3 CB 3E            [16] 1289 	srl	(hl)
    000002A5 2B               [ 8] 1290 	dec	hl
    000002A6 CB 1E            [16] 1291 	rr	(hl)
    000002A8 23               [ 8] 1292 	inc	hl
    000002A9 CB 3E            [16] 1293 	srl	(hl)
    000002AB 2B               [ 8] 1294 	dec	hl
    000002AC CB 1E            [16] 1295 	rr	(hl)
    000002AE 23               [ 8] 1296 	inc	hl
    000002AF CB 3E            [16] 1297 	srl	(hl)
    000002B1 2B               [ 8] 1298 	dec	hl
    000002B2 CB 1E            [16] 1299 	rr	(hl)
                                   1300 ;src/enemy.c:101: uint8_t on_ground = enemy_has_ground(enemy);
    000002B4 F8 10            [12] 1301 	ldhl	sp,	#16
    000002B6 5E               [ 8] 1302 	ld	e, (hl)
    000002B7 23               [ 8] 1303 	inc	hl
    000002B8 56               [ 8] 1304 	ld	d, (hl)
    000002B9 D5               [16] 1305 	push	de
    000002BA 1Er00            [ 8] 1306 	ld	e, #b_enemy_has_ground
    000002BC 21r00r00         [12] 1307 	ld	hl, #_enemy_has_ground
    000002BF CDr00r00         [24] 1308 	call	___sdcc_bcall_ehl
    000002C2 E1               [12] 1309 	pop	hl
    000002C3 4F               [ 4] 1310 	ld	c, a
                                   1311 ;src/enemy.c:106: enemy->vel_y = ENEMY_GRAVITY;
    000002C4 F8 10            [12] 1312 	ldhl	sp,#16
    000002C6 2A               [ 8] 1313 	ld	a, (hl+)
    000002C7 5F               [ 4] 1314 	ld	e, a
    000002C8 56               [ 8] 1315 	ld	d, (hl)
    000002C9 21 07 00         [12] 1316 	ld	hl, #0x0007
    000002CC 19               [ 8] 1317 	add	hl, de
    000002CD 33               [ 8] 1318 	inc	sp
    000002CE 33               [ 8] 1319 	inc	sp
    000002CF E5               [16] 1320 	push	hl
                                   1321 ;src/enemy.c:104: if (!on_ground) {
    000002D0 79               [ 4] 1322 	ld	a, c
    000002D1 B7               [ 4] 1323 	or	a, a
    000002D2 20 26            [12] 1324 	jr	NZ, 00105$
                                   1325 ;src/enemy.c:105: if (gravity_divisor == 1) {
    000002D4 F8 12            [12] 1326 	ldhl	sp,	#18
    000002D6 7E               [ 8] 1327 	ld	a, (hl)
    000002D7 3D               [ 4] 1328 	dec	a
    000002D8 20 06            [12] 1329 	jr	NZ, 00102$
                                   1330 ;src/enemy.c:106: enemy->vel_y = ENEMY_GRAVITY;
    000002DA E1               [12] 1331 	pop	hl
    000002DB 36 20            [12] 1332 	ld	(hl), #0x20
    000002DD E5               [16] 1333 	push	hl
    000002DE 18 1A            [12] 1334 	jr	00105$
    000002E0                       1335 00102$:
                                   1336 ;src/enemy.c:108: enemy->vel_y += ENEMY_GRAVITY / gravity_divisor;
    000002E0 D1               [12] 1337 	pop	de
    000002E1 D5               [16] 1338 	push	de
    000002E2 1A               [ 8] 1339 	ld	a, (de)
    000002E3 4F               [ 4] 1340 	ld	c, a
    000002E4 F8 12            [12] 1341 	ldhl	sp,	#18
    000002E6 7E               [ 8] 1342 	ld	a, (hl)
    000002E7 5F               [ 4] 1343 	ld	e, a
    000002E8 07               [ 4] 1344 	rlca
    000002E9 9F               [ 4] 1345 	sbc	a, a
    000002EA C5               [16] 1346 	push	bc
    000002EB 4B               [ 4] 1347 	ld	c, e
    000002EC 47               [ 4] 1348 	ld	b, a
    000002ED 11 20 00         [12] 1349 	ld	de, #0x0020
    000002F0 CDr00r00         [24] 1350 	call	__divsint
    000002F3 59               [ 4] 1351 	ld	e, c
    000002F4 C1               [12] 1352 	pop	bc
    000002F5 7B               [ 4] 1353 	ld	a, e
    000002F6 81               [ 4] 1354 	add	a, c
    000002F7 E1               [12] 1355 	pop	hl
    000002F8 E5               [16] 1356 	push	hl
    000002F9 77               [ 8] 1357 	ld	(hl), a
    000002FA                       1358 00105$:
                                   1359 ;src/enemy.c:113: if (enemy->vel_y != 0) {
    000002FA D1               [12] 1360 	pop	de
    000002FB D5               [16] 1361 	push	de
    000002FC 1A               [ 8] 1362 	ld	a, (de)
    000002FD F8 02            [12] 1363 	ldhl	sp,	#2
    000002FF 77               [ 8] 1364 	ld	(hl), a
    00000300 B7               [ 4] 1365 	or	a, a
    00000301 CAr1Dr04         [16] 1366 	jp	Z, 00121$
                                   1367 ;src/enemy.c:114: uint16_t next_y_upscaled = enemy->y + enemy->vel_y;
    00000304 F8 10            [12] 1368 	ldhl	sp,#16
    00000306 2A               [ 8] 1369 	ld	a, (hl+)
    00000307 5F               [ 4] 1370 	ld	e, a
    00000308 56               [ 8] 1371 	ld	d, (hl)
    00000309 21 02 00         [12] 1372 	ld	hl, #0x0002
    0000030C 19               [ 8] 1373 	add	hl, de
    0000030D E5               [16] 1374 	push	hl
    0000030E 7D               [ 4] 1375 	ld	a, l
    0000030F F8 05            [12] 1376 	ldhl	sp,	#5
    00000311 77               [ 8] 1377 	ld	(hl), a
    00000312 E1               [12] 1378 	pop	hl
    00000313 7C               [ 4] 1379 	ld	a, h
    00000314 F8 04            [12] 1380 	ldhl	sp,	#4
    00000316 32               [ 8] 1381 	ld	(hl-), a
    00000317 2A               [ 8] 1382 	ld	a, (hl+)
    00000318 5F               [ 4] 1383 	ld	e, a
    00000319 2A               [ 8] 1384 	ld	a, (hl+)
    0000031A 23               [ 8] 1385 	inc	hl
    0000031B 57               [ 4] 1386 	ld	d, a
    0000031C 1A               [ 8] 1387 	ld	a, (de)
    0000031D 22               [ 8] 1388 	ld	(hl+), a
    0000031E 13               [ 8] 1389 	inc	de
    0000031F 1A               [ 8] 1390 	ld	a, (de)
    00000320 77               [ 8] 1391 	ld	(hl), a
    00000321 F8 02            [12] 1392 	ldhl	sp,	#2
    00000323 7E               [ 8] 1393 	ld	a, (hl)
    00000324 5F               [ 4] 1394 	ld	e, a
    00000325 07               [ 4] 1395 	rlca
    00000326 9F               [ 4] 1396 	sbc	a, a
    00000327 57               [ 4] 1397 	ld	d, a
    00000328 F8 06            [12] 1398 	ldhl	sp,	#6
    0000032A 2A               [ 8] 1399 	ld	a, (hl+)
    0000032B 4F               [ 4] 1400 	ld	c, a
    0000032C 46               [ 8] 1401 	ld	b, (hl)
    0000032D 6B               [ 4] 1402 	ld	l, e
    0000032E 62               [ 4] 1403 	ld	h, d
    0000032F 09               [ 8] 1404 	add	hl, bc
    00000330 4D               [ 4] 1405 	ld	c, l
    00000331 44               [ 4] 1406 	ld	b, h
    00000332 F8 05            [12] 1407 	ldhl	sp,	#5
    00000334 79               [ 4] 1408 	ld	a, c
    00000335 22               [ 8] 1409 	ld	(hl+), a
                                   1410 ;src/enemy.c:115: uint16_t next_y = next_y_upscaled >> 4;
    00000336 78               [ 4] 1411 	ld	a, b
    00000337 32               [ 8] 1412 	ld	(hl-), a
    00000338 2A               [ 8] 1413 	ld	a, (hl+)
    00000339 4F               [ 4] 1414 	ld	c, a
                                   1415 ;src/enemy.c:119: uint8_t tile_bottom_left = get_tile(ground_check_x - camera_x, next_y + ENEMY_HEIGHT);
    0000033A 2A               [ 8] 1416 	ld	a, (hl+)
    0000033B 47               [ 4] 1417 	ld	b, a
    0000033C CB 38            [ 8] 1418 	srl	b
    0000033E CB 19            [ 8] 1419 	rr	c
    00000340 CB 38            [ 8] 1420 	srl	b
    00000342 CB 19            [ 8] 1421 	rr	c
    00000344 CB 38            [ 8] 1422 	srl	b
    00000346 CB 19            [ 8] 1423 	rr	c
    00000348 CB 38            [ 8] 1424 	srl	b
    0000034A CB 19            [ 8] 1425 	rr	c
    0000034C 79               [ 4] 1426 	ld	a, c
    0000034D 22               [ 8] 1427 	ld	(hl+), a
    0000034E 5E               [ 8] 1428 	ld	e, (hl)
    0000034F FAr00r00         [16] 1429 	ld	a, (_camera_x)
    00000352 57               [ 4] 1430 	ld	d, a
    00000353 7B               [ 4] 1431 	ld	a, e
    00000354 92               [ 4] 1432 	sub	a, d
                                   1433 ;src/enemy.c:120: uint8_t tile_bottom_right = get_tile(ground_check_x + ENEMY_WIDTH - 1 - camera_x, next_y + ENEMY_HEIGHT);
    00000355 22               [ 8] 1434 	ld	(hl+), a
    00000356 7B               [ 4] 1435 	ld	a, e
    00000357 C6 07            [ 8] 1436 	add	a, #0x07
    00000359 77               [ 8] 1437 	ld	(hl), a
                                   1438 ;src/enemy.c:117: if (enemy->vel_y > 0) {
    0000035A F8 02            [12] 1439 	ldhl	sp,	#2
    0000035C 5E               [ 8] 1440 	ld	e, (hl)
    0000035D AF               [ 4] 1441 	xor	a, a
    0000035E 57               [ 4] 1442 	ld	d, a
    0000035F 96               [ 8] 1443 	sub	a, (hl)
    00000360 CB 7B            [ 8] 1444 	bit	7, e
    00000362 28 07            [12] 1445 	jr	Z, 00174$
    00000364 CB 7A            [ 8] 1446 	bit	7, d
    00000366 20 08            [12] 1447 	jr	NZ, 00175$
    00000368 BF               [ 4] 1448 	cp	a, a
    00000369 18 05            [12] 1449 	jr	00175$
    0000036B                       1450 00174$:
    0000036B CB 7A            [ 8] 1451 	bit	7, d
    0000036D 28 01            [12] 1452 	jr	Z, 00175$
    0000036F 37               [ 4] 1453 	scf
    00000370                       1454 00175$:
    00000370 30 66            [12] 1455 	jr	NC, 00117$
                                   1456 ;src/enemy.c:119: uint8_t tile_bottom_left = get_tile(ground_check_x - camera_x, next_y + ENEMY_HEIGHT);
    00000372 F8 07            [12] 1457 	ldhl	sp,	#7
    00000374 2A               [ 8] 1458 	ld	a, (hl+)
    00000375 C6 10            [ 8] 1459 	add	a, #0x10
    00000377 5F               [ 4] 1460 	ld	e, a
    00000378 C5               [16] 1461 	push	bc
    00000379 D5               [16] 1462 	push	de
    0000037A 7E               [ 8] 1463 	ld	a, (hl)
    0000037B CDr00r00         [24] 1464 	call	_get_tile
    0000037E F8 0C            [12] 1465 	ldhl	sp,	#12
    00000380 77               [ 8] 1466 	ld	(hl), a
    00000381 D1               [12] 1467 	pop	de
    00000382 C1               [12] 1468 	pop	bc
                                   1469 ;src/enemy.c:120: uint8_t tile_bottom_right = get_tile(ground_check_x + ENEMY_WIDTH - 1 - camera_x, next_y + ENEMY_HEIGHT);
    00000383 FAr00r00         [16] 1470 	ld	a, (_camera_x)
    00000386 57               [ 4] 1471 	ld	d, a
    00000387 F8 09            [12] 1472 	ldhl	sp,	#9
    00000389 7E               [ 8] 1473 	ld	a, (hl)
    0000038A 92               [ 4] 1474 	sub	a, d
    0000038B C5               [16] 1475 	push	bc
    0000038C CDr00r00         [24] 1476 	call	_get_tile
    0000038F 5F               [ 4] 1477 	ld	e, a
                                   1478 ;src/enemy.c:122: if (is_tile_solid(tile_bottom_left) || is_tile_solid(tile_bottom_right)) {
    00000390 D5               [16] 1479 	push	de
    00000391 F8 0C            [12] 1480 	ldhl	sp,	#12
    00000393 7E               [ 8] 1481 	ld	a, (hl)
    00000394 CDr00r00         [24] 1482 	call	_is_tile_solid
    00000397 6F               [ 4] 1483 	ld	l, a
    00000398 D1               [12] 1484 	pop	de
    00000399 C1               [12] 1485 	pop	bc
    0000039A CB 45            [ 8] 1486 	bit	0, l
    0000039C 20 0B            [12] 1487 	jr	NZ, 00106$
    0000039E C5               [16] 1488 	push	bc
    0000039F 7B               [ 4] 1489 	ld	a, e
    000003A0 CDr00r00         [24] 1490 	call	_is_tile_solid
    000003A3 5F               [ 4] 1491 	ld	e, a
    000003A4 C1               [12] 1492 	pop	bc
    000003A5 CB 43            [ 8] 1493 	bit	0, e
    000003A7 28 22            [12] 1494 	jr	Z, 00107$
    000003A9                       1495 00106$:
                                   1496 ;src/enemy.c:124: enemy->vel_y = 0;
    000003A9 E1               [12] 1497 	pop	hl
    000003AA 36 00            [12] 1498 	ld	(hl), #0x00
    000003AC E5               [16] 1499 	push	hl
                                   1500 ;src/enemy.c:125: enemy->y = (TILE_ALIGN(next_y + ENEMY_HEIGHT) - ENEMY_HEIGHT) << 4;
    000003AD 21 17 00         [12] 1501 	ld	hl, #0x0017
    000003B0 09               [ 8] 1502 	add	hl, bc
    000003B1 7D               [ 4] 1503 	ld	a, l
    000003B2 E6 F8            [ 8] 1504 	and	a, #0xf8
    000003B4 C6 F0            [ 8] 1505 	add	a, #0xf0
    000003B6 6F               [ 4] 1506 	ld	l, a
    000003B7 7C               [ 4] 1507 	ld	a, h
    000003B8 CE FF            [ 8] 1508 	adc	a, #0xff
    000003BA 67               [ 4] 1509 	ld	h, a
    000003BB 29               [ 8] 1510 	add	hl, hl
    000003BC 29               [ 8] 1511 	add	hl, hl
    000003BD 29               [ 8] 1512 	add	hl, hl
    000003BE 29               [ 8] 1513 	add	hl, hl
    000003BF 4D               [ 4] 1514 	ld	c, l
    000003C0 44               [ 4] 1515 	ld	b, h
    000003C1 F8 03            [12] 1516 	ldhl	sp,	#3
    000003C3 2A               [ 8] 1517 	ld	a, (hl+)
    000003C4 66               [ 8] 1518 	ld	h, (hl)
    000003C5 6F               [ 4] 1519 	ld	l, a
    000003C6 71               [ 8] 1520 	ld	(hl), c
    000003C7 23               [ 8] 1521 	inc	hl
    000003C8 70               [ 8] 1522 	ld	(hl), b
    000003C9 18 52            [12] 1523 	jr	00121$
    000003CB                       1524 00107$:
                                   1525 ;src/enemy.c:128: enemy->y = next_y_upscaled;
    000003CB F8 03            [12] 1526 	ldhl	sp,	#3
    000003CD 2A               [ 8] 1527 	ld	a, (hl+)
    000003CE 5F               [ 4] 1528 	ld	e, a
    000003CF 2A               [ 8] 1529 	ld	a, (hl+)
    000003D0 57               [ 4] 1530 	ld	d, a
    000003D1 2A               [ 8] 1531 	ld	a, (hl+)
    000003D2 12               [ 8] 1532 	ld	(de), a
    000003D3 13               [ 8] 1533 	inc	de
    000003D4 7E               [ 8] 1534 	ld	a, (hl)
    000003D5 12               [ 8] 1535 	ld	(de), a
    000003D6 18 45            [12] 1536 	jr	00121$
    000003D8                       1537 00117$:
                                   1538 ;src/enemy.c:130: } else if (enemy->vel_y < 0) {
    000003D8 F8 02            [12] 1539 	ldhl	sp,	#2
    000003DA 7E               [ 8] 1540 	ld	a, (hl)
    000003DB CB 7F            [ 8] 1541 	bit	7, a
    000003DD 28 3E            [12] 1542 	jr	Z, 00121$
                                   1543 ;src/enemy.c:132: uint8_t tile_top_left = get_tile(ground_check_x - camera_x, next_y + ENEMY_TOP_MARGIN);
    000003DF F8 07            [12] 1544 	ldhl	sp,	#7
    000003E1 2A               [ 8] 1545 	ld	a, (hl+)
    000003E2 5F               [ 4] 1546 	ld	e, a
    000003E3 7E               [ 8] 1547 	ld	a, (hl)
    000003E4 CDr00r00         [24] 1548 	call	_get_tile
    000003E7 57               [ 4] 1549 	ld	d, a
                                   1550 ;src/enemy.c:133: uint8_t tile_top_right = get_tile(ground_check_x + ENEMY_WIDTH - 1 - camera_x, next_y + ENEMY_TOP_MARGIN);
    000003E8 FAr00r00         [16] 1551 	ld	a, (_camera_x)
    000003EB 4F               [ 4] 1552 	ld	c, a
    000003EC F8 09            [12] 1553 	ldhl	sp,	#9
    000003EE 3A               [ 8] 1554 	ld	a, (hl-)
    000003EF 2B               [ 8] 1555 	dec	hl
    000003F0 91               [ 4] 1556 	sub	a, c
    000003F1 D5               [16] 1557 	push	de
    000003F2 5E               [ 8] 1558 	ld	e, (hl)
    000003F3 CDr00r00         [24] 1559 	call	_get_tile
    000003F6 4F               [ 4] 1560 	ld	c, a
    000003F7 D1               [12] 1561 	pop	de
                                   1562 ;src/enemy.c:135: if (is_tile_solid(tile_top_left) || is_tile_solid(tile_top_right)) {
    000003F8 C5               [16] 1563 	push	bc
    000003F9 7A               [ 4] 1564 	ld	a, d
    000003FA CDr00r00         [24] 1565 	call	_is_tile_solid
    000003FD 5F               [ 4] 1566 	ld	e, a
    000003FE C1               [12] 1567 	pop	bc
    000003FF CB 43            [ 8] 1568 	bit	0, e
    00000401 20 09            [12] 1569 	jr	NZ, 00110$
    00000403 79               [ 4] 1570 	ld	a, c
    00000404 CDr00r00         [24] 1571 	call	_is_tile_solid
    00000407 4F               [ 4] 1572 	ld	c, a
    00000408 CB 41            [ 8] 1573 	bit	0, c
    0000040A 28 06            [12] 1574 	jr	Z, 00111$
    0000040C                       1575 00110$:
                                   1576 ;src/enemy.c:137: enemy->vel_y = 0;
    0000040C E1               [12] 1577 	pop	hl
    0000040D 36 00            [12] 1578 	ld	(hl), #0x00
    0000040F E5               [16] 1579 	push	hl
    00000410 18 0B            [12] 1580 	jr	00121$
    00000412                       1581 00111$:
                                   1582 ;src/enemy.c:140: enemy->y = next_y_upscaled;
    00000412 F8 03            [12] 1583 	ldhl	sp,	#3
    00000414 2A               [ 8] 1584 	ld	a, (hl+)
    00000415 5F               [ 4] 1585 	ld	e, a
    00000416 2A               [ 8] 1586 	ld	a, (hl+)
    00000417 57               [ 4] 1587 	ld	d, a
    00000418 2A               [ 8] 1588 	ld	a, (hl+)
    00000419 12               [ 8] 1589 	ld	(de), a
    0000041A 13               [ 8] 1590 	inc	de
    0000041B 7E               [ 8] 1591 	ld	a, (hl)
    0000041C 12               [ 8] 1592 	ld	(de), a
    0000041D                       1593 00121$:
                                   1594 ;src/enemy.c:144: }
    0000041D E8 0A            [16] 1595 	add	sp, #10
    0000041F C9               [16] 1596 	ret
                                   1597 ;src/enemy.c:191: void enemy_move_goomba(uint8_t index) BANKED {
                                   1598 ;	---------------------------------
                                   1599 ; Function enemy_move_goomba
                                   1600 ; ---------------------------------
                         000000FF  1601 	b_enemy_move_goomba	= 255
    00000420                       1602 _enemy_move_goomba::
                                   1603 ;src/enemy.c:192: enemy_t *goomba = &enemies[index];
    00000420 01r00r00         [12] 1604 	ld	bc, #_enemies+0
    00000423 F8 06            [12] 1605 	ldhl	sp,	#6
    00000425 5E               [ 8] 1606 	ld	e, (hl)
    00000426 AF               [ 4] 1607 	xor	a, a
    00000427 6B               [ 4] 1608 	ld	l, e
    00000428 67               [ 4] 1609 	ld	h, a
    00000429 29               [ 8] 1610 	add	hl, hl
    0000042A 29               [ 8] 1611 	add	hl, hl
    0000042B 29               [ 8] 1612 	add	hl, hl
    0000042C 29               [ 8] 1613 	add	hl, hl
    0000042D 09               [ 8] 1614 	add	hl, bc
    0000042E 5D               [ 4] 1615 	ld	e, l
    0000042F 54               [ 4] 1616 	ld	d, h
                                   1617 ;src/enemy.c:195: if (goomba->stomped || !goomba->active) {
    00000430 21 0D 00         [12] 1618 	ld	hl, #0x000d
    00000433 19               [ 8] 1619 	add	hl, de
    00000434 CB 46            [12] 1620 	bit	0, (hl)
    00000436 C0               [20] 1621 	ret	NZ
    00000437 21 0F 00         [12] 1622 	ld	hl, #0x000f
    0000043A 19               [ 8] 1623 	add	hl, de
    0000043B 4E               [ 8] 1624 	ld	c, (hl)
    0000043C CB 41            [ 8] 1625 	bit	0, c
                                   1626 ;src/enemy.c:196: return;
    0000043E C8               [20] 1627 	ret	Z
                                   1628 ;src/enemy.c:200: if (goomba->vel_x == 0) {
    0000043F 21 06 00         [12] 1629 	ld	hl, #0x0006
    00000442 19               [ 8] 1630 	add	hl, de
    00000443 7E               [ 8] 1631 	ld	a, (hl)
    00000444 B7               [ 4] 1632 	or	a, a
    00000445 20 02            [12] 1633 	jr	NZ, 00105$
                                   1634 ;src/enemy.c:201: goomba->vel_x = -ENEMY_GOOMBA_SPEED; // Start moving left
    00000447 36 FC            [12] 1635 	ld	(hl), #0xfc
    00000449                       1636 00105$:
                                   1637 ;src/enemy.c:205: enemy_apply_horizontal_movement(goomba, FALSE); // Goombas don't avoid cliffs
    00000449 D5               [16] 1638 	push	de
    0000044A AF               [ 4] 1639 	xor	a, a
    0000044B F5               [16] 1640 	push	af
    0000044C 33               [ 8] 1641 	inc	sp
    0000044D D5               [16] 1642 	push	de
    0000044E 1Er00            [ 8] 1643 	ld	e, #b_enemy_apply_horizontal_movement
    00000450 21rD8r00         [12] 1644 	ld	hl, #_enemy_apply_horizontal_movement
    00000453 CDr00r00         [24] 1645 	call	___sdcc_bcall_ehl
    00000456 E8 03            [16] 1646 	add	sp, #3
    00000458 D1               [12] 1647 	pop	de
                                   1648 ;src/enemy.c:206: enemy_apply_vertical_movement(goomba, 1); // Full gravity
    00000459 3E 01            [ 8] 1649 	ld	a, #0x01
    0000045B F5               [16] 1650 	push	af
    0000045C 33               [ 8] 1651 	inc	sp
    0000045D D5               [16] 1652 	push	de
    0000045E 1Er00            [ 8] 1653 	ld	e, #b_enemy_apply_vertical_movement
    00000460 21r8Cr02         [12] 1654 	ld	hl, #_enemy_apply_vertical_movement
    00000463 CDr00r00         [24] 1655 	call	___sdcc_bcall_ehl
    00000466 E8 03            [16] 1656 	add	sp, #3
                                   1657 ;src/enemy.c:207: }
    00000468 C9               [16] 1658 	ret
                                   1659 ;src/enemy.c:209: void enemy_move_koopa(uint8_t index) BANKED {
                                   1660 ;	---------------------------------
                                   1661 ; Function enemy_move_koopa
                                   1662 ; ---------------------------------
                         000000FF  1663 	b_enemy_move_koopa	= 255
    00000469                       1664 _enemy_move_koopa::
                                   1665 ;src/enemy.c:210: enemy_t *koopa = &enemies[index];
    00000469 01r00r00         [12] 1666 	ld	bc, #_enemies+0
    0000046C F8 06            [12] 1667 	ldhl	sp,	#6
    0000046E 5E               [ 8] 1668 	ld	e, (hl)
    0000046F AF               [ 4] 1669 	xor	a, a
    00000470 6B               [ 4] 1670 	ld	l, e
    00000471 67               [ 4] 1671 	ld	h, a
    00000472 29               [ 8] 1672 	add	hl, hl
    00000473 29               [ 8] 1673 	add	hl, hl
    00000474 29               [ 8] 1674 	add	hl, hl
    00000475 29               [ 8] 1675 	add	hl, hl
    00000476 09               [ 8] 1676 	add	hl, bc
    00000477 5D               [ 4] 1677 	ld	e, l
    00000478 54               [ 4] 1678 	ld	d, h
                                   1679 ;src/enemy.c:213: if (koopa->stomped || !koopa->active) {
    00000479 21 0D 00         [12] 1680 	ld	hl, #0x000d
    0000047C 19               [ 8] 1681 	add	hl, de
    0000047D CB 46            [12] 1682 	bit	0, (hl)
    0000047F C0               [20] 1683 	ret	NZ
    00000480 21 0F 00         [12] 1684 	ld	hl, #0x000f
    00000483 19               [ 8] 1685 	add	hl, de
    00000484 4E               [ 8] 1686 	ld	c, (hl)
    00000485 CB 41            [ 8] 1687 	bit	0, c
                                   1688 ;src/enemy.c:214: return;
    00000487 C8               [20] 1689 	ret	Z
                                   1690 ;src/enemy.c:218: if (koopa->vel_x == 0) {
    00000488 21 06 00         [12] 1691 	ld	hl, #0x0006
    0000048B 19               [ 8] 1692 	add	hl, de
    0000048C 7E               [ 8] 1693 	ld	a, (hl)
    0000048D B7               [ 4] 1694 	or	a, a
    0000048E 20 02            [12] 1695 	jr	NZ, 00105$
                                   1696 ;src/enemy.c:219: koopa->vel_x = -ENEMY_KOOPA_SPEED; // Start moving left
    00000490 36 FC            [12] 1697 	ld	(hl), #0xfc
    00000492                       1698 00105$:
                                   1699 ;src/enemy.c:223: enemy_apply_horizontal_movement(koopa, TRUE); // Koopas turn at cliffs
    00000492 D5               [16] 1700 	push	de
    00000493 3E 01            [ 8] 1701 	ld	a, #0x01
    00000495 F5               [16] 1702 	push	af
    00000496 33               [ 8] 1703 	inc	sp
    00000497 D5               [16] 1704 	push	de
    00000498 1Er00            [ 8] 1705 	ld	e, #b_enemy_apply_horizontal_movement
    0000049A 21rD8r00         [12] 1706 	ld	hl, #_enemy_apply_horizontal_movement
    0000049D CDr00r00         [24] 1707 	call	___sdcc_bcall_ehl
    000004A0 E8 03            [16] 1708 	add	sp, #3
    000004A2 D1               [12] 1709 	pop	de
                                   1710 ;src/enemy.c:224: enemy_apply_vertical_movement(koopa, 1); // Full gravity
    000004A3 3E 01            [ 8] 1711 	ld	a, #0x01
    000004A5 F5               [16] 1712 	push	af
    000004A6 33               [ 8] 1713 	inc	sp
    000004A7 D5               [16] 1714 	push	de
    000004A8 1Er00            [ 8] 1715 	ld	e, #b_enemy_apply_vertical_movement
    000004AA 21r8Cr02         [12] 1716 	ld	hl, #_enemy_apply_vertical_movement
    000004AD CDr00r00         [24] 1717 	call	___sdcc_bcall_ehl
    000004B0 E8 03            [16] 1718 	add	sp, #3
                                   1719 ;src/enemy.c:225: }
    000004B2 C9               [16] 1720 	ret
                                   1721 ;src/enemy.c:227: void enemy_move_fly(uint8_t index) BANKED {
                                   1722 ;	---------------------------------
                                   1723 ; Function enemy_move_fly
                                   1724 ; ---------------------------------
                         000000FF  1725 	b_enemy_move_fly	= 255
    000004B3                       1726 _enemy_move_fly::
    000004B3 E8 F7            [16] 1727 	add	sp, #-9
                                   1728 ;src/enemy.c:228: enemy_t *fly = &enemies[index];
    000004B5 01r00r00         [12] 1729 	ld	bc, #_enemies+0
    000004B8 F8 0F            [12] 1730 	ldhl	sp,	#15
    000004BA 5E               [ 8] 1731 	ld	e, (hl)
    000004BB AF               [ 4] 1732 	xor	a, a
    000004BC 6B               [ 4] 1733 	ld	l, e
    000004BD 67               [ 4] 1734 	ld	h, a
    000004BE 29               [ 8] 1735 	add	hl, hl
    000004BF 29               [ 8] 1736 	add	hl, hl
    000004C0 29               [ 8] 1737 	add	hl, hl
    000004C1 29               [ 8] 1738 	add	hl, hl
    000004C2 09               [ 8] 1739 	add	hl, bc
    000004C3 4D               [ 4] 1740 	ld	c, l
    000004C4 7C               [ 4] 1741 	ld	a, h
    000004C5 F8 00            [12] 1742 	ldhl	sp,	#0
    000004C7 71               [ 8] 1743 	ld	(hl), c
    000004C8 23               [ 8] 1744 	inc	hl
    000004C9 77               [ 8] 1745 	ld	(hl), a
                                   1746 ;src/enemy.c:231: if (fly->stomped || !fly->active) {
    000004CA D1               [12] 1747 	pop	de
    000004CB D5               [16] 1748 	push	de
    000004CC 21 0D 00         [12] 1749 	ld	hl, #0x000d
    000004CF 19               [ 8] 1750 	add	hl, de
    000004D0 4D               [ 4] 1751 	ld	c, l
    000004D1 44               [ 4] 1752 	ld	b, h
    000004D2 0A               [ 8] 1753 	ld	a, (bc)
    000004D3 CB 47            [ 8] 1754 	bit	0,a
    000004D5 C2rB8r05         [16] 1755 	jp	NZ, 00113$
    000004D8 D1               [12] 1756 	pop	de
    000004D9 D5               [16] 1757 	push	de
    000004DA 21 0F 00         [12] 1758 	ld	hl, #0x000f
    000004DD 19               [ 8] 1759 	add	hl, de
    000004DE 4D               [ 4] 1760 	ld	c, l
    000004DF 44               [ 4] 1761 	ld	b, h
    000004E0 0A               [ 8] 1762 	ld	a, (bc)
    000004E1 CB 47            [ 8] 1763 	bit	0,a
                                   1764 ;src/enemy.c:232: return;
    000004E3 CArB8r05         [16] 1765 	jp	Z, 00113$
                                   1766 ;src/enemy.c:235: uint8_t on_ground = enemy_has_ground(fly);
    000004E6 D1               [12] 1767 	pop	de
    000004E7 D5               [16] 1768 	push	de
    000004E8 D5               [16] 1769 	push	de
    000004E9 1Er00            [ 8] 1770 	ld	e, #b_enemy_has_ground
    000004EB 21r00r00         [12] 1771 	ld	hl, #_enemy_has_ground
    000004EE CDr00r00         [24] 1772 	call	___sdcc_bcall_ehl
    000004F1 E1               [12] 1773 	pop	hl
    000004F2 5F               [ 4] 1774 	ld	e, a
    000004F3 F8 02            [12] 1775 	ldhl	sp,	#2
                                   1776 ;src/enemy.c:239: fly->vel_y = ENEMY_FLY_JUMP_VELOCITY;
    000004F5 7B               [ 4] 1777 	ld	a, e
    000004F6 32               [ 8] 1778 	ld	(hl-), a
    000004F7 2B               [ 8] 1779 	dec	hl
    000004F8 D5               [16] 1780 	push	de
    000004F9 2A               [ 8] 1781 	ld	a, (hl+)
    000004FA 5F               [ 4] 1782 	ld	e, a
    000004FB 56               [ 8] 1783 	ld	d, (hl)
    000004FC 21 07 00         [12] 1784 	ld	hl, #0x0007
    000004FF 19               [ 8] 1785 	add	hl, de
    00000500 D1               [12] 1786 	pop	de
    00000501 4D               [ 4] 1787 	ld	c, l
    00000502 44               [ 4] 1788 	ld	b, h
                                   1789 ;src/enemy.c:244: fly->vel_x = -ENEMY_FLY_JUMP_SPEED;
    00000503 D5               [16] 1790 	push	de
    00000504 F8 02            [12] 1791 	ldhl	sp,#2
    00000506 2A               [ 8] 1792 	ld	a, (hl+)
    00000507 5F               [ 4] 1793 	ld	e, a
    00000508 56               [ 8] 1794 	ld	d, (hl)
    00000509 21 06 00         [12] 1795 	ld	hl, #0x0006
    0000050C 19               [ 8] 1796 	add	hl, de
    0000050D D1               [12] 1797 	pop	de
    0000050E E5               [16] 1798 	push	hl
    0000050F 7D               [ 4] 1799 	ld	a, l
    00000510 F8 05            [12] 1800 	ldhl	sp,	#5
    00000512 77               [ 8] 1801 	ld	(hl), a
    00000513 E1               [12] 1802 	pop	hl
    00000514 7C               [ 4] 1803 	ld	a, h
    00000515 F8 04            [12] 1804 	ldhl	sp,	#4
    00000517 77               [ 8] 1805 	ld	(hl), a
                                   1806 ;src/enemy.c:238: if (on_ground && fly->frame_counter >= ENEMY_FLY_WAIT_FRAMES) {
    00000518 7B               [ 4] 1807 	ld	a, e
    00000519 B7               [ 4] 1808 	or	a, a
    0000051A 28 65            [12] 1809 	jr	Z, 00108$
    0000051C D1               [12] 1810 	pop	de
    0000051D D5               [16] 1811 	push	de
    0000051E 21 09 00         [12] 1812 	ld	hl, #0x0009
    00000521 19               [ 8] 1813 	add	hl, de
    00000522 E5               [16] 1814 	push	hl
    00000523 7D               [ 4] 1815 	ld	a, l
    00000524 F8 07            [12] 1816 	ldhl	sp,	#7
    00000526 77               [ 8] 1817 	ld	(hl), a
    00000527 E1               [12] 1818 	pop	hl
    00000528 7C               [ 4] 1819 	ld	a, h
    00000529 F8 06            [12] 1820 	ldhl	sp,	#6
    0000052B 32               [ 8] 1821 	ld	(hl-), a
    0000052C 2A               [ 8] 1822 	ld	a, (hl+)
    0000052D 5F               [ 4] 1823 	ld	e, a
    0000052E 56               [ 8] 1824 	ld	d, (hl)
    0000052F 1A               [ 8] 1825 	ld	a, (de)
    00000530 D6 3C            [ 8] 1826 	sub	a, #0x3c
    00000532 38 4D            [12] 1827 	jr	C, 00108$
                                   1828 ;src/enemy.c:239: fly->vel_y = ENEMY_FLY_JUMP_VELOCITY;
    00000534 3E D0            [ 8] 1829 	ld	a, #0xd0
    00000536 02               [ 8] 1830 	ld	(bc), a
                                   1831 ;src/enemy.c:242: if (player_draw_x < fly->draw_x) {
    00000537 D1               [12] 1832 	pop	de
    00000538 D5               [16] 1833 	push	de
    00000539 21 04 00         [12] 1834 	ld	hl, #0x0004
    0000053C 19               [ 8] 1835 	add	hl, de
    0000053D 5D               [ 4] 1836 	ld	e, l
    0000053E 54               [ 4] 1837 	ld	d, h
    0000053F 1A               [ 8] 1838 	ld	a, (de)
    00000540 5F               [ 4] 1839 	ld	e, a
                                   1840 ;src/enemy.c:245: fly->flip = TRUE;
    00000541 D5               [16] 1841 	push	de
    00000542 F8 02            [12] 1842 	ldhl	sp,#2
    00000544 2A               [ 8] 1843 	ld	a, (hl+)
    00000545 5F               [ 4] 1844 	ld	e, a
    00000546 56               [ 8] 1845 	ld	d, (hl)
    00000547 21 0C 00         [12] 1846 	ld	hl, #0x000c
    0000054A 19               [ 8] 1847 	add	hl, de
    0000054B D1               [12] 1848 	pop	de
    0000054C E5               [16] 1849 	push	hl
    0000054D 7D               [ 4] 1850 	ld	a, l
    0000054E F8 09            [12] 1851 	ldhl	sp,	#9
    00000550 77               [ 8] 1852 	ld	(hl), a
    00000551 E1               [12] 1853 	pop	hl
    00000552 7C               [ 4] 1854 	ld	a, h
    00000553 F8 08            [12] 1855 	ldhl	sp,	#8
    00000555 77               [ 8] 1856 	ld	(hl), a
                                   1857 ;src/enemy.c:242: if (player_draw_x < fly->draw_x) {
    00000556 FAr00r00         [16] 1858 	ld	a, (#_player_draw_x)
    00000559 93               [ 4] 1859 	sub	a, e
    0000055A 30 10            [12] 1860 	jr	NC, 00105$
                                   1861 ;src/enemy.c:244: fly->vel_x = -ENEMY_FLY_JUMP_SPEED;
    0000055C F8 03            [12] 1862 	ldhl	sp,	#3
    0000055E 2A               [ 8] 1863 	ld	a, (hl+)
    0000055F 66               [ 8] 1864 	ld	h, (hl)
    00000560 6F               [ 4] 1865 	ld	l, a
    00000561 36 F8            [12] 1866 	ld	(hl), #0xf8
                                   1867 ;src/enemy.c:245: fly->flip = TRUE;
    00000563 F8 07            [12] 1868 	ldhl	sp,	#7
    00000565 2A               [ 8] 1869 	ld	a, (hl+)
    00000566 66               [ 8] 1870 	ld	h, (hl)
    00000567 6F               [ 4] 1871 	ld	l, a
    00000568 36 01            [12] 1872 	ld	(hl), #0x01
    0000056A 18 0E            [12] 1873 	jr	00106$
    0000056C                       1874 00105$:
                                   1875 ;src/enemy.c:248: fly->vel_x = ENEMY_FLY_JUMP_SPEED;
    0000056C F8 03            [12] 1876 	ldhl	sp,	#3
    0000056E 2A               [ 8] 1877 	ld	a, (hl+)
    0000056F 66               [ 8] 1878 	ld	h, (hl)
    00000570 6F               [ 4] 1879 	ld	l, a
    00000571 36 08            [12] 1880 	ld	(hl), #0x08
                                   1881 ;src/enemy.c:249: fly->flip = FALSE;
    00000573 F8 07            [12] 1882 	ldhl	sp,	#7
    00000575 2A               [ 8] 1883 	ld	a, (hl+)
    00000576 66               [ 8] 1884 	ld	h, (hl)
    00000577 6F               [ 4] 1885 	ld	l, a
    00000578 36 00            [12] 1886 	ld	(hl), #0x00
    0000057A                       1887 00106$:
                                   1888 ;src/enemy.c:252: fly->frame_counter = 0; // Reset counter
    0000057A F8 05            [12] 1889 	ldhl	sp,	#5
    0000057C 2A               [ 8] 1890 	ld	a, (hl+)
    0000057D 66               [ 8] 1891 	ld	h, (hl)
    0000057E 6F               [ 4] 1892 	ld	l, a
    0000057F 36 00            [12] 1893 	ld	(hl), #0x00
    00000581                       1894 00108$:
                                   1895 ;src/enemy.c:256: if (on_ground && fly->vel_y == 0) {
    00000581 F8 02            [12] 1896 	ldhl	sp,	#2
    00000583 7E               [ 8] 1897 	ld	a, (hl)
    00000584 B7               [ 4] 1898 	or	a, a
    00000585 28 0A            [12] 1899 	jr	Z, 00111$
    00000587 0A               [ 8] 1900 	ld	a, (bc)
    00000588 B7               [ 4] 1901 	or	a, a
    00000589 20 06            [12] 1902 	jr	NZ, 00111$
                                   1903 ;src/enemy.c:257: fly->vel_x = 0;
    0000058B 23               [ 8] 1904 	inc	hl
    0000058C 2A               [ 8] 1905 	ld	a, (hl+)
    0000058D 66               [ 8] 1906 	ld	h, (hl)
    0000058E 6F               [ 4] 1907 	ld	l, a
    0000058F 36 00            [12] 1908 	ld	(hl), #0x00
    00000591                       1909 00111$:
                                   1910 ;src/enemy.c:261: enemy_apply_horizontal_movement(fly, FALSE); // No cliff checking for flies
    00000591 AF               [ 4] 1911 	xor	a, a
    00000592 F5               [16] 1912 	push	af
    00000593 33               [ 8] 1913 	inc	sp
    00000594 F8 01            [12] 1914 	ldhl	sp,	#1
    00000596 2A               [ 8] 1915 	ld	a, (hl+)
    00000597 5F               [ 4] 1916 	ld	e, a
    00000598 56               [ 8] 1917 	ld	d, (hl)
    00000599 D5               [16] 1918 	push	de
    0000059A 1Er00            [ 8] 1919 	ld	e, #b_enemy_apply_horizontal_movement
    0000059C 21rD8r00         [12] 1920 	ld	hl, #_enemy_apply_horizontal_movement
    0000059F CDr00r00         [24] 1921 	call	___sdcc_bcall_ehl
    000005A2 E8 03            [16] 1922 	add	sp, #3
                                   1923 ;src/enemy.c:262: enemy_apply_vertical_movement(fly, 8); // Lighter gravity (1/8th)
    000005A4 3E 08            [ 8] 1924 	ld	a, #0x08
    000005A6 F5               [16] 1925 	push	af
    000005A7 33               [ 8] 1926 	inc	sp
    000005A8 F8 01            [12] 1927 	ldhl	sp,	#1
    000005AA 2A               [ 8] 1928 	ld	a, (hl+)
    000005AB 5F               [ 4] 1929 	ld	e, a
    000005AC 56               [ 8] 1930 	ld	d, (hl)
    000005AD D5               [16] 1931 	push	de
    000005AE 1Er00            [ 8] 1932 	ld	e, #b_enemy_apply_vertical_movement
    000005B0 21r8Cr02         [12] 1933 	ld	hl, #_enemy_apply_vertical_movement
    000005B3 CDr00r00         [24] 1934 	call	___sdcc_bcall_ehl
    000005B6 E8 03            [16] 1935 	add	sp, #3
    000005B8                       1936 00113$:
                                   1937 ;src/enemy.c:263: }
    000005B8 E8 09            [16] 1938 	add	sp, #9
    000005BA C9               [16] 1939 	ret
                                   1940 ;src/enemy.c:265: void enemy_stomp(uint8_t index_enemy) BANKED {
                                   1941 ;	---------------------------------
                                   1942 ; Function enemy_stomp
                                   1943 ; ---------------------------------
                         000000FF  1944 	b_enemy_stomp	= 255
    000005BB                       1945 _enemy_stomp::
                                   1946 ;src/enemy.c:266: enemy_t *enemy = &enemies[index_enemy];
    000005BB 01r00r00         [12] 1947 	ld	bc, #_enemies+0
    000005BE F8 06            [12] 1948 	ldhl	sp,	#6
    000005C0 5E               [ 8] 1949 	ld	e, (hl)
    000005C1 AF               [ 4] 1950 	xor	a, a
    000005C2 6B               [ 4] 1951 	ld	l, e
    000005C3 67               [ 4] 1952 	ld	h, a
    000005C4 29               [ 8] 1953 	add	hl, hl
    000005C5 29               [ 8] 1954 	add	hl, hl
    000005C6 29               [ 8] 1955 	add	hl, hl
    000005C7 29               [ 8] 1956 	add	hl, hl
    000005C8 09               [ 8] 1957 	add	hl, bc
    000005C9 4D               [ 4] 1958 	ld	c, l
    000005CA 44               [ 4] 1959 	ld	b, h
                                   1960 ;src/enemy.c:268: if (!enemy->active) {
    000005CB 21 0F 00         [12] 1961 	ld	hl, #0x000f
    000005CE 09               [ 8] 1962 	add	hl, bc
    000005CF 5E               [ 8] 1963 	ld	e, (hl)
    000005D0 CB 43            [ 8] 1964 	bit	0, e
                                   1965 ;src/enemy.c:269: return;
    000005D2 C8               [20] 1966 	ret	Z
                                   1967 ;src/enemy.c:273: enemy->stomped = TRUE;
    000005D3 21 0D 00         [12] 1968 	ld	hl, #0x000d
    000005D6 09               [ 8] 1969 	add	hl, bc
    000005D7 36 01            [12] 1970 	ld	(hl), #0x01
                                   1971 ;src/enemy.c:274: enemy->stomped_timer = ENEMY_STOMPED_DISPLAY_FRAMES;
    000005D9 21 0E 00         [12] 1972 	ld	hl, #0x000e
    000005DC 09               [ 8] 1973 	add	hl, bc
    000005DD 36 1E            [12] 1974 	ld	(hl), #0x1e
                                   1975 ;src/enemy.c:277: enemy->vel_x = 0;
    000005DF 21 06 00         [12] 1976 	ld	hl, #0x0006
    000005E2 09               [ 8] 1977 	add	hl, bc
    000005E3 36 00            [12] 1978 	ld	(hl), #0x00
                                   1979 ;src/enemy.c:278: enemy->vel_y = 0;
    000005E5 21 07 00         [12] 1980 	ld	hl, #0x0007
    000005E8 09               [ 8] 1981 	add	hl, bc
    000005E9 36 00            [12] 1982 	ld	(hl), #0x00
                                   1983 ;src/enemy.c:281: switch (enemy->type) {
    000005EB 21 08 00         [12] 1984 	ld	hl, #0x0008
    000005EE 09               [ 8] 1985 	add	hl, bc
    000005EF 5E               [ 8] 1986 	ld	e, (hl)
                                   1987 ;src/enemy.c:283: enemy->current_frame = 1;
    000005F0 21 0A 00         [12] 1988 	ld	hl, #0x000a
    000005F3 09               [ 8] 1989 	add	hl, bc
                                   1990 ;src/enemy.c:281: switch (enemy->type) {
    000005F4 7B               [ 4] 1991 	ld	a, e
    000005F5 B7               [ 4] 1992 	or	a, a
    000005F6 28 05            [12] 1993 	jr	Z, 00103$
    000005F8 1D               [ 4] 1994 	dec	e
    000005F9 28 0B            [12] 1995 	jr	Z, 00104$
    000005FB 18 0C            [12] 1996 	jr	00105$
                                   1997 ;src/enemy.c:282: case ENEMY_GOOMBO:
    000005FD                       1998 00103$:
                                   1999 ;src/enemy.c:283: enemy->current_frame = 1;
    000005FD 36 01            [12] 2000 	ld	(hl), #0x01
                                   2001 ;src/enemy.c:284: enemy->flip = FALSE;
    000005FF 21 0C 00         [12] 2002 	ld	hl, #0x000c
    00000602 09               [ 8] 2003 	add	hl, bc
    00000603 36 00            [12] 2004 	ld	(hl), #0x00
                                   2005 ;src/enemy.c:285: break;
    00000605 C9               [16] 2006 	ret
                                   2007 ;src/enemy.c:286: case ENEMY_KOOPA:
    00000606                       2008 00104$:
                                   2009 ;src/enemy.c:287: enemy->current_frame = 4;
    00000606 36 04            [12] 2010 	ld	(hl), #0x04
                                   2011 ;src/enemy.c:288: break;
    00000608 C9               [16] 2012 	ret
                                   2013 ;src/enemy.c:289: default:
    00000609                       2014 00105$:
                                   2015 ;src/enemy.c:290: enemy->current_frame++;
    00000609 34               [12] 2016 	inc	(hl)
                                   2017 ;src/enemy.c:292: }
                                   2018 ;src/enemy.c:293: }
    0000060A C9               [16] 2019 	ret
                                   2020 ;src/enemy.c:305: void enemy_reset_all(void) BANKED {
                                   2021 ;	---------------------------------
                                   2022 ; Function enemy_reset_all
                                   2023 ; ---------------------------------
                         000000FF  2024 	b_enemy_reset_all	= 255
    0000060B                       2025 _enemy_reset_all::
                                   2026 ;src/enemy.c:309: for (uint8_t i = 0; i < ENEMY_MAX; i++) {
    0000060B 0E 00            [ 8] 2027 	ld	c, #0x00
    0000060D                       2028 00103$:
    0000060D 79               [ 4] 2029 	ld	a, c
    0000060E D6 04            [ 8] 2030 	sub	a, #0x04
    00000610 30 42            [12] 2031 	jr	NC, 00101$
                                   2032 ;src/enemy.c:310: enemies[i].active = FALSE;
    00000612 69               [ 4] 2033 	ld	l, c
    00000613 AF               [ 4] 2034 	xor	a, a
    00000614 67               [ 4] 2035 	ld	h, a
    00000615 29               [ 8] 2036 	add	hl, hl
    00000616 29               [ 8] 2037 	add	hl, hl
    00000617 29               [ 8] 2038 	add	hl, hl
    00000618 29               [ 8] 2039 	add	hl, hl
    00000619 7D               [ 4] 2040 	ld	a, l
    0000061A C6r00            [ 8] 2041 	add	a, #<(_enemies)
    0000061C 5F               [ 4] 2042 	ld	e, a
    0000061D 7C               [ 4] 2043 	ld	a, h
    0000061E CEs00            [ 8] 2044 	adc	a, #>(_enemies)
    00000620 57               [ 4] 2045 	ld	d, a
    00000621 21 0F 00         [12] 2046 	ld	hl, #0x000f
    00000624 19               [ 8] 2047 	add	hl, de
    00000625 36 00            [12] 2048 	ld	(hl), #0x00
                                   2049 ;src/enemy.c:311: enemies[i].stomped = FALSE;
    00000627 21 0D 00         [12] 2050 	ld	hl, #0x000d
    0000062A 19               [ 8] 2051 	add	hl, de
    0000062B 36 00            [12] 2052 	ld	(hl), #0x00
                                   2053 ;src/enemy.c:312: enemies[i].x = 0;
    0000062D 6B               [ 4] 2054 	ld	l, e
    0000062E 62               [ 4] 2055 	ld	h, d
    0000062F AF               [ 4] 2056 	xor	a, a
    00000630 22               [ 8] 2057 	ld	(hl+), a
    00000631 77               [ 8] 2058 	ld	(hl), a
                                   2059 ;src/enemy.c:313: enemies[i].y = 0;
    00000632 6B               [ 4] 2060 	ld	l, e
    00000633 62               [ 4] 2061 	ld	h, d
    00000634 23               [ 8] 2062 	inc	hl
    00000635 23               [ 8] 2063 	inc	hl
    00000636 AF               [ 4] 2064 	xor	a, a
    00000637 22               [ 8] 2065 	ld	(hl+), a
    00000638 77               [ 8] 2066 	ld	(hl), a
                                   2067 ;src/enemy.c:314: enemies[i].vel_x = 0;
    00000639 21 06 00         [12] 2068 	ld	hl, #0x0006
    0000063C 19               [ 8] 2069 	add	hl, de
    0000063D 36 00            [12] 2070 	ld	(hl), #0x00
                                   2071 ;src/enemy.c:315: enemies[i].vel_y = 0;
    0000063F 21 07 00         [12] 2072 	ld	hl, #0x0007
    00000642 19               [ 8] 2073 	add	hl, de
    00000643 36 00            [12] 2074 	ld	(hl), #0x00
                                   2075 ;src/enemy.c:316: enemies[i].draw_x = 0;
    00000645 21 04 00         [12] 2076 	ld	hl, #0x0004
    00000648 19               [ 8] 2077 	add	hl, de
    00000649 36 00            [12] 2078 	ld	(hl), #0x00
                                   2079 ;src/enemy.c:317: enemies[i].draw_y = 0;
    0000064B 21 05 00         [12] 2080 	ld	hl, #0x0005
    0000064E 19               [ 8] 2081 	add	hl, de
    0000064F 36 00            [12] 2082 	ld	(hl), #0x00
                                   2083 ;src/enemy.c:309: for (uint8_t i = 0; i < ENEMY_MAX; i++) {
    00000651 0C               [ 4] 2084 	inc	c
    00000652 18 B9            [12] 2085 	jr	00103$
    00000654                       2086 00101$:
                                   2087 ;src/enemy.c:321: enemy_count = 0;
    00000654 AF               [ 4] 2088 	xor	a, a
    00000655 EAr00r00         [16] 2089 	ld	(#_enemy_count),a
                                   2090 ;src/enemy.c:324: hide_sprites_range(1, MAX_HARDWARE_SPRITES);
    00000658 1E 28            [ 8] 2091 	ld	e, #0x28
    0000065A 3E 01            [ 8] 2092 	ld	a, #0x01
                                   2093 ;src/enemy.c:325: }
    0000065C C3r00r00         [16] 2094 	jp	_hide_sprites_range
                                   2095 ;src/enemy.c:327: void enemy_update(void) BANKED {
                                   2096 ;	---------------------------------
                                   2097 ; Function enemy_update
                                   2098 ; ---------------------------------
                         000000FF  2099 	b_enemy_update	= 255
    0000065F                       2100 _enemy_update::
    0000065F E8 F0            [16] 2101 	add	sp, #-16
                                   2102 ;src/enemy.c:328: for (uint8_t index_enemy = 0; index_enemy < ENEMY_MAX; index_enemy++) {
    00000661 F8 0F            [12] 2103 	ldhl	sp,	#15
    00000663 36 00            [12] 2104 	ld	(hl), #0x00
    00000665                       2105 00121$:
    00000665 F8 0F            [12] 2106 	ldhl	sp,	#15
    00000667 7E               [ 8] 2107 	ld	a, (hl)
    00000668 D6 04            [ 8] 2108 	sub	a, #0x04
    0000066A D2rE8r08         [16] 2109 	jp	NC, 00122$
                                   2110 ;src/enemy.c:330: if (!enemies[index_enemy].active) {
    0000066D 3A               [ 8] 2111 	ld	a, (hl-)
    0000066E 2B               [ 8] 2112 	dec	hl
    0000066F 22               [ 8] 2113 	ld	(hl+), a
    00000670 36 00            [12] 2114 	ld	(hl), #0x00
    00000672 3E 04            [ 8] 2115 	ld	a, #0x04
    00000674                       2116 00209$:
    00000674 F8 0D            [12] 2117 	ldhl	sp,	#13
    00000676 CB 26            [16] 2118 	sla	(hl)
    00000678 23               [ 8] 2119 	inc	hl
    00000679 CB 16            [16] 2120 	rl	(hl)
    0000067B 3D               [ 4] 2121 	dec	a
    0000067C 20 F6            [12] 2122 	jr	NZ, 00209$
    0000067E 2B               [ 8] 2123 	dec	hl
    0000067F 2A               [ 8] 2124 	ld	a, (hl+)
    00000680 5F               [ 4] 2125 	ld	e, a
    00000681 56               [ 8] 2126 	ld	d, (hl)
    00000682 21r00r00         [12] 2127 	ld	hl, #_enemies
    00000685 19               [ 8] 2128 	add	hl, de
    00000686 33               [ 8] 2129 	inc	sp
    00000687 33               [ 8] 2130 	inc	sp
    00000688 5D               [ 4] 2131 	ld	e, l
    00000689 54               [ 4] 2132 	ld	d, h
    0000068A D5               [16] 2133 	push	de
    0000068B 21 0F 00         [12] 2134 	ld	hl, #0x000f
    0000068E 19               [ 8] 2135 	add	hl, de
    0000068F 4D               [ 4] 2136 	ld	c, l
    00000690 44               [ 4] 2137 	ld	b, h
    00000691 0A               [ 8] 2138 	ld	a, (bc)
    00000692 F8 0E            [12] 2139 	ldhl	sp,	#14
    00000694 77               [ 8] 2140 	ld	(hl), a
    00000695 CB 46            [12] 2141 	bit	0, (hl)
    00000697 CArE2r08         [16] 2142 	jp	Z, 00118$
                                   2143 ;src/enemy.c:335: if (enemies[index_enemy].stomped) {
    0000069A D1               [12] 2144 	pop	de
    0000069B D5               [16] 2145 	push	de
    0000069C 21 0D 00         [12] 2146 	ld	hl, #0x000d
    0000069F 19               [ 8] 2147 	add	hl, de
    000006A0 4D               [ 4] 2148 	ld	c, l
    000006A1 44               [ 4] 2149 	ld	b, h
    000006A2 0A               [ 8] 2150 	ld	a, (bc)
    000006A3 4F               [ 4] 2151 	ld	c, a
                                   2152 ;src/enemy.c:343: enemies[index_enemy].draw_x =
    000006A4 D1               [12] 2153 	pop	de
    000006A5 D5               [16] 2154 	push	de
    000006A6 21 04 00         [12] 2155 	ld	hl, #0x0004
    000006A9 19               [ 8] 2156 	add	hl, de
    000006AA E5               [16] 2157 	push	hl
    000006AB 7D               [ 4] 2158 	ld	a, l
    000006AC F8 04            [12] 2159 	ldhl	sp,	#4
    000006AE 77               [ 8] 2160 	ld	(hl), a
    000006AF E1               [12] 2161 	pop	hl
    000006B0 7C               [ 4] 2162 	ld	a, h
    000006B1 F8 03            [12] 2163 	ldhl	sp,	#3
    000006B3 77               [ 8] 2164 	ld	(hl), a
                                   2165 ;src/enemy.c:344: (enemies[index_enemy].x - camera_x_upscaled) >> 4;
    000006B4 F8 00            [12] 2166 	ldhl	sp,	#0
    000006B6 7E               [ 8] 2167 	ld	a, (hl)
    000006B7 F8 04            [12] 2168 	ldhl	sp,	#4
    000006B9 77               [ 8] 2169 	ld	(hl), a
    000006BA F8 01            [12] 2170 	ldhl	sp,	#1
    000006BC 7E               [ 8] 2171 	ld	a, (hl)
    000006BD F8 05            [12] 2172 	ldhl	sp,	#5
    000006BF 77               [ 8] 2173 	ld	(hl), a
                                   2174 ;src/enemy.c:345: enemies[index_enemy].draw_y = enemies[index_enemy].y >> 4;
    000006C0 D1               [12] 2175 	pop	de
    000006C1 D5               [16] 2176 	push	de
    000006C2 21 05 00         [12] 2177 	ld	hl, #0x0005
    000006C5 19               [ 8] 2178 	add	hl, de
    000006C6 E5               [16] 2179 	push	hl
    000006C7 7D               [ 4] 2180 	ld	a, l
    000006C8 F8 08            [12] 2181 	ldhl	sp,	#8
    000006CA 77               [ 8] 2182 	ld	(hl), a
    000006CB E1               [12] 2183 	pop	hl
    000006CC 7C               [ 4] 2184 	ld	a, h
    000006CD F8 07            [12] 2185 	ldhl	sp,	#7
    000006CF 77               [ 8] 2186 	ld	(hl), a
    000006D0 D1               [12] 2187 	pop	de
    000006D1 D5               [16] 2188 	push	de
    000006D2 21 02 00         [12] 2189 	ld	hl, #0x0002
    000006D5 19               [ 8] 2190 	add	hl, de
    000006D6 E5               [16] 2191 	push	hl
    000006D7 7D               [ 4] 2192 	ld	a, l
    000006D8 F8 0A            [12] 2193 	ldhl	sp,	#10
    000006DA 77               [ 8] 2194 	ld	(hl), a
    000006DB E1               [12] 2195 	pop	hl
    000006DC 7C               [ 4] 2196 	ld	a, h
    000006DD F8 09            [12] 2197 	ldhl	sp,	#9
    000006DF 77               [ 8] 2198 	ld	(hl), a
                                   2199 ;src/enemy.c:335: if (enemies[index_enemy].stomped) {
    000006E0 CB 41            [ 8] 2200 	bit	0, c
    000006E2 CAr63r07         [16] 2201 	jp	Z, 00106$
                                   2202 ;src/enemy.c:336: enemies[index_enemy].stomped_timer--;
    000006E5 D1               [12] 2203 	pop	de
    000006E6 D5               [16] 2204 	push	de
    000006E7 21 0E 00         [12] 2205 	ld	hl, #0x000e
    000006EA 19               [ 8] 2206 	add	hl, de
    000006EB 4D               [ 4] 2207 	ld	c, l
    000006EC 44               [ 4] 2208 	ld	b, h
    000006ED 0A               [ 8] 2209 	ld	a, (bc)
    000006EE 3D               [ 4] 2210 	dec	a
    000006EF 02               [ 8] 2211 	ld	(bc), a
                                   2212 ;src/enemy.c:337: if (enemies[index_enemy].stomped_timer == 0) {
    000006F0 B7               [ 4] 2213 	or	a, a
    000006F1 20 09            [12] 2214 	jr	NZ, 00104$
                                   2215 ;src/enemy.c:339: enemy_remove(index_enemy);
    000006F3 F8 0F            [12] 2216 	ldhl	sp,	#15
    000006F5 7E               [ 8] 2217 	ld	a, (hl)
    000006F6 CDrE3r01         [24] 2218 	call	_enemy_remove
                                   2219 ;src/enemy.c:340: continue;
    000006F9 C3rE2r08         [16] 2220 	jp	00118$
    000006FC                       2221 00104$:
                                   2222 ;src/enemy.c:344: (enemies[index_enemy].x - camera_x_upscaled) >> 4;
    000006FC F8 04            [12] 2223 	ldhl	sp,#4
    000006FE 2A               [ 8] 2224 	ld	a, (hl+)
    000006FF 5F               [ 4] 2225 	ld	e, a
    00000700 56               [ 8] 2226 	ld	d, (hl)
    00000701 1A               [ 8] 2227 	ld	a, (de)
    00000702 F8 0D            [12] 2228 	ldhl	sp,	#13
    00000704 22               [ 8] 2229 	ld	(hl+), a
    00000705 13               [ 8] 2230 	inc	de
    00000706 1A               [ 8] 2231 	ld	a, (de)
    00000707 32               [ 8] 2232 	ld	(hl-), a
    00000708 2A               [ 8] 2233 	ld	a, (hl+)
    00000709 5F               [ 4] 2234 	ld	e, a
    0000070A 56               [ 8] 2235 	ld	d, (hl)
    0000070B 21r00r00         [12] 2236 	ld	hl, #_camera_x_upscaled
    0000070E 2A               [ 8] 2237 	ld	a,	(hl+)
    0000070F 66               [ 8] 2238 	ld	h, (hl)
    00000710 6F               [ 4] 2239 	ld	l, a
    00000711 7B               [ 4] 2240 	ld	a, e
    00000712 95               [ 4] 2241 	sub	a, l
    00000713 5F               [ 4] 2242 	ld	e, a
    00000714 7A               [ 4] 2243 	ld	a, d
    00000715 9C               [ 4] 2244 	sbc	a, h
    00000716 F8 0C            [12] 2245 	ldhl	sp,	#12
    00000718 32               [ 8] 2246 	ld	(hl-), a
    00000719 7B               [ 4] 2247 	ld	a, e
    0000071A 22               [ 8] 2248 	ld	(hl+), a
    0000071B 2B               [ 8] 2249 	dec	hl
    0000071C 2A               [ 8] 2250 	ld	a, (hl+)
    0000071D 4F               [ 4] 2251 	ld	c, a
    0000071E 46               [ 8] 2252 	ld	b, (hl)
    0000071F CB 38            [ 8] 2253 	srl	b
    00000721 CB 19            [ 8] 2254 	rr	c
    00000723 CB 38            [ 8] 2255 	srl	b
    00000725 CB 19            [ 8] 2256 	rr	c
    00000727 CB 38            [ 8] 2257 	srl	b
    00000729 CB 19            [ 8] 2258 	rr	c
    0000072B CB 38            [ 8] 2259 	srl	b
    0000072D CB 19            [ 8] 2260 	rr	c
    0000072F F8 02            [12] 2261 	ldhl	sp,	#2
    00000731 2A               [ 8] 2262 	ld	a, (hl+)
    00000732 66               [ 8] 2263 	ld	h, (hl)
    00000733 6F               [ 4] 2264 	ld	l, a
    00000734 71               [ 8] 2265 	ld	(hl), c
                                   2266 ;src/enemy.c:345: enemies[index_enemy].draw_y = enemies[index_enemy].y >> 4;
    00000735 F8 08            [12] 2267 	ldhl	sp,#8
    00000737 2A               [ 8] 2268 	ld	a, (hl+)
    00000738 5F               [ 4] 2269 	ld	e, a
    00000739 56               [ 8] 2270 	ld	d, (hl)
    0000073A 1A               [ 8] 2271 	ld	a, (de)
    0000073B F8 0D            [12] 2272 	ldhl	sp,	#13
    0000073D 22               [ 8] 2273 	ld	(hl+), a
    0000073E 13               [ 8] 2274 	inc	de
    0000073F 1A               [ 8] 2275 	ld	a, (de)
    00000740 77               [ 8] 2276 	ld	(hl), a
    00000741 CB 3E            [16] 2277 	srl	(hl)
    00000743 2B               [ 8] 2278 	dec	hl
    00000744 CB 1E            [16] 2279 	rr	(hl)
    00000746 23               [ 8] 2280 	inc	hl
    00000747 CB 3E            [16] 2281 	srl	(hl)
    00000749 2B               [ 8] 2282 	dec	hl
    0000074A CB 1E            [16] 2283 	rr	(hl)
    0000074C 23               [ 8] 2284 	inc	hl
    0000074D CB 3E            [16] 2285 	srl	(hl)
    0000074F 2B               [ 8] 2286 	dec	hl
    00000750 CB 1E            [16] 2287 	rr	(hl)
    00000752 23               [ 8] 2288 	inc	hl
    00000753 CB 3E            [16] 2289 	srl	(hl)
    00000755 2B               [ 8] 2290 	dec	hl
    00000756 CB 1E            [16] 2291 	rr	(hl)
    00000758 7E               [ 8] 2292 	ld	a, (hl)
    00000759 F8 06            [12] 2293 	ldhl	sp,	#6
    0000075B 5E               [ 8] 2294 	ld	e, (hl)
    0000075C 23               [ 8] 2295 	inc	hl
    0000075D 66               [ 8] 2296 	ld	h, (hl)
    0000075E 6B               [ 4] 2297 	ld	l, e
    0000075F 77               [ 8] 2298 	ld	(hl), a
                                   2299 ;src/enemy.c:346: continue;
    00000760 C3rE2r08         [16] 2300 	jp	00118$
    00000763                       2301 00106$:
                                   2302 ;src/enemy.c:349: switch (enemies[index_enemy].type) {
    00000763 D1               [12] 2303 	pop	de
    00000764 D5               [16] 2304 	push	de
    00000765 21 08 00         [12] 2305 	ld	hl, #0x0008
    00000768 19               [ 8] 2306 	add	hl, de
    00000769 4D               [ 4] 2307 	ld	c, l
    0000076A 44               [ 4] 2308 	ld	b, h
    0000076B 0A               [ 8] 2309 	ld	a, (bc)
    0000076C F8 0E            [12] 2310 	ldhl	sp,	#14
    0000076E 77               [ 8] 2311 	ld	(hl), a
                                   2312 ;src/enemy.c:353: if (enemies[index_enemy].frame_counter == ENEMY_LOOP_PER_ANIMATION_FRAME) {
    0000076F D1               [12] 2313 	pop	de
    00000770 D5               [16] 2314 	push	de
    00000771 21 09 00         [12] 2315 	ld	hl, #0x0009
    00000774 19               [ 8] 2316 	add	hl, de
    00000775 E5               [16] 2317 	push	hl
    00000776 7D               [ 4] 2318 	ld	a, l
    00000777 F8 0C            [12] 2319 	ldhl	sp,	#12
    00000779 77               [ 8] 2320 	ld	(hl), a
    0000077A E1               [12] 2321 	pop	hl
    0000077B 7C               [ 4] 2322 	ld	a, h
    0000077C F8 0B            [12] 2323 	ldhl	sp,	#11
    0000077E 77               [ 8] 2324 	ld	(hl), a
                                   2325 ;src/enemy.c:349: switch (enemies[index_enemy].type) {
    0000077F F8 0E            [12] 2326 	ldhl	sp,	#14
    00000781 7E               [ 8] 2327 	ld	a, (hl)
    00000782 B7               [ 4] 2328 	or	a, a
    00000783 28 11            [12] 2329 	jr	Z, 00107$
    00000785 F8 0E            [12] 2330 	ldhl	sp,	#14
    00000787 7E               [ 8] 2331 	ld	a, (hl)
    00000788 3D               [ 4] 2332 	dec	a
    00000789 28 36            [12] 2333 	jr	Z, 00110$
    0000078B F8 0E            [12] 2334 	ldhl	sp,	#14
    0000078D 7E               [ 8] 2335 	ld	a, (hl)
    0000078E D6 02            [ 8] 2336 	sub	a, #0x02
    00000790 CAr10r08         [16] 2337 	jp	Z, 00113$
    00000793 C3r1Er08         [16] 2338 	jp	00114$
                                   2339 ;src/enemy.c:350: case ENEMY_GOOMBO:
    00000796                       2340 00107$:
                                   2341 ;src/enemy.c:351: enemy_move_goomba(index_enemy);
    00000796 F8 0F            [12] 2342 	ldhl	sp,	#15
    00000798 7E               [ 8] 2343 	ld	a, (hl)
    00000799 F5               [16] 2344 	push	af
    0000079A 33               [ 8] 2345 	inc	sp
    0000079B 1Er00            [ 8] 2346 	ld	e, #b_enemy_move_goomba
    0000079D 21r20r04         [12] 2347 	ld	hl, #_enemy_move_goomba
    000007A0 CDr00r00         [24] 2348 	call	___sdcc_bcall_ehl
    000007A3 33               [ 8] 2349 	inc	sp
                                   2350 ;src/enemy.c:353: if (enemies[index_enemy].frame_counter == ENEMY_LOOP_PER_ANIMATION_FRAME) {
    000007A4 F8 0A            [12] 2351 	ldhl	sp,#10
    000007A6 2A               [ 8] 2352 	ld	a, (hl+)
    000007A7 5F               [ 4] 2353 	ld	e, a
    000007A8 56               [ 8] 2354 	ld	d, (hl)
    000007A9 1A               [ 8] 2355 	ld	a, (de)
    000007AA D6 0F            [ 8] 2356 	sub	a, #0x0f
    000007AC 20 70            [12] 2357 	jr	NZ, 00114$
                                   2358 ;src/enemy.c:354: enemies[index_enemy].frame_counter = 0;
    000007AE 3A               [ 8] 2359 	ld	a, (hl-)
    000007AF 6E               [ 8] 2360 	ld	l, (hl)
    000007B0 67               [ 4] 2361 	ld	h, a
    000007B1 36 00            [12] 2362 	ld	(hl), #0x00
                                   2363 ;src/enemy.c:355: enemies[index_enemy].flip = !enemies[index_enemy].flip;
    000007B3 D1               [12] 2364 	pop	de
    000007B4 D5               [16] 2365 	push	de
    000007B5 21 0C 00         [12] 2366 	ld	hl, #0x000c
    000007B8 19               [ 8] 2367 	add	hl, de
    000007B9 4D               [ 4] 2368 	ld	c, l
    000007BA 44               [ 4] 2369 	ld	b, h
    000007BB 0A               [ 8] 2370 	ld	a, (bc)
    000007BC EE 01            [ 8] 2371 	xor	a, #0x01
    000007BE 02               [ 8] 2372 	ld	(bc), a
                                   2373 ;src/enemy.c:357: break;
    000007BF 18 5D            [12] 2374 	jr	00114$
                                   2375 ;src/enemy.c:358: case ENEMY_KOOPA:
    000007C1                       2376 00110$:
                                   2377 ;src/enemy.c:359: enemy_move_koopa(index_enemy);
    000007C1 F8 0F            [12] 2378 	ldhl	sp,	#15
    000007C3 7E               [ 8] 2379 	ld	a, (hl)
    000007C4 F5               [16] 2380 	push	af
    000007C5 33               [ 8] 2381 	inc	sp
    000007C6 1Er00            [ 8] 2382 	ld	e, #b_enemy_move_koopa
    000007C8 21r69r04         [12] 2383 	ld	hl, #_enemy_move_koopa
    000007CB CDr00r00         [24] 2384 	call	___sdcc_bcall_ehl
    000007CE 33               [ 8] 2385 	inc	sp
                                   2386 ;src/enemy.c:360: if (enemies[index_enemy].frame_counter == ENEMY_LOOP_PER_ANIMATION_FRAME) {
    000007CF F8 0A            [12] 2387 	ldhl	sp,#10
    000007D1 2A               [ 8] 2388 	ld	a, (hl+)
    000007D2 5F               [ 4] 2389 	ld	e, a
    000007D3 56               [ 8] 2390 	ld	d, (hl)
    000007D4 1A               [ 8] 2391 	ld	a, (de)
    000007D5 D6 0F            [ 8] 2392 	sub	a, #0x0f
    000007D7 20 45            [12] 2393 	jr	NZ, 00114$
                                   2394 ;src/enemy.c:361: enemies[index_enemy].frame_counter = 0;
    000007D9 3A               [ 8] 2395 	ld	a, (hl-)
    000007DA 6E               [ 8] 2396 	ld	l, (hl)
    000007DB 67               [ 4] 2397 	ld	h, a
    000007DC 36 00            [12] 2398 	ld	(hl), #0x00
                                   2399 ;src/enemy.c:362: enemies[index_enemy].current_frame =
    000007DE D1               [12] 2400 	pop	de
    000007DF D5               [16] 2401 	push	de
    000007E0 21 0A 00         [12] 2402 	ld	hl, #0x000a
    000007E3 19               [ 8] 2403 	add	hl, de
    000007E4 E5               [16] 2404 	push	hl
    000007E5 7D               [ 4] 2405 	ld	a, l
    000007E6 F8 0E            [12] 2406 	ldhl	sp,	#14
    000007E8 77               [ 8] 2407 	ld	(hl), a
    000007E9 E1               [12] 2408 	pop	hl
    000007EA 7C               [ 4] 2409 	ld	a, h
    000007EB F8 0D            [12] 2410 	ldhl	sp,	#13
                                   2411 ;src/enemy.c:363: (enemies[index_enemy].current_frame + 1) % 2 + 2;
    000007ED 32               [ 8] 2412 	ld	(hl-), a
    000007EE 2A               [ 8] 2413 	ld	a, (hl+)
    000007EF 5F               [ 4] 2414 	ld	e, a
    000007F0 56               [ 8] 2415 	ld	d, (hl)
    000007F1 1A               [ 8] 2416 	ld	a, (de)
    000007F2 16 00            [ 8] 2417 	ld	d, #0x00
    000007F4 5F               [ 4] 2418 	ld	e, a
    000007F5 13               [ 8] 2419 	inc	de
    000007F6 01 02 00         [12] 2420 	ld	bc, #0x0002
    000007F9 CDr00r00         [24] 2421 	call	__modsint
    000007FC E1               [12] 2422 	pop	hl
    000007FD C5               [16] 2423 	push	bc
    000007FE F8 00            [12] 2424 	ldhl	sp,	#0
    00000800 7E               [ 8] 2425 	ld	a, (hl)
    00000801 F8 0E            [12] 2426 	ldhl	sp,	#14
    00000803 77               [ 8] 2427 	ld	(hl), a
    00000804 34               [12] 2428 	inc	(hl)
    00000805 34               [12] 2429 	inc	(hl)
    00000806 2B               [ 8] 2430 	dec	hl
    00000807 2B               [ 8] 2431 	dec	hl
    00000808 2A               [ 8] 2432 	ld	a, (hl+)
    00000809 5F               [ 4] 2433 	ld	e, a
    0000080A 2A               [ 8] 2434 	ld	a, (hl+)
    0000080B 57               [ 4] 2435 	ld	d, a
    0000080C 7E               [ 8] 2436 	ld	a, (hl)
    0000080D 12               [ 8] 2437 	ld	(de), a
                                   2438 ;src/enemy.c:365: break;
    0000080E 18 0E            [12] 2439 	jr	00114$
                                   2440 ;src/enemy.c:366: case ENEMY_FLY:
    00000810                       2441 00113$:
                                   2442 ;src/enemy.c:367: enemy_move_fly(index_enemy);
    00000810 F8 0F            [12] 2443 	ldhl	sp,	#15
    00000812 7E               [ 8] 2444 	ld	a, (hl)
    00000813 F5               [16] 2445 	push	af
    00000814 33               [ 8] 2446 	inc	sp
    00000815 1Er00            [ 8] 2447 	ld	e, #b_enemy_move_fly
    00000817 21rB3r04         [12] 2448 	ld	hl, #_enemy_move_fly
    0000081A CDr00r00         [24] 2449 	call	___sdcc_bcall_ehl
    0000081D 33               [ 8] 2450 	inc	sp
                                   2451 ;src/enemy.c:370: }
    0000081E                       2452 00114$:
                                   2453 ;src/enemy.c:374: (enemies[index_enemy].x - camera_x_upscaled) >> 4;
    0000081E F8 04            [12] 2454 	ldhl	sp,#4
    00000820 2A               [ 8] 2455 	ld	a, (hl+)
    00000821 5F               [ 4] 2456 	ld	e, a
    00000822 56               [ 8] 2457 	ld	d, (hl)
    00000823 1A               [ 8] 2458 	ld	a, (de)
    00000824 F8 00            [12] 2459 	ldhl	sp,	#0
    00000826 22               [ 8] 2460 	ld	(hl+), a
    00000827 13               [ 8] 2461 	inc	de
    00000828 1A               [ 8] 2462 	ld	a, (de)
    00000829 77               [ 8] 2463 	ld	(hl), a
    0000082A D1               [12] 2464 	pop	de
    0000082B D5               [16] 2465 	push	de
    0000082C 21r00r00         [12] 2466 	ld	hl, #_camera_x_upscaled
    0000082F 2A               [ 8] 2467 	ld	a,	(hl+)
    00000830 66               [ 8] 2468 	ld	h, (hl)
    00000831 6F               [ 4] 2469 	ld	l, a
    00000832 7B               [ 4] 2470 	ld	a, e
    00000833 95               [ 4] 2471 	sub	a, l
    00000834 5F               [ 4] 2472 	ld	e, a
    00000835 7A               [ 4] 2473 	ld	a, d
    00000836 9C               [ 4] 2474 	sbc	a, h
    00000837 F8 0E            [12] 2475 	ldhl	sp,	#14
    00000839 32               [ 8] 2476 	ld	(hl-), a
    0000083A 7B               [ 4] 2477 	ld	a, e
    0000083B 22               [ 8] 2478 	ld	(hl+), a
    0000083C CB 3E            [16] 2479 	srl	(hl)
    0000083E 2B               [ 8] 2480 	dec	hl
    0000083F CB 1E            [16] 2481 	rr	(hl)
    00000841 23               [ 8] 2482 	inc	hl
    00000842 CB 3E            [16] 2483 	srl	(hl)
    00000844 2B               [ 8] 2484 	dec	hl
    00000845 CB 1E            [16] 2485 	rr	(hl)
    00000847 23               [ 8] 2486 	inc	hl
    00000848 CB 3E            [16] 2487 	srl	(hl)
    0000084A 2B               [ 8] 2488 	dec	hl
    0000084B CB 1E            [16] 2489 	rr	(hl)
    0000084D 23               [ 8] 2490 	inc	hl
    0000084E CB 3E            [16] 2491 	srl	(hl)
    00000850 2B               [ 8] 2492 	dec	hl
    00000851 CB 1E            [16] 2493 	rr	(hl)
    00000853 2A               [ 8] 2494 	ld	a, (hl+)
    00000854 77               [ 8] 2495 	ld	(hl), a
    00000855 F8 02            [12] 2496 	ldhl	sp,	#2
    00000857 2A               [ 8] 2497 	ld	a, (hl+)
    00000858 5F               [ 4] 2498 	ld	e, a
    00000859 56               [ 8] 2499 	ld	d, (hl)
    0000085A F8 0E            [12] 2500 	ldhl	sp,	#14
    0000085C 7E               [ 8] 2501 	ld	a, (hl)
    0000085D 12               [ 8] 2502 	ld	(de), a
                                   2503 ;src/enemy.c:375: enemies[index_enemy].draw_y = enemies[index_enemy].y >> 4;
    0000085E F8 08            [12] 2504 	ldhl	sp,#8
    00000860 2A               [ 8] 2505 	ld	a, (hl+)
    00000861 5F               [ 4] 2506 	ld	e, a
    00000862 56               [ 8] 2507 	ld	d, (hl)
    00000863 1A               [ 8] 2508 	ld	a, (de)
    00000864 F8 0D            [12] 2509 	ldhl	sp,	#13
    00000866 22               [ 8] 2510 	ld	(hl+), a
    00000867 13               [ 8] 2511 	inc	de
    00000868 1A               [ 8] 2512 	ld	a, (de)
    00000869 77               [ 8] 2513 	ld	(hl), a
    0000086A CB 3E            [16] 2514 	srl	(hl)
    0000086C 2B               [ 8] 2515 	dec	hl
    0000086D CB 1E            [16] 2516 	rr	(hl)
    0000086F 23               [ 8] 2517 	inc	hl
    00000870 CB 3E            [16] 2518 	srl	(hl)
    00000872 2B               [ 8] 2519 	dec	hl
    00000873 CB 1E            [16] 2520 	rr	(hl)
    00000875 23               [ 8] 2521 	inc	hl
    00000876 CB 3E            [16] 2522 	srl	(hl)
    00000878 2B               [ 8] 2523 	dec	hl
    00000879 CB 1E            [16] 2524 	rr	(hl)
    0000087B 23               [ 8] 2525 	inc	hl
    0000087C CB 3E            [16] 2526 	srl	(hl)
    0000087E 2B               [ 8] 2527 	dec	hl
    0000087F CB 1E            [16] 2528 	rr	(hl)
    00000881 2A               [ 8] 2529 	ld	a, (hl+)
    00000882 77               [ 8] 2530 	ld	(hl), a
    00000883 F8 06            [12] 2531 	ldhl	sp,	#6
    00000885 2A               [ 8] 2532 	ld	a, (hl+)
    00000886 5F               [ 4] 2533 	ld	e, a
    00000887 56               [ 8] 2534 	ld	d, (hl)
    00000888 F8 0E            [12] 2535 	ldhl	sp,	#14
    0000088A 7E               [ 8] 2536 	ld	a, (hl)
    0000088B 12               [ 8] 2537 	ld	(de), a
                                   2538 ;src/enemy.c:378: if (camera_x_upscaled > DEVICE_SCREEN_PX_WIDTH &&
    0000088C 21r00r00         [12] 2539 	ld	hl, #_camera_x_upscaled
    0000088F 3E A0            [ 8] 2540 	ld	a, #0xa0
    00000891 96               [ 8] 2541 	sub	a, (hl)
    00000892 23               [ 8] 2542 	inc	hl
    00000893 3E 00            [ 8] 2543 	ld	a, #0x00
    00000895 9E               [ 8] 2544 	sbc	a, (hl)
    00000896 30 3D            [12] 2545 	jr	NC, 00116$
                                   2546 ;src/enemy.c:379: enemies[index_enemy].x <= camera_x_upscaled - DEVICE_SCREEN_PX_WIDTH) {
    00000898 F8 04            [12] 2547 	ldhl	sp,#4
    0000089A 2A               [ 8] 2548 	ld	a, (hl+)
    0000089B 5F               [ 4] 2549 	ld	e, a
    0000089C 56               [ 8] 2550 	ld	d, (hl)
    0000089D 1A               [ 8] 2551 	ld	a, (de)
    0000089E F8 0D            [12] 2552 	ldhl	sp,	#13
    000008A0 22               [ 8] 2553 	ld	(hl+), a
    000008A1 13               [ 8] 2554 	inc	de
    000008A2 1A               [ 8] 2555 	ld	a, (de)
    000008A3 77               [ 8] 2556 	ld	(hl), a
    000008A4 FAr00r00         [16] 2557 	ld	a, (#_camera_x_upscaled)
    000008A7 F8 06            [12] 2558 	ldhl	sp,	#6
    000008A9 77               [ 8] 2559 	ld	(hl), a
    000008AA FAr01r00         [16] 2560 	ld	a, (#_camera_x_upscaled + 1)
    000008AD F8 07            [12] 2561 	ldhl	sp,	#7
    000008AF 32               [ 8] 2562 	ld	(hl-), a
    000008B0 2A               [ 8] 2563 	ld	a, (hl+)
    000008B1 5F               [ 4] 2564 	ld	e, a
    000008B2 56               [ 8] 2565 	ld	d, (hl)
    000008B3 21 A0 00         [12] 2566 	ld	hl, #0x00a0
    000008B6 7B               [ 4] 2567 	ld	a, e
    000008B7 95               [ 4] 2568 	sub	a, l
    000008B8 5F               [ 4] 2569 	ld	e, a
    000008B9 7A               [ 4] 2570 	ld	a, d
    000008BA 9C               [ 4] 2571 	sbc	a, h
    000008BB F8 09            [12] 2572 	ldhl	sp,	#9
    000008BD 32               [ 8] 2573 	ld	(hl-), a
    000008BE 73               [ 8] 2574 	ld	(hl), e
    000008BF F8 08            [12] 2575 	ldhl	sp,	#8
    000008C1 5D               [ 4] 2576 	ld	e, l
    000008C2 54               [ 4] 2577 	ld	d, h
    000008C3 F8 0D            [12] 2578 	ldhl	sp,	#13
    000008C5 1A               [ 8] 2579 	ld	a, (de)
    000008C6 13               [ 8] 2580 	inc	de
    000008C7 96               [ 8] 2581 	sub	a, (hl)
    000008C8 23               [ 8] 2582 	inc	hl
    000008C9 1A               [ 8] 2583 	ld	a, (de)
    000008CA 9E               [ 8] 2584 	sbc	a, (hl)
    000008CB 38 08            [12] 2585 	jr	C, 00116$
                                   2586 ;src/enemy.c:380: enemy_remove(index_enemy);
    000008CD F8 0F            [12] 2587 	ldhl	sp,	#15
    000008CF 7E               [ 8] 2588 	ld	a, (hl)
    000008D0 CDrE3r01         [24] 2589 	call	_enemy_remove
                                   2590 ;src/enemy.c:381: continue;
    000008D3 18 0D            [12] 2591 	jr	00118$
    000008D5                       2592 00116$:
                                   2593 ;src/enemy.c:384: enemies[index_enemy].frame_counter++;
    000008D5 F8 0A            [12] 2594 	ldhl	sp,#10
    000008D7 2A               [ 8] 2595 	ld	a, (hl+)
    000008D8 5F               [ 4] 2596 	ld	e, a
    000008D9 3A               [ 8] 2597 	ld	a, (hl-)
    000008DA 57               [ 4] 2598 	ld	d, a
    000008DB 1A               [ 8] 2599 	ld	a, (de)
    000008DC 3C               [ 4] 2600 	inc	a
    000008DD 5E               [ 8] 2601 	ld	e, (hl)
    000008DE 23               [ 8] 2602 	inc	hl
    000008DF 66               [ 8] 2603 	ld	h, (hl)
    000008E0 6B               [ 4] 2604 	ld	l, e
    000008E1 77               [ 8] 2605 	ld	(hl), a
    000008E2                       2606 00118$:
                                   2607 ;src/enemy.c:328: for (uint8_t index_enemy = 0; index_enemy < ENEMY_MAX; index_enemy++) {
    000008E2 F8 0F            [12] 2608 	ldhl	sp,	#15
    000008E4 34               [12] 2609 	inc	(hl)
    000008E5 C3r65r06         [16] 2610 	jp	00121$
    000008E8                       2611 00122$:
                                   2612 ;src/enemy.c:386: }
    000008E8 E8 10            [16] 2613 	add	sp, #16
    000008EA C9               [16] 2614 	ret
                                   2615 	.area _CODE_255
                                   2616 	.area _INITIALIZER
    00000000                       2617 __xinit__enemy_count:
    00000000 00                    2618 	.db #0x00	; 0
                                   2619 	.area _CABS (ABS)
