                                      1 ;--------------------------------------------------------
                                      2 ; File Created by SDCC : free open source ISO C Compiler
                                      3 ; Version 4.5.1 #15267 (Linux)
                                      4 ;--------------------------------------------------------
                                      5 	.module main
                                      6 	
                                      7 ;--------------------------------------------------------
                                      8 ; Public variables in this module
                                      9 ;--------------------------------------------------------
                                     10 	.globl _main
                                     11 	.globl _enemy_collide
                                     12 	.globl _powerups_collide
                                     13 	.globl _interruptVBL
                                     14 	.globl _interruptLCD
                                     15 	.globl _die
                                     16 	.globl _state_pause
                                     17 	.globl _state_title
                                     18 	.globl _init
                                     19 	.globl _hud_update_lives
                                     20 	.globl _hud_update_time
                                     21 	.globl _hud_update_score
                                     22 	.globl b_player_move_vehicle
                                     23 	.globl _player_move_vehicle
                                     24 	.globl b_player_move
                                     25 	.globl _player_move
                                     26 	.globl _player_draw
                                     27 	.globl _update_frame_counter
                                     28 	.globl _text_print_string
                                     29 	.globl _level_set_current
                                     30 	.globl _on_get_coin
                                     31 	.globl b_block_bump_draw
                                     32 	.globl _block_bump_draw
                                     33 	.globl b_block_bump_update
                                     34 	.globl _block_bump_update
                                     35 	.globl _powerup_draw
                                     36 	.globl _powerup_update
                                     37 	.globl _platform_moving_draw
                                     38 	.globl _platform_moving_update
                                     39 	.globl _enemy_draw
                                     40 	.globl b_enemy_update
                                     41 	.globl _enemy_update
                                     42 	.globl b_enemy_stomp
                                     43 	.globl _enemy_stomp
                                     44 	.globl b_enemy_reset_all
                                     45 	.globl _enemy_reset_all
                                     46 	.globl _music_pause
                                     47 	.globl _music_play_isr
                                     48 	.globl _memset
                                     49 	.globl _coin_animated_draw
                                     50 	.globl _coin_animated_update
                                     51 	.globl _set_sprite_data
                                     52 	.globl _set_win_tile_xy
                                     53 	.globl _set_win_tiles
                                     54 	.globl _set_bkg_tiles
                                     55 	.globl _set_bkg_data
                                     56 	.globl _vsync
                                     57 	.globl _set_interrupts
                                     58 	.globl _joypad
                                     59 	.globl _delay
                                     60 	.globl _add_low_priority_TIM
                                     61 	.globl _add_LCD
                                     62 	.globl _add_VBL
                                     63 	.globl _window_location
                                     64 ;--------------------------------------------------------
                                     65 ; special function registers
                                     66 ;--------------------------------------------------------
                                     67 	.area _HRAM
                                     68 ;--------------------------------------------------------
                                     69 ; ram data
                                     70 ;--------------------------------------------------------
                                     71 	.area _DATA
                                     72 ;--------------------------------------------------------
                                     73 ; ram data
                                     74 ;--------------------------------------------------------
                                     75 	.area _INITIALIZED
                                     76 ;--------------------------------------------------------
                                     77 ; absolute external ram data
                                     78 ;--------------------------------------------------------
                                     79 	.area _DABS (ABS)
                                     80 ;--------------------------------------------------------
                                     81 ; global & static initialisations
                                     82 ;--------------------------------------------------------
                                     83 	.area _HOME
                                     84 	.area _GSINIT
                                     85 	.area _GSFINAL
                                     86 	.area _GSINIT
                                     87 ;--------------------------------------------------------
                                     88 ; Home
                                     89 ;--------------------------------------------------------
                                     90 	.area _HOME
                                     91 	.area _HOME
                                     92 ;--------------------------------------------------------
                                     93 ; code
                                     94 ;--------------------------------------------------------
                                     95 	.area _CODE
                                     96 ;src/main.c:46: void interruptLCD(void) {
                                     97 ;	---------------------------------
                                     98 ; Function interruptLCD
                                     99 ; ---------------------------------
    00000000                        100 _interruptLCD::
                                    101 ;src/main.c:47: while (STAT_REG & 3)
    00000000                        102 00101$:
    00000000 F0r00            [12]  103 	ldh	a, (_STAT_REG + 0)
    00000002 E6 03            [ 8]  104 	and	a, #0x03
    00000004 20 FA            [12]  105 	jr	NZ, 00101$
                                    106 ;src/main.c:49: HIDE_WIN;
    00000006 F0r00            [12]  107 	ldh	a, (_LCDC_REG + 0)
    00000008 E6 DF            [ 8]  108 	and	a, #0xdf
    0000000A E0r00            [12]  109 	ldh	(_LCDC_REG + 0), a
                                    110 ;src/main.c:50: }
    0000000C C9               [16]  111 	ret
    0000000D                        112 _window_location:
    0000000D 10                     113 	.db #0x10	; 16
                                    114 ;src/main.c:52: void interruptVBL(void) { SHOW_WIN; }
                                    115 ;	---------------------------------
                                    116 ; Function interruptVBL
                                    117 ; ---------------------------------
    0000000E                        118 _interruptVBL::
    0000000E F0r00            [12]  119 	ldh	a, (_LCDC_REG + 0)
    00000010 F6 20            [ 8]  120 	or	a, #0x20
    00000012 E0r00            [12]  121 	ldh	(_LCDC_REG + 0), a
    00000014 C9               [16]  122 	ret
                                    123 ;src/main.c:55: bool powerups_collide() {
                                    124 ;	---------------------------------
                                    125 ; Function powerups_collide
                                    126 ; ---------------------------------
    00000015                        127 _powerups_collide::
    00000015 E8 F6            [16]  128 	add	sp, #-10
                                    129 ;src/main.c:56: if (!powerup_active) {
    00000017 21r00r00         [12]  130 	ld	hl, #_powerup_active
    0000001A CB 46            [12]  131 	bit	0, (hl)
    0000001C 20 04            [12]  132 	jr	NZ, 00102$
                                    133 ;src/main.c:57: return false;
    0000001E AF               [ 4]  134 	xor	a, a
    0000001F C3r38r01         [16]  135 	jp	00125$
    00000022                        136 00102$:
                                    137 ;src/main.c:60: uint16_t powerup_left = (powerup.x >> 4);
    00000022 21r00r00         [12]  138 	ld	hl, #_powerup
    00000025 2A               [ 8]  139 	ld	a, (hl+)
    00000026 4F               [ 4]  140 	ld	c, a
    00000027 46               [ 8]  141 	ld	b, (hl)
    00000028 CB 38            [ 8]  142 	srl	b
    0000002A CB 19            [ 8]  143 	rr	c
    0000002C CB 38            [ 8]  144 	srl	b
    0000002E CB 19            [ 8]  145 	rr	c
    00000030 CB 38            [ 8]  146 	srl	b
    00000032 CB 19            [ 8]  147 	rr	c
    00000034 CB 38            [ 8]  148 	srl	b
    00000036 CB 19            [ 8]  149 	rr	c
    00000038 33               [ 8]  150 	inc	sp
    00000039 33               [ 8]  151 	inc	sp
    0000003A C5               [16]  152 	push	bc
                                    153 ;src/main.c:61: uint16_t powerup_right = (powerup.x >> 4) + TILE_SIZE;
    0000003B 21 08 00         [12]  154 	ld	hl, #0x0008
    0000003E 09               [ 8]  155 	add	hl, bc
    0000003F 4D               [ 4]  156 	ld	c, l
    00000040 44               [ 4]  157 	ld	b, h
    00000041 F8 02            [12]  158 	ldhl	sp,	#2
    00000043 79               [ 4]  159 	ld	a, c
    00000044 22               [ 8]  160 	ld	(hl+), a
    00000045 70               [ 8]  161 	ld	(hl), b
                                    162 ;src/main.c:62: uint16_t powerup_top = (powerup.y >> 4);
    00000046 21r02r00         [12]  163 	ld	hl, #_powerup + 2
    00000049 2A               [ 8]  164 	ld	a, (hl+)
    0000004A 4F               [ 4]  165 	ld	c, a
    0000004B 46               [ 8]  166 	ld	b, (hl)
    0000004C CB 38            [ 8]  167 	srl	b
    0000004E CB 19            [ 8]  168 	rr	c
    00000050 CB 38            [ 8]  169 	srl	b
    00000052 CB 19            [ 8]  170 	rr	c
    00000054 CB 38            [ 8]  171 	srl	b
    00000056 CB 19            [ 8]  172 	rr	c
    00000058 CB 38            [ 8]  173 	srl	b
    0000005A CB 19            [ 8]  174 	rr	c
    0000005C F8 04            [12]  175 	ldhl	sp,	#4
    0000005E 79               [ 4]  176 	ld	a, c
    0000005F 22               [ 8]  177 	ld	(hl+), a
    00000060 70               [ 8]  178 	ld	(hl), b
                                    179 ;src/main.c:63: uint16_t powerup_bottom = (powerup.y >> 4) + TILE_SIZE;
    00000061 21 08 00         [12]  180 	ld	hl, #0x0008
    00000064 09               [ 8]  181 	add	hl, bc
    00000065 4D               [ 4]  182 	ld	c, l
    00000066 44               [ 4]  183 	ld	b, h
    00000067 F8 06            [12]  184 	ldhl	sp,	#6
    00000069 79               [ 4]  185 	ld	a, c
    0000006A 22               [ 8]  186 	ld	(hl+), a
    0000006B 70               [ 8]  187 	ld	(hl), b
                                    188 ;src/main.c:65: uint16_t player_right = player_x + TILE_SIZE;
    0000006C FAr00r00         [16]  189 	ld	a, (_player_x)
    0000006F 4F               [ 4]  190 	ld	c, a
    00000070 21r01r00         [12]  191 	ld	hl, #_player_x + 1
    00000073 46               [ 8]  192 	ld	b, (hl)
    00000074 21 08 00         [12]  193 	ld	hl, #0x0008
    00000077 09               [ 8]  194 	add	hl, bc
    00000078 4D               [ 4]  195 	ld	c, l
    00000079 44               [ 4]  196 	ld	b, h
    0000007A F8 08            [12]  197 	ldhl	sp,	#8
    0000007C 79               [ 4]  198 	ld	a, c
    0000007D 22               [ 8]  199 	ld	(hl+), a
    0000007E 70               [ 8]  200 	ld	(hl), b
                                    201 ;src/main.c:66: uint16_t player_top = player_y + 8;
    0000007F FAr00r00         [16]  202 	ld	a, (_player_y)
    00000082 4F               [ 4]  203 	ld	c, a
    00000083 21r01r00         [12]  204 	ld	hl, #_player_y + 1
    00000086 46               [ 8]  205 	ld	b, (hl)
    00000087 21 08 00         [12]  206 	ld	hl, #0x0008
    0000008A 09               [ 8]  207 	add	hl, bc
    0000008B 5D               [ 4]  208 	ld	e, l
    0000008C 54               [ 4]  209 	ld	d, h
                                    210 ;src/main.c:67: uint16_t player_bottom = player_y + marioSprites_HEIGHT;
    0000008D 21 10 00         [12]  211 	ld	hl, #0x0010
    00000090 09               [ 8]  212 	add	hl, bc
    00000091 4D               [ 4]  213 	ld	c, l
    00000092 44               [ 4]  214 	ld	b, h
                                    215 ;src/main.c:69: if (player_x < powerup_right && player_right > powerup_left &&
    00000093 D5               [16]  216 	push	de
    00000094 11r00r00         [12]  217 	ld	de, #_player_x
    00000097 F8 04            [12]  218 	ldhl	sp,	#4
    00000099 1A               [ 8]  219 	ld	a, (de)
    0000009A 13               [ 8]  220 	inc	de
    0000009B 96               [ 8]  221 	sub	a, (hl)
    0000009C 23               [ 8]  222 	inc	hl
    0000009D 1A               [ 8]  223 	ld	a, (de)
    0000009E 9E               [ 8]  224 	sbc	a, (hl)
    0000009F D1               [12]  225 	pop	de
    000000A0 D2r37r01         [16]  226 	jp	NC, 00107$
    000000A3 D5               [16]  227 	push	de
    000000A4 F8 02            [12]  228 	ldhl	sp,	#2
    000000A6 5D               [ 4]  229 	ld	e, l
    000000A7 54               [ 4]  230 	ld	d, h
    000000A8 F8 0A            [12]  231 	ldhl	sp,	#10
    000000AA 1A               [ 8]  232 	ld	a, (de)
    000000AB 13               [ 8]  233 	inc	de
    000000AC 96               [ 8]  234 	sub	a, (hl)
    000000AD 23               [ 8]  235 	inc	hl
    000000AE 1A               [ 8]  236 	ld	a, (de)
    000000AF 9E               [ 8]  237 	sbc	a, (hl)
    000000B0 D1               [12]  238 	pop	de
    000000B1 D2r37r01         [16]  239 	jp	NC, 00107$
                                    240 ;src/main.c:70: player_top < powerup_bottom && player_bottom > powerup_top) {
    000000B4 F8 06            [12]  241 	ldhl	sp,	#6
    000000B6 7B               [ 4]  242 	ld	a, e
    000000B7 96               [ 8]  243 	sub	a, (hl)
    000000B8 23               [ 8]  244 	inc	hl
    000000B9 7A               [ 4]  245 	ld	a, d
    000000BA 9E               [ 8]  246 	sbc	a, (hl)
    000000BB 30 7A            [12]  247 	jr	NC, 00107$
    000000BD F8 04            [12]  248 	ldhl	sp,	#4
    000000BF 2A               [ 8]  249 	ld	a, (hl+)
    000000C0 91               [ 4]  250 	sub	a, c
    000000C1 7E               [ 8]  251 	ld	a, (hl)
    000000C2 98               [ 4]  252 	sbc	a, b
    000000C3 30 72            [12]  253 	jr	NC, 00107$
                                    254 ;src/main.c:72: if (powerup.type == POWERUP_MUSHROOM) {
    000000C5 FAr08r00         [16]  255 	ld	a, (#(_powerup + 8) + 0)
    000000C8 B7               [ 4]  256 	or	a, a
    000000C9 20 07            [12]  257 	jr	NZ, 00104$
                                    258 ;src/main.c:73: player_is_big = TRUE;
    000000CB 21r00r00         [12]  259 	ld	hl, #_player_is_big
    000000CE 36 01            [12]  260 	ld	(hl), #0x01
    000000D0 18 03            [12]  261 	jr	00105$
    000000D2                        262 00104$:
                                    263 ;src/main.c:75: on_get_coin();
    000000D2 CDr00r00         [24]  264 	call	_on_get_coin
    000000D5                        265 00105$:
                                    266 ;src/main.c:79: music_play_sfx(BANK(sound_coin), sound_coin, SFX_MUTE_MASK(sound_coin),
    000000D5 0Er00            [ 8]  267 	ld	c, #<(___mute_mask_sound_coin)
    000000D7 06r00            [ 8]  268 	ld	b, #<(___bank_sound_coin)
                                    269 ;sm83/musicmanager.h:105: if (music_sfx_priority > priority) return;
    000000D9 3E 04            [ 8]  270 	ld	a, #0x04
    000000DB 21r00r00         [12]  271 	ld	hl, #_music_sfx_priority
    000000DE 96               [ 8]  272 	sub	a, (hl)
    000000DF 38 52            [12]  273 	jr	C, 00124$
                                    274 ;sm83/musicmanager.h:106: sfx_play_bank = SFX_STOP_BANK;
    000000E1 21r00r00         [12]  275 	ld	hl, #_sfx_play_bank
    000000E4 36 FF            [12]  276 	ld	(hl), #0xff
                                    277 ;sm83/musicmanager.h:107: music_sfx_priority = priority;
    000000E6 21r00r00         [12]  278 	ld	hl, #_music_sfx_priority
    000000E9 36 04            [12]  279 	ld	(hl), #0x04
                                    280 ;sm83/musicmanager.h:108: music_sound_cut_mask(music_mute_mask);
    000000EB FAr00r00         [16]  281 	ld	a, (_music_mute_mask)
                                    282 ;sm83/musicmanager.h:80: sfx_sound_cut_mask(mask);
    000000EE 5F               [ 4]  283 	ld	e, a
                                    284 ;sm83/sfxplayer.h:47: if (mask & SFX_CH_1) NR12_REG = 0, NR14_REG = SFX_CH_RETRIGGER;
    000000EF 0F               [ 4]  285 	rrca
    000000F0 30 07            [12]  286 	jr	NC, 00114$
    000000F2 AF               [ 4]  287 	xor	a, a
    000000F3 E0r00            [12]  288 	ldh	(_NR12_REG + 0), a
    000000F5 3E C0            [ 8]  289 	ld	a, #0xc0
    000000F7 E0r00            [12]  290 	ldh	(_NR14_REG + 0), a
    000000F9                        291 00114$:
                                    292 ;sm83/sfxplayer.h:48: if (mask & SFX_CH_2) NR22_REG = 0, NR24_REG = SFX_CH_RETRIGGER;
    000000F9 CB 4B            [ 8]  293 	bit	1, e
    000000FB 28 07            [12]  294 	jr	Z, 00116$
    000000FD AF               [ 4]  295 	xor	a, a
    000000FE E0r00            [12]  296 	ldh	(_NR22_REG + 0), a
    00000100 3E C0            [ 8]  297 	ld	a, #0xc0
    00000102 E0r00            [12]  298 	ldh	(_NR24_REG + 0), a
    00000104                        299 00116$:
                                    300 ;sm83/sfxplayer.h:49: if (mask & SFX_CH_3) NR32_REG = 0;
    00000104 CB 53            [ 8]  301 	bit	2, e
    00000106 28 03            [12]  302 	jr	Z, 00118$
    00000108 AF               [ 4]  303 	xor	a, a
    00000109 E0r00            [12]  304 	ldh	(_NR32_REG + 0), a
    0000010B                        305 00118$:
                                    306 ;sm83/sfxplayer.h:50: if (mask & SFX_CH_4) NR42_REG = 0, NR44_REG = SFX_CH_RETRIGGER;
    0000010B CB 5B            [ 8]  307 	bit	3, e
    0000010D 28 07            [12]  308 	jr	Z, 00120$
    0000010F AF               [ 4]  309 	xor	a, a
    00000110 E0r00            [12]  310 	ldh	(_NR42_REG + 0), a
    00000112 3E C0            [ 8]  311 	ld	a, #0xc0
    00000114 E0r00            [12]  312 	ldh	(_NR44_REG + 0), a
    00000116                        313 00120$:
                                    314 ;sm83/sfxplayer.h:51: NR51_REG = 0xFF;
    00000116 3E FF            [ 8]  315 	ld	a, #0xff
    00000118 E0r00            [12]  316 	ldh	(_NR51_REG + 0), a
                                    317 ;sm83/musicmanager.h:109: music_mute_mask = mute_mask;
    0000011A 21r00r00         [12]  318 	ld	hl, #_music_mute_mask
    0000011D 71               [ 8]  319 	ld	(hl), c
                                    320 ;sm83/sfxplayer.h:64: sfx_play_bank = SFX_STOP_BANK, sfx_frame_skip = 0, sfx_play_sample = sample, sfx_play_bank = bank;
    0000011E 21r00r00         [12]  321 	ld	hl, #_sfx_play_bank
    00000121 36 FF            [12]  322 	ld	(hl), #0xff
    00000123 AF               [ 4]  323 	xor	a, a
    00000124 EAr00r00         [16]  324 	ld	(#_sfx_frame_skip),a
    00000127 21r00r00         [12]  325 	ld	hl, #_sfx_play_sample
    0000012A 3Er00            [ 8]  326 	ld	a, #<(_sound_coin)
    0000012C 22               [ 8]  327 	ld	(hl+), a
    0000012D 36s00            [12]  328 	ld	(hl), #>(_sound_coin)
    0000012F 21r00r00         [12]  329 	ld	hl, #_sfx_play_bank
    00000132 70               [ 8]  330 	ld	(hl), b
                                    331 ;src/main.c:80: MUSIC_SFX_PRIORITY_NORMAL);
    00000133                        332 00124$:
                                    333 ;src/main.c:83: return true;
    00000133 3E 01            [ 8]  334 	ld	a, #0x01
    00000135 18 01            [12]  335 	jr	00125$
    00000137                        336 00107$:
                                    337 ;src/main.c:86: return false;
    00000137 AF               [ 4]  338 	xor	a, a
    00000138                        339 00125$:
                                    340 ;src/main.c:87: }
    00000138 E8 0A            [16]  341 	add	sp, #10
    0000013A C9               [16]  342 	ret
                                    343 ;src/main.c:91: bool enemy_collide() {
                                    344 ;	---------------------------------
                                    345 ; Function enemy_collide
                                    346 ; ---------------------------------
    0000013B                        347 _enemy_collide::
    0000013B E8 F8            [16]  348 	add	sp, #-8
                                    349 ;src/main.c:92: for (uint8_t enemy_index = 0; enemy_index < ENEMY_MAX; enemy_index++) {
    0000013D F8 00            [12]  350 	ldhl	sp,	#0
    0000013F 36 00            [12]  351 	ld	(hl), #0x00
    00000141 F8 07            [12]  352 	ldhl	sp,	#7
    00000143 36 00            [12]  353 	ld	(hl), #0x00
    00000145                        354 00146$:
    00000145 F8 07            [12]  355 	ldhl	sp,	#7
    00000147 7E               [ 8]  356 	ld	a, (hl)
    00000148 D6 04            [ 8]  357 	sub	a, #0x04
    0000014A D2r60r03         [16]  358 	jp	NC, 00116$
                                    359 ;src/main.c:93: if (!enemies[enemy_index].active || enemies[enemy_index].stomped) {
    0000014D 4E               [ 8]  360 	ld	c, (hl)
    0000014E AF               [ 4]  361 	xor	a, a
    0000014F 69               [ 4]  362 	ld	l, c
    00000150 67               [ 4]  363 	ld	h, a
    00000151 29               [ 8]  364 	add	hl, hl
    00000152 29               [ 8]  365 	add	hl, hl
    00000153 29               [ 8]  366 	add	hl, hl
    00000154 29               [ 8]  367 	add	hl, hl
    00000155 7D               [ 4]  368 	ld	a, l
    00000156 C6r00            [ 8]  369 	add	a, #<(_enemies)
    00000158 4F               [ 4]  370 	ld	c, a
    00000159 7C               [ 4]  371 	ld	a, h
    0000015A CEs00            [ 8]  372 	adc	a, #>(_enemies)
    0000015C 47               [ 4]  373 	ld	b, a
    0000015D 21 0F 00         [12]  374 	ld	hl, #0x000f
    00000160 09               [ 8]  375 	add	hl, bc
    00000161 CB 46            [12]  376 	bit	0, (hl)
    00000163 CAr56r03         [16]  377 	jp	Z, 00115$
    00000166 21 0D 00         [12]  378 	ld	hl, #0x000d
    00000169 09               [ 8]  379 	add	hl, bc
    0000016A CB 46            [12]  380 	bit	0, (hl)
    0000016C C2r56r03         [16]  381 	jp	NZ, 00115$
                                    382 ;src/main.c:97: uint16_t enemy_left = (enemies[enemy_index].x >> 4);
    0000016F 69               [ 4]  383 	ld	l, c
    00000170 60               [ 4]  384 	ld	h, b
    00000171 2A               [ 8]  385 	ld	a,	(hl+)
    00000172 66               [ 8]  386 	ld	h, (hl)
    00000173 5F               [ 4]  387 	ld	e, a
    00000174 54               [ 4]  388 	ld	d, h
    00000175 CB 3A            [ 8]  389 	srl	d
    00000177 CB 1B            [ 8]  390 	rr	e
    00000179 CB 3A            [ 8]  391 	srl	d
    0000017B CB 1B            [ 8]  392 	rr	e
    0000017D CB 3A            [ 8]  393 	srl	d
    0000017F CB 1B            [ 8]  394 	rr	e
    00000181 CB 3A            [ 8]  395 	srl	d
    00000183 CB 1B            [ 8]  396 	rr	e
    00000185 F8 01            [12]  397 	ldhl	sp,	#1
    00000187 7B               [ 4]  398 	ld	a, e
    00000188 22               [ 8]  399 	ld	(hl+), a
    00000189 72               [ 8]  400 	ld	(hl), d
                                    401 ;src/main.c:98: uint16_t enemy_right = (enemies[enemy_index].x >> 4) + TILE_SIZE;
    0000018A 21 08 00         [12]  402 	ld	hl, #0x0008
    0000018D 19               [ 8]  403 	add	hl, de
    0000018E 5D               [ 4]  404 	ld	e, l
    0000018F 7C               [ 4]  405 	ld	a, h
    00000190 F8 03            [12]  406 	ldhl	sp,	#3
    00000192 73               [ 8]  407 	ld	(hl), e
    00000193 23               [ 8]  408 	inc	hl
    00000194 77               [ 8]  409 	ld	(hl), a
                                    410 ;src/main.c:99: uint16_t enemy_top = (enemies[enemy_index].y >> 4);
    00000195 69               [ 4]  411 	ld	l, c
    00000196 60               [ 4]  412 	ld	h, b
    00000197 23               [ 8]  413 	inc	hl
    00000198 23               [ 8]  414 	inc	hl
    00000199 2A               [ 8]  415 	ld	a, (hl+)
    0000019A 4F               [ 4]  416 	ld	c, a
    0000019B 46               [ 8]  417 	ld	b, (hl)
    0000019C CB 38            [ 8]  418 	srl	b
    0000019E CB 19            [ 8]  419 	rr	c
    000001A0 CB 38            [ 8]  420 	srl	b
    000001A2 CB 19            [ 8]  421 	rr	c
    000001A4 CB 38            [ 8]  422 	srl	b
    000001A6 CB 19            [ 8]  423 	rr	c
    000001A8 CB 38            [ 8]  424 	srl	b
    000001AA CB 19            [ 8]  425 	rr	c
    000001AC F8 05            [12]  426 	ldhl	sp,	#5
    000001AE 79               [ 4]  427 	ld	a, c
    000001AF 22               [ 8]  428 	ld	(hl+), a
    000001B0 70               [ 8]  429 	ld	(hl), b
                                    430 ;src/main.c:100: uint16_t enemy_bottom = (enemies[enemy_index].y >> 4) + enemiesSprites_HEIGHT;
    000001B1 21 10 00         [12]  431 	ld	hl, #0x0010
    000001B4 09               [ 8]  432 	add	hl, bc
    000001B5 4D               [ 4]  433 	ld	c, l
    000001B6 44               [ 4]  434 	ld	b, h
                                    435 ;src/main.c:102: if (player_x < enemy_right && player_x + TILE_SIZE > enemy_left &&
    000001B7 11r00r00         [12]  436 	ld	de, #_player_x
    000001BA F8 03            [12]  437 	ldhl	sp,	#3
    000001BC 1A               [ 8]  438 	ld	a, (de)
    000001BD 13               [ 8]  439 	inc	de
    000001BE 96               [ 8]  440 	sub	a, (hl)
    000001BF 23               [ 8]  441 	inc	hl
    000001C0 1A               [ 8]  442 	ld	a, (de)
    000001C1 9E               [ 8]  443 	sbc	a, (hl)
    000001C2 D2r56r03         [16]  444 	jp	NC, 00115$
    000001C5 FAr00r00         [16]  445 	ld	a, (_player_x)
    000001C8 21r01r00         [12]  446 	ld	hl, #_player_x + 1
    000001CB 56               [ 8]  447 	ld	d, (hl)
    000001CC C6 08            [ 8]  448 	add	a, #0x08
    000001CE 5F               [ 4]  449 	ld	e, a
    000001CF 30 01            [12]  450 	jr	NC, 00289$
    000001D1 14               [ 4]  451 	inc	d
    000001D2                        452 00289$:
    000001D2 F8 01            [12]  453 	ldhl	sp,	#1
    000001D4 2A               [ 8]  454 	ld	a, (hl+)
    000001D5 93               [ 4]  455 	sub	a, e
    000001D6 7E               [ 8]  456 	ld	a, (hl)
    000001D7 9A               [ 4]  457 	sbc	a, d
    000001D8 D2r56r03         [16]  458 	jp	NC, 00115$
                                    459 ;src/main.c:103: player_y < enemy_bottom &&
    000001DB 21r00r00         [12]  460 	ld	hl, #_player_y
    000001DE 2A               [ 8]  461 	ld	a, (hl+)
    000001DF 91               [ 4]  462 	sub	a, c
    000001E0 7E               [ 8]  463 	ld	a, (hl)
    000001E1 98               [ 4]  464 	sbc	a, b
    000001E2 D2r56r03         [16]  465 	jp	NC, 00115$
                                    466 ;src/main.c:104: player_y + marioSprites_HEIGHT > enemy_top + ENEMY_TOP_MARGIN) {
    000001E5 2B               [ 8]  467 	dec	hl
    000001E6 2A               [ 8]  468 	ld	a, (hl+)
    000001E7 46               [ 8]  469 	ld	b, (hl)
    000001E8 C6 10            [ 8]  470 	add	a, #0x10
    000001EA 4F               [ 4]  471 	ld	c, a
    000001EB 30 01            [12]  472 	jr	NC, 00290$
    000001ED 04               [ 4]  473 	inc	b
    000001EE                        474 00290$:
    000001EE F8 05            [12]  475 	ldhl	sp,	#5
    000001F0 2A               [ 8]  476 	ld	a, (hl+)
    000001F1 5F               [ 4]  477 	ld	e, a
    000001F2 56               [ 8]  478 	ld	d, (hl)
    000001F3 21 08 00         [12]  479 	ld	hl, #0x0008
    000001F6 19               [ 8]  480 	add	hl, de
    000001F7 7D               [ 4]  481 	ld	a, l
    000001F8 91               [ 4]  482 	sub	a, c
    000001F9 7C               [ 4]  483 	ld	a, h
    000001FA 98               [ 4]  484 	sbc	a, b
    000001FB D2r56r03         [16]  485 	jp	NC, 00115$
                                    486 ;src/main.c:106: if (player_y + marioSprites_HEIGHT < enemy_top + ENEMY_TOP_MARGIN + 4) {
    000001FE 21 0C 00         [12]  487 	ld	hl, #0x000c
    00000201 19               [ 8]  488 	add	hl, de
    00000202 79               [ 4]  489 	ld	a, c
    00000203 95               [ 4]  490 	sub	a, l
    00000204 78               [ 4]  491 	ld	a, b
    00000205 9C               [ 4]  492 	sbc	a, h
    00000206 D2rA9r02         [16]  493 	jp	NC, 00108$
                                    494 ;src/main.c:107: uint8_t _saved_bank = _current_bank;
    00000209 F0r00            [12]  495 	ldh	a, (__current_bank + 0)
    0000020B 4F               [ 4]  496 	ld	c, a
                                    497 ;src/main.c:108: SWITCH_ROM(BANK(enemy));
    0000020C 3Er00            [ 8]  498 	ld	a, #<(___bank_enemy)
    0000020E E0r00            [12]  499 	ldh	(__current_bank + 0), a
    00000210 EAr00r00         [16]  500 	ld	(#_rROMB0),a
                                    501 ;src/main.c:109: enemy_stomp(enemy_index);
    00000213 C5               [16]  502 	push	bc
    00000214 F8 09            [12]  503 	ldhl	sp,	#9
    00000216 7E               [ 8]  504 	ld	a, (hl)
    00000217 F5               [16]  505 	push	af
    00000218 33               [ 8]  506 	inc	sp
    00000219 1Er00            [ 8]  507 	ld	e, #b_enemy_stomp
    0000021B 21r00r00         [12]  508 	ld	hl, #_enemy_stomp
    0000021E CDr00r00         [24]  509 	call	___sdcc_bcall_ehl
    00000221 33               [ 8]  510 	inc	sp
    00000222 C1               [12]  511 	pop	bc
                                    512 ;src/main.c:110: SWITCH_ROM(_saved_bank);
    00000223 79               [ 4]  513 	ld	a, c
    00000224 E0r00            [12]  514 	ldh	(__current_bank + 0), a
    00000226 21r00r00         [12]  515 	ld	hl, #_rROMB0
    00000229 71               [ 8]  516 	ld	(hl), c
                                    517 ;src/main.c:112: current_jump = 0;
    0000022A AF               [ 4]  518 	xor	a, a
    0000022B 21r00r00         [12]  519 	ld	hl, #_current_jump
    0000022E 22               [ 8]  520 	ld	(hl+), a
    0000022F 77               [ 8]  521 	ld	(hl), a
                                    522 ;src/main.c:113: is_jumping = TRUE;
    00000230 21r00r00         [12]  523 	ld	hl, #_is_jumping
    00000233 36 01            [12]  524 	ld	(hl), #0x01
                                    525 ;src/main.c:114: display_jump_frame = TRUE;
    00000235 21r00r00         [12]  526 	ld	hl, #_display_jump_frame
    00000238 36 01            [12]  527 	ld	(hl), #0x01
                                    528 ;src/main.c:115: vel_y = -16;
    0000023A 21r00r00         [12]  529 	ld	hl, #_vel_y
    0000023D 36 F0            [12]  530 	ld	(hl), #0xf0
                                    531 ;src/main.c:116: touch_ground = FALSE;
    0000023F AF               [ 4]  532 	xor	a, a
    00000240 EAr00r00         [16]  533 	ld	(#_touch_ground),a
                                    534 ;src/main.c:119: SFX_MUTE_MASK(sound_squish), MUSIC_SFX_PRIORITY_NORMAL);
    00000243 06r00            [ 8]  535 	ld	b, #<(___mute_mask_sound_squish)
                                    536 ;src/main.c:118: music_play_sfx(BANK(sound_squish), sound_squish,
    00000245 F8 06            [12]  537 	ldhl	sp,	#6
    00000247 36r00            [12]  538 	ld	(hl), #<(___bank_sound_squish)
                                    539 ;sm83/musicmanager.h:105: if (music_sfx_priority > priority) return;
    00000249 3E 04            [ 8]  540 	ld	a, #0x04
    0000024B 21r00r00         [12]  541 	ld	hl, #_music_sfx_priority
    0000024E 96               [ 8]  542 	sub	a, (hl)
    0000024F DAr56r03         [16]  543 	jp	C, 00115$
                                    544 ;sm83/musicmanager.h:106: sfx_play_bank = SFX_STOP_BANK;
    00000252 21r00r00         [12]  545 	ld	hl, #_sfx_play_bank
    00000255 36 FF            [12]  546 	ld	(hl), #0xff
                                    547 ;sm83/musicmanager.h:107: music_sfx_priority = priority;
    00000257 21r00r00         [12]  548 	ld	hl, #_music_sfx_priority
    0000025A 36 04            [12]  549 	ld	(hl), #0x04
                                    550 ;sm83/musicmanager.h:108: music_sound_cut_mask(music_mute_mask);
    0000025C FAr00r00         [16]  551 	ld	a, (_music_mute_mask)
                                    552 ;sm83/musicmanager.h:80: sfx_sound_cut_mask(mask);
    0000025F 57               [ 4]  553 	ld	d, a
                                    554 ;sm83/sfxplayer.h:47: if (mask & SFX_CH_1) NR12_REG = 0, NR14_REG = SFX_CH_RETRIGGER;
    00000260 0F               [ 4]  555 	rrca
    00000261 30 07            [12]  556 	jr	NC, 00120$
    00000263 AF               [ 4]  557 	xor	a, a
    00000264 E0r00            [12]  558 	ldh	(_NR12_REG + 0), a
    00000266 3E C0            [ 8]  559 	ld	a, #0xc0
    00000268 E0r00            [12]  560 	ldh	(_NR14_REG + 0), a
    0000026A                        561 00120$:
                                    562 ;sm83/sfxplayer.h:48: if (mask & SFX_CH_2) NR22_REG = 0, NR24_REG = SFX_CH_RETRIGGER;
    0000026A CB 4A            [ 8]  563 	bit	1, d
    0000026C 28 07            [12]  564 	jr	Z, 00122$
    0000026E AF               [ 4]  565 	xor	a, a
    0000026F E0r00            [12]  566 	ldh	(_NR22_REG + 0), a
    00000271 3E C0            [ 8]  567 	ld	a, #0xc0
    00000273 E0r00            [12]  568 	ldh	(_NR24_REG + 0), a
    00000275                        569 00122$:
                                    570 ;sm83/sfxplayer.h:49: if (mask & SFX_CH_3) NR32_REG = 0;
    00000275 CB 52            [ 8]  571 	bit	2, d
    00000277 28 03            [12]  572 	jr	Z, 00124$
    00000279 AF               [ 4]  573 	xor	a, a
    0000027A E0r00            [12]  574 	ldh	(_NR32_REG + 0), a
    0000027C                        575 00124$:
                                    576 ;sm83/sfxplayer.h:50: if (mask & SFX_CH_4) NR42_REG = 0, NR44_REG = SFX_CH_RETRIGGER;
    0000027C CB 5A            [ 8]  577 	bit	3, d
    0000027E 28 07            [12]  578 	jr	Z, 00126$
    00000280 AF               [ 4]  579 	xor	a, a
    00000281 E0r00            [12]  580 	ldh	(_NR42_REG + 0), a
    00000283 3E C0            [ 8]  581 	ld	a, #0xc0
    00000285 E0r00            [12]  582 	ldh	(_NR44_REG + 0), a
    00000287                        583 00126$:
                                    584 ;sm83/sfxplayer.h:51: NR51_REG = 0xFF;
    00000287 3E FF            [ 8]  585 	ld	a, #0xff
    00000289 E0r00            [12]  586 	ldh	(_NR51_REG + 0), a
                                    587 ;sm83/musicmanager.h:109: music_mute_mask = mute_mask;
    0000028B 21r00r00         [12]  588 	ld	hl, #_music_mute_mask
    0000028E 70               [ 8]  589 	ld	(hl), b
                                    590 ;sm83/sfxplayer.h:64: sfx_play_bank = SFX_STOP_BANK, sfx_frame_skip = 0, sfx_play_sample = sample, sfx_play_bank = bank;
    0000028F 21r00r00         [12]  591 	ld	hl, #_sfx_play_bank
    00000292 36 FF            [12]  592 	ld	(hl), #0xff
    00000294 AF               [ 4]  593 	xor	a, a
    00000295 EAr00r00         [16]  594 	ld	(#_sfx_frame_skip),a
    00000298 21r00r00         [12]  595 	ld	hl, #_sfx_play_sample
    0000029B 3Er00            [ 8]  596 	ld	a, #<(_sound_squish)
    0000029D 22               [ 8]  597 	ld	(hl+), a
    0000029E 36s00            [12]  598 	ld	(hl), #>(_sound_squish)
    000002A0 F8 06            [12]  599 	ldhl	sp,	#6
    000002A2 7E               [ 8]  600 	ld	a, (hl)
    000002A3 EAr00r00         [16]  601 	ld	(#_sfx_play_bank),a
                                    602 ;src/main.c:121: continue;
    000002A6 C3r56r03         [16]  603 	jp	00115$
    000002A9                        604 00108$:
                                    605 ;src/main.c:123: if(player_is_big){
    000002A9 21r00r00         [12]  606 	ld	hl, #_player_is_big
    000002AC CB 46            [12]  607 	bit	0, (hl)
    000002AE CAr34r03         [16]  608 	jp	Z, 00105$
                                    609 ;src/main.c:124: player_is_big = FALSE;
    000002B1 36 00            [12]  610 	ld	(hl), #0x00
                                    611 ;src/main.c:127: SFX_MUTE_MASK(sound_pipe), MUSIC_SFX_PRIORITY_NORMAL);
    000002B3 0Er00            [ 8]  612 	ld	c, #<(___mute_mask_sound_pipe)
                                    613 ;src/main.c:126: music_play_sfx(BANK(sound_pipe), sound_pipe,
    000002B5 1Er00            [ 8]  614 	ld	e, #<(___bank_sound_pipe)
                                    615 ;sm83/musicmanager.h:105: if (music_sfx_priority > priority) return;
    000002B7 3E 04            [ 8]  616 	ld	a, #0x04
    000002B9 21r00r00         [12]  617 	ld	hl, #_music_sfx_priority
    000002BC 96               [ 8]  618 	sub	a, (hl)
    000002BD 38 52            [12]  619 	jr	C, 00144$
                                    620 ;sm83/musicmanager.h:106: sfx_play_bank = SFX_STOP_BANK;
    000002BF 21r00r00         [12]  621 	ld	hl, #_sfx_play_bank
    000002C2 36 FF            [12]  622 	ld	(hl), #0xff
                                    623 ;sm83/musicmanager.h:107: music_sfx_priority = priority;
    000002C4 21r00r00         [12]  624 	ld	hl, #_music_sfx_priority
    000002C7 36 04            [12]  625 	ld	(hl), #0x04
                                    626 ;sm83/musicmanager.h:108: music_sound_cut_mask(music_mute_mask);
    000002C9 FAr00r00         [16]  627 	ld	a, (_music_mute_mask)
                                    628 ;sm83/musicmanager.h:80: sfx_sound_cut_mask(mask);
    000002CC 47               [ 4]  629 	ld	b, a
                                    630 ;sm83/sfxplayer.h:47: if (mask & SFX_CH_1) NR12_REG = 0, NR14_REG = SFX_CH_RETRIGGER;
    000002CD 0F               [ 4]  631 	rrca
    000002CE 30 07            [12]  632 	jr	NC, 00134$
    000002D0 AF               [ 4]  633 	xor	a, a
    000002D1 E0r00            [12]  634 	ldh	(_NR12_REG + 0), a
    000002D3 3E C0            [ 8]  635 	ld	a, #0xc0
    000002D5 E0r00            [12]  636 	ldh	(_NR14_REG + 0), a
    000002D7                        637 00134$:
                                    638 ;sm83/sfxplayer.h:48: if (mask & SFX_CH_2) NR22_REG = 0, NR24_REG = SFX_CH_RETRIGGER;
    000002D7 CB 48            [ 8]  639 	bit	1, b
    000002D9 28 07            [12]  640 	jr	Z, 00136$
    000002DB AF               [ 4]  641 	xor	a, a
    000002DC E0r00            [12]  642 	ldh	(_NR22_REG + 0), a
    000002DE 3E C0            [ 8]  643 	ld	a, #0xc0
    000002E0 E0r00            [12]  644 	ldh	(_NR24_REG + 0), a
    000002E2                        645 00136$:
                                    646 ;sm83/sfxplayer.h:49: if (mask & SFX_CH_3) NR32_REG = 0;
    000002E2 CB 50            [ 8]  647 	bit	2, b
    000002E4 28 03            [12]  648 	jr	Z, 00138$
    000002E6 AF               [ 4]  649 	xor	a, a
    000002E7 E0r00            [12]  650 	ldh	(_NR32_REG + 0), a
    000002E9                        651 00138$:
                                    652 ;sm83/sfxplayer.h:50: if (mask & SFX_CH_4) NR42_REG = 0, NR44_REG = SFX_CH_RETRIGGER;
    000002E9 CB 58            [ 8]  653 	bit	3, b
    000002EB 28 07            [12]  654 	jr	Z, 00140$
    000002ED AF               [ 4]  655 	xor	a, a
    000002EE E0r00            [12]  656 	ldh	(_NR42_REG + 0), a
    000002F0 3E C0            [ 8]  657 	ld	a, #0xc0
    000002F2 E0r00            [12]  658 	ldh	(_NR44_REG + 0), a
    000002F4                        659 00140$:
                                    660 ;sm83/sfxplayer.h:51: NR51_REG = 0xFF;
    000002F4 3E FF            [ 8]  661 	ld	a, #0xff
    000002F6 E0r00            [12]  662 	ldh	(_NR51_REG + 0), a
                                    663 ;sm83/musicmanager.h:109: music_mute_mask = mute_mask;
    000002F8 21r00r00         [12]  664 	ld	hl, #_music_mute_mask
    000002FB 71               [ 8]  665 	ld	(hl), c
                                    666 ;sm83/sfxplayer.h:64: sfx_play_bank = SFX_STOP_BANK, sfx_frame_skip = 0, sfx_play_sample = sample, sfx_play_bank = bank;
    000002FC 21r00r00         [12]  667 	ld	hl, #_sfx_play_bank
    000002FF 36 FF            [12]  668 	ld	(hl), #0xff
    00000301 AF               [ 4]  669 	xor	a, a
    00000302 EAr00r00         [16]  670 	ld	(#_sfx_frame_skip),a
    00000305 21r00r00         [12]  671 	ld	hl, #_sfx_play_sample
    00000308 36r00            [12]  672 	ld	(hl), #<(_sound_pipe)
    0000030A 23               [ 8]  673 	inc	hl
    0000030B 36s00            [12]  674 	ld	(hl), #>(_sound_pipe)
    0000030D 21r00r00         [12]  675 	ld	hl, #_sfx_play_bank
    00000310 73               [ 8]  676 	ld	(hl), e
                                    677 ;src/main.c:127: SFX_MUTE_MASK(sound_pipe), MUSIC_SFX_PRIORITY_NORMAL);
    00000311                        678 00144$:
                                    679 ;src/main.c:132: uint8_t _saved_bank = _current_bank;
    00000311 F0r00            [12]  680 	ldh	a, (__current_bank + 0)
    00000313 4F               [ 4]  681 	ld	c, a
                                    682 ;src/main.c:133: SWITCH_ROM(BANK(enemy));
    00000314 3Er00            [ 8]  683 	ld	a, #<(___bank_enemy)
    00000316 E0r00            [12]  684 	ldh	(__current_bank + 0), a
    00000318 EAr00r00         [16]  685 	ld	(#_rROMB0),a
                                    686 ;src/main.c:134: enemy_stomp(enemy_index);
    0000031B C5               [16]  687 	push	bc
    0000031C F8 02            [12]  688 	ldhl	sp,	#2
    0000031E 7E               [ 8]  689 	ld	a, (hl)
    0000031F F5               [16]  690 	push	af
    00000320 33               [ 8]  691 	inc	sp
    00000321 1Er00            [ 8]  692 	ld	e, #b_enemy_stomp
    00000323 21r00r00         [12]  693 	ld	hl, #_enemy_stomp
    00000326 CDr00r00         [24]  694 	call	___sdcc_bcall_ehl
    00000329 33               [ 8]  695 	inc	sp
    0000032A C1               [12]  696 	pop	bc
                                    697 ;src/main.c:135: SWITCH_ROM(_saved_bank);
    0000032B 79               [ 4]  698 	ld	a, c
    0000032C E0r00            [12]  699 	ldh	(__current_bank + 0), a
    0000032E 21r00r00         [12]  700 	ld	hl, #_rROMB0
    00000331 71               [ 8]  701 	ld	(hl), c
    00000332 18 1E            [12]  702 	jr	00109$
    00000334                        703 00105$:
                                    704 ;src/main.c:139: die();
    00000334 CDr00r00         [24]  705 	call	_die
                                    706 ;src/main.c:140: uint8_t _saved_bank = _current_bank;
    00000337 F0r00            [12]  707 	ldh	a, (__current_bank + 0)
    00000339 4F               [ 4]  708 	ld	c, a
                                    709 ;src/main.c:141: SWITCH_ROM(BANK(enemy));
    0000033A 3Er00            [ 8]  710 	ld	a, #<(___bank_enemy)
    0000033C E0r00            [12]  711 	ldh	(__current_bank + 0), a
    0000033E EAr00r00         [16]  712 	ld	(#_rROMB0),a
                                    713 ;src/main.c:142: enemy_reset_all();
    00000341 C5               [16]  714 	push	bc
    00000342 1Er00            [ 8]  715 	ld	e, #b_enemy_reset_all
    00000344 21r00r00         [12]  716 	ld	hl, #_enemy_reset_all
    00000347 CDr00r00         [24]  717 	call	___sdcc_bcall_ehl
    0000034A C1               [12]  718 	pop	bc
                                    719 ;src/main.c:143: SWITCH_ROM(_saved_bank);
    0000034B 79               [ 4]  720 	ld	a, c
    0000034C E0r00            [12]  721 	ldh	(__current_bank + 0), a
    0000034E 21r00r00         [12]  722 	ld	hl, #_rROMB0
    00000351 71               [ 8]  723 	ld	(hl), c
    00000352                        724 00109$:
                                    725 ;src/main.c:146: return true;
    00000352 3E 01            [ 8]  726 	ld	a, #0x01
    00000354 18 0B            [12]  727 	jr	00147$
    00000356                        728 00115$:
                                    729 ;src/main.c:92: for (uint8_t enemy_index = 0; enemy_index < ENEMY_MAX; enemy_index++) {
    00000356 F8 07            [12]  730 	ldhl	sp,	#7
    00000358 34               [12]  731 	inc	(hl)
    00000359 7E               [ 8]  732 	ld	a, (hl)
    0000035A F8 00            [12]  733 	ldhl	sp,	#0
    0000035C 77               [ 8]  734 	ld	(hl), a
    0000035D C3r45r01         [16]  735 	jp	00146$
    00000360                        736 00116$:
                                    737 ;src/main.c:149: return false;
    00000360 AF               [ 4]  738 	xor	a, a
    00000361                        739 00147$:
                                    740 ;src/main.c:150: }
    00000361 E8 08            [16]  741 	add	sp, #8
    00000363 C9               [16]  742 	ret
                                    743 ;src/main.c:152: void main(void) {
                                    744 ;	---------------------------------
                                    745 ; Function main
                                    746 ; ---------------------------------
    00000364                        747 _main::
    00000364 E8 D3            [16]  748 	add	sp, #-45
                                    749 ;src/main.c:154: STAT_REG = 0x40;
    00000366 3E 40            [ 8]  750 	ld	a, #0x40
    00000368 E0r00            [12]  751 	ldh	(_STAT_REG + 0), a
                                    752 ;src/main.c:155: LYC_REG = 0x0F;
    0000036A 3E 0F            [ 8]  753 	ld	a, #0x0f
    0000036C E0r00            [12]  754 	ldh	(_LYC_REG + 0), a
                                    755 ;/home/odrevet/projects/gbdk/include/gb/gb.h:811: __asm__("di");
    0000036E F3               [ 4]  756 	di
                                    757 ;src/main.c:158: set_interrupts(VBL_IFLAG | LCD_IFLAG);
    0000036F 3E 03            [ 8]  758 	ld	a, #0x03
    00000371 CDr00r00         [24]  759 	call	_set_interrupts
                                    760 ;src/main.c:159: add_LCD(interruptLCD);
    00000374 11r00r00         [12]  761 	ld	de, #_interruptLCD
    00000377 CDr00r00         [24]  762 	call	_add_LCD
                                    763 ;/home/odrevet/projects/gbdk/include/gb/gb.h:795: __asm__("ei");
    0000037A FB               [ 4]  764 	ei
                                    765 ;sm83/musicmanager.h:61: music_current_track_bank = MUSIC_STOP_BANK;
    0000037B 21r00r00         [12]  766 	ld	hl, #_music_current_track_bank
    0000037E 36 FF            [12]  767 	ld	(hl), #0xff
                                    768 ;sm83/sfxplayer.h:25: NR52_REG = SFX_CH_ENABLE, NR51_REG = 0xFF, NR50_REG = 0x77;  // enable sound
    00000380 3E 80            [ 8]  769 	ld	a, #0x80
    00000382 E0r00            [12]  770 	ldh	(_NR52_REG + 0), a
    00000384 3E FF            [ 8]  771 	ld	a, #0xff
    00000386 E0r00            [12]  772 	ldh	(_NR51_REG + 0), a
    00000388 3E 77            [ 8]  773 	ld	a, #0x77
    0000038A E0r00            [12]  774 	ldh	(_NR50_REG + 0), a
                                    775 ;sm83/sfxplayer.h:59: sfx_play_bank = SFX_STOP_BANK, sfx_play_sample = NULL;
    0000038C 21r00r00         [12]  776 	ld	hl, #_sfx_play_bank
    0000038F 36 FF            [12]  777 	ld	(hl), #0xff
    00000391 AF               [ 4]  778 	xor	a, a
    00000392 21r00r00         [12]  779 	ld	hl, #_sfx_play_sample
    00000395 22               [ 8]  780 	ld	(hl+), a
    00000396 77               [ 8]  781 	ld	(hl), a
                                    782 ;sm83/sfxplayer.h:32: NR12_REG = NR22_REG = NR32_REG = NR42_REG = 0;
    00000397 AF               [ 4]  783 	xor	a, a
    00000398 E0r00            [12]  784 	ldh	(_NR42_REG + 0), a
    0000039A AF               [ 4]  785 	xor	a, a
    0000039B E0r00            [12]  786 	ldh	(_NR32_REG + 0), a
    0000039D AF               [ 4]  787 	xor	a, a
    0000039E E0r00            [12]  788 	ldh	(_NR22_REG + 0), a
    000003A0 AF               [ 4]  789 	xor	a, a
    000003A1 E0r00            [12]  790 	ldh	(_NR12_REG + 0), a
                                    791 ;sm83/sfxplayer.h:33: NR14_REG = NR24_REG = NR44_REG = SFX_CH_RETRIGGER;
    000003A3 3E C0            [ 8]  792 	ld	a, #0xc0
    000003A5 E0r00            [12]  793 	ldh	(_NR44_REG + 0), a
    000003A7 3E C0            [ 8]  794 	ld	a, #0xc0
    000003A9 E0r00            [12]  795 	ldh	(_NR24_REG + 0), a
    000003AB 3E C0            [ 8]  796 	ld	a, #0xc0
    000003AD E0r00            [12]  797 	ldh	(_NR14_REG + 0), a
                                    798 ;sm83/sfxplayer.h:34: NR51_REG = 0xFF;
    000003AF 3E FF            [ 8]  799 	ld	a, #0xff
    000003B1 E0r00            [12]  800 	ldh	(_NR51_REG + 0), a
                                    801 ;src/main.c:167: }
    000003B3 F3               [ 4]  802 	di
                                    803 ;sm83/musicmanager.h:50: music_setup_timer_ex((_cpu == CGB_TYPE) && (*(UBYTE *)0x0143 & 0x80));
    000003B4 FAr00r00         [16]  804 	ld	a, (#__cpu)
    000003B7 D6 11            [ 8]  805 	sub	a, #0x11
    000003B9 20 06            [12]  806 	jr	NZ, 00197$
    000003BB FA 43 01         [16]  807 	ld	a, (#0x0143)
    000003BE 07               [ 4]  808 	rlca
    000003BF 38 03            [12]  809 	jr	C, 00198$
    000003C1                        810 00197$:
    000003C1 AF               [ 4]  811 	xor	a, a
    000003C2 18 02            [12]  812 	jr	00199$
    000003C4                        813 00198$:
    000003C4 3E 01            [ 8]  814 	ld	a, #0x01
    000003C6                        815 00199$:
                                    816 ;sm83/musicmanager.h:39: TMA_REG = (is_fast) ? 0x80u : 0xC0u;
    000003C6 B7               [ 4]  817 	or	a, a
    000003C7 3E 80            [ 8]  818 	ld	a, #0x80
    000003C9 20 02            [12]  819 	jr	NZ, 00201$
    000003CB 3E C0            [ 8]  820 	ld	a, #0xc0
    000003CD                        821 00201$:
    000003CD E0r00            [12]  822 	ldh	(_TMA_REG + 0), a
                                    823 ;sm83/musicmanager.h:40: TAC_REG = 0x07u;
    000003CF 3E 07            [ 8]  824 	ld	a, #0x07
    000003D1 E0r00            [12]  825 	ldh	(_TAC_REG + 0), a
                                    826 ;sm83/musicmanager.h:44: music_tick_mask = MUSIC_TICK_MASK_256HZ;
    000003D3 21r00r00         [12]  827 	ld	hl, #_music_tick_mask
    000003D6 36 03            [12]  828 	ld	(hl), #0x03
                                    829 ;src/main.c:166: add_low_priority_TIM(music_play_isr);
    000003D8 11r00r00         [12]  830 	ld	de, #_music_play_isr
    000003DB CDr00r00         [24]  831 	call	_add_low_priority_TIM
    000003DE FB               [ 4]  832 	ei
                                    833 ;src/main.c:168: set_interrupts(IE_REG | TIM_IFLAG);
    000003DF F0r00            [12]  834 	ldh	a, (_IE_REG + 0)
    000003E1 CB D7            [ 8]  835 	set	2, a
    000003E3 CDr00r00         [24]  836 	call	_set_interrupts
                                    837 ;src/main.c:171: joypad_previous, joypad_current = 0;
    000003E6 AF               [ 4]  838 	xor	a, a
    000003E7 EAr00r00         [16]  839 	ld	(#_joypad_current),a
                                    840 ;src/main.c:173: init();
    000003EA CDr00r00         [24]  841 	call	_init
                                    842 ;src/main.c:187: DISPLAY_ON;
    000003ED F0r00            [12]  843 	ldh	a, (_LCDC_REG + 0)
    000003EF F6 80            [ 8]  844 	or	a, #0x80
    000003F1 E0r00            [12]  845 	ldh	(_LCDC_REG + 0), a
                                    846 ;src/main.c:188: SHOW_BKG;
    000003F3 F0r00            [12]  847 	ldh	a, (_LCDC_REG + 0)
    000003F5 F6 01            [ 8]  848 	or	a, #0x01
    000003F7 E0r00            [12]  849 	ldh	(_LCDC_REG + 0), a
                                    850 ;src/main.c:190: SHOW_WIN;
    000003F9 F0r00            [12]  851 	ldh	a, (_LCDC_REG + 0)
    000003FB F6 20            [ 8]  852 	or	a, #0x20
    000003FD E0r00            [12]  853 	ldh	(_LCDC_REG + 0), a
                                    854 ;src/main.c:193: SHOW_SPRITES;
    000003FF F0r00            [12]  855 	ldh	a, (_LCDC_REG + 0)
    00000401 F6 02            [ 8]  856 	or	a, #0x02
    00000403 E0r00            [12]  857 	ldh	(_LCDC_REG + 0), a
                                    858 ;src/main.c:194: SPRITES_8x8;
    00000405 F0r00            [12]  859 	ldh	a, (_LCDC_REG + 0)
    00000407 E6 FB            [ 8]  860 	and	a, #0xfb
    00000409 E0r00            [12]  861 	ldh	(_LCDC_REG + 0), a
                                    862 ;src/main.c:198: uint8_t anim_frame_counter = 0;
    0000040B F8 2C            [12]  863 	ldhl	sp,	#44
    0000040D 36 00            [12]  864 	ld	(hl), #0x00
                                    865 ;src/main.c:200: uint8_t _saved_bank = _current_bank;
    0000040F F0r00            [12]  866 	ldh	a, (__current_bank + 0)
    00000411 F8 28            [12]  867 	ldhl	sp,	#40
    00000413 77               [ 8]  868 	ld	(hl), a
                                    869 ;src/main.c:202: SWITCH_ROM(BANK(textTileset));
    00000414 0Er00            [ 8]  870 	ld	c, #<(___bank_textTileset)
    00000416 79               [ 4]  871 	ld	a, c
    00000417 E0r00            [12]  872 	ldh	(__current_bank + 0), a
    00000419 21r00r00         [12]  873 	ld	hl, #_rROMB0
    0000041C 71               [ 8]  874 	ld	(hl), c
                                    875 ;src/main.c:203: set_bkg_data(textTileset_TILE_ORIGIN, textTileset_TILE_COUNT, textTileset_tiles);  
    0000041D 11r00r00         [12]  876 	ld	de, #_textTileset_tiles
    00000420 D5               [16]  877 	push	de
    00000421 21 00 28         [12]  878 	ld	hl, #0x2800
    00000424 E5               [16]  879 	push	hl
    00000425 CDr00r00         [24]  880 	call	_set_bkg_data
    00000428 E8 04            [16]  881 	add	sp, #4
                                    882 ;src/main.c:205: SWITCH_ROM(BANK(TitleScreen));
    0000042A 3Er00            [ 8]  883 	ld	a, #<(___bank_TitleScreen)
    0000042C E0r00            [12]  884 	ldh	(__current_bank + 0), a
    0000042E EAr00r00         [16]  885 	ld	(#_rROMB0),a
                                    886 ;src/main.c:206: set_bkg_data(TitleScreen_TILE_ORIGIN, TitleScreen_TILE_COUNT, TitleScreen_tiles);
    00000431 11r00r00         [12]  887 	ld	de, #_TitleScreen_tiles
    00000434 D5               [16]  888 	push	de
    00000435 21 00 64         [12]  889 	ld	hl, #0x6400
    00000438 E5               [16]  890 	push	hl
    00000439 CDr00r00         [24]  891 	call	_set_bkg_data
    0000043C E8 04            [16]  892 	add	sp, #4
                                    893 ;src/main.c:207: set_bkg_tiles(0, 0, 20, 18, TitleScreen_map);
    0000043E 11r00r00         [12]  894 	ld	de, #_TitleScreen_map
    00000441 D5               [16]  895 	push	de
    00000442 21 14 12         [12]  896 	ld	hl, #0x1214
    00000445 E5               [16]  897 	push	hl
    00000446 AF               [ 4]  898 	xor	a, a
    00000447 0F               [ 4]  899 	rrca
    00000448 F5               [16]  900 	push	af
    00000449 CDr00r00         [24]  901 	call	_set_bkg_tiles
    0000044C E8 06            [16]  902 	add	sp, #6
                                    903 ;src/main.c:209: state_title();
    0000044E C5               [16]  904 	push	bc
    0000044F CDr00r00         [24]  905 	call	_state_title
    00000452 C1               [12]  906 	pop	bc
                                    907 ;src/main.c:211: SWITCH_ROM(BANK(textTileset));
    00000453 79               [ 4]  908 	ld	a, c
    00000454 E0r00            [12]  909 	ldh	(__current_bank + 0), a
    00000456 21r00r00         [12]  910 	ld	hl, #_rROMB0
    00000459 71               [ 8]  911 	ld	(hl), c
                                    912 ;src/main.c:212: set_bkg_data(textTileset_TILE_ORIGIN, textTileset_TILE_COUNT, textTileset_tiles); 
    0000045A 11r00r00         [12]  913 	ld	de, #_textTileset_tiles
    0000045D D5               [16]  914 	push	de
    0000045E 21 00 28         [12]  915 	ld	hl, #0x2800
    00000461 E5               [16]  916 	push	hl
    00000462 CDr00r00         [24]  917 	call	_set_bkg_data
    00000465 E8 04            [16]  918 	add	sp, #4
                                    919 ;src/main.c:214: SWITCH_ROM(BANK(commonTileset));
    00000467 3Er00            [ 8]  920 	ld	a, #<(___bank_commonTileset)
    00000469 E0r00            [12]  921 	ldh	(__current_bank + 0), a
    0000046B EAr00r00         [16]  922 	ld	(#_rROMB0),a
                                    923 ;src/main.c:215: set_bkg_data(commonTileset_TILE_ORIGIN, commonTileset_TILE_COUNT, commonTileset_tiles);
    0000046E 11r00r00         [12]  924 	ld	de, #_commonTileset_tiles
    00000471 D5               [16]  925 	push	de
    00000472 21 28 38         [12]  926 	ld	hl, #0x3828
    00000475 E5               [16]  927 	push	hl
    00000476 CDr00r00         [24]  928 	call	_set_bkg_data
    00000479 E8 04            [16]  929 	add	sp, #4
                                    930 ;src/main.c:217: SWITCH_ROM(BANK(marioSprites));
    0000047B F8 29            [12]  931 	ldhl	sp,	#41
    0000047D 36r00            [12]  932 	ld	(hl), #<(___bank_marioSprites)
    0000047F 7E               [ 8]  933 	ld	a, (hl)
    00000480 E0r00            [12]  934 	ldh	(__current_bank + 0), a
    00000482 7E               [ 8]  935 	ld	a, (hl)
    00000483 EAr00r00         [16]  936 	ld	(#_rROMB0),a
                                    937 ;src/main.c:218: set_sprite_data(marioSprites_TILE_ORIGIN, marioSprites_TILE_COUNT, marioSprites_tiles);
    00000486 11r00r00         [12]  938 	ld	de, #_marioSprites_tiles
    00000489 D5               [16]  939 	push	de
    0000048A 21 00 35         [12]  940 	ld	hl, #0x3500
    0000048D E5               [16]  941 	push	hl
    0000048E CDr00r00         [24]  942 	call	_set_sprite_data
    00000491 E8 04            [16]  943 	add	sp, #4
                                    944 ;src/main.c:220: SWITCH_ROM(BANK(enemiesSprites));
    00000493 3Er00            [ 8]  945 	ld	a, #<(___bank_enemiesSprites)
    00000495 E0r00            [12]  946 	ldh	(__current_bank + 0), a
    00000497 EAr00r00         [16]  947 	ld	(#_rROMB0),a
                                    948 ;src/main.c:221: set_sprite_data(enemiesSprites_TILE_ORIGIN, enemiesSprites_TILE_COUNT, enemiesSprites_tiles);
    0000049A 11r00r00         [12]  949 	ld	de, #_enemiesSprites_tiles
    0000049D D5               [16]  950 	push	de
    0000049E 21 35 07         [12]  951 	ld	hl, #0x735
    000004A1 E5               [16]  952 	push	hl
    000004A2 CDr00r00         [24]  953 	call	_set_sprite_data
    000004A5 E8 04            [16]  954 	add	sp, #4
                                    955 ;src/main.c:223: SWITCH_ROM(BANK(enemiesBirabutoSprites));
    000004A7 3Er00            [ 8]  956 	ld	a, #<(___bank_enemiesBirabutoSprites)
    000004A9 E0r00            [12]  957 	ldh	(__current_bank + 0), a
    000004AB EAr00r00         [16]  958 	ld	(#_rROMB0),a
                                    959 ;src/main.c:224: set_sprite_data(enemiesBirabutoSprites_TILE_ORIGIN, enemiesBirabutoSprites_TILE_COUNT, enemiesBirabutoSprites_tiles);
    000004AE 11r00r00         [12]  960 	ld	de, #_enemiesBirabutoSprites_tiles
    000004B1 D5               [16]  961 	push	de
    000004B2 21 49 1C         [12]  962 	ld	hl, #0x1c49
    000004B5 E5               [16]  963 	push	hl
    000004B6 CDr00r00         [24]  964 	call	_set_sprite_data
    000004B9 E8 04            [16]  965 	add	sp, #4
                                    966 ;src/main.c:226: SWITCH_ROM(BANK(commonSprites));
    000004BB 3Er00            [ 8]  967 	ld	a, #<(___bank_commonSprites)
    000004BD E0r00            [12]  968 	ldh	(__current_bank + 0), a
    000004BF EAr00r00         [16]  969 	ld	(#_rROMB0),a
                                    970 ;src/main.c:228: commonSprites_tiles);
                                    971 ;src/main.c:227: set_sprite_data(commonSprites_TILE_ORIGIN, commonSprites_TILE_COUNT,
    000004C2 11r00r00         [12]  972 	ld	de, #_commonSprites_tiles
    000004C5 D5               [16]  973 	push	de
    000004C6 21 3C 0D         [12]  974 	ld	hl, #0xd3c
    000004C9 E5               [16]  975 	push	hl
    000004CA CDr00r00         [24]  976 	call	_set_sprite_data
    000004CD E8 04            [16]  977 	add	sp, #4
                                    978 ;src/main.c:230: SWITCH_ROM(_saved_bank);
    000004CF F8 28            [12]  979 	ldhl	sp,	#40
    000004D1 7E               [ 8]  980 	ld	a, (hl)
    000004D2 E0r00            [12]  981 	ldh	(__current_bank + 0), a
    000004D4 7E               [ 8]  982 	ld	a, (hl)
    000004D5 21r00r00         [12]  983 	ld	hl, #_rROMB0
    000004D8 77               [ 8]  984 	ld	(hl), a
                                    985 ;/home/odrevet/projects/gbdk/include/gb/gb.h:811: __asm__("di");
    000004D9 F3               [ 4]  986 	di
                                    987 ;src/main.c:234: add_VBL(interruptVBL);
    000004DA 11r0Er00         [12]  988 	ld	de, #_interruptVBL
    000004DD CDr00r00         [24]  989 	call	_add_VBL
                                    990 ;/home/odrevet/projects/gbdk/include/gb/gb.h:1461: SCX_REG=x, SCY_REG=y;
    000004E0 3E 00            [ 8]  991 	ld	a, #0x00
    000004E2 E0r00            [12]  992 	ldh	(_SCX_REG + 0), a
    000004E4 3E F0            [ 8]  993 	ld	a, #0xf0
    000004E6 E0r00            [12]  994 	ldh	(_SCY_REG + 0), a
                                    995 ;/home/odrevet/projects/gbdk/include/gb/gb.h:795: __asm__("ei");
    000004E8 FB               [ 4]  996 	ei
                                    997 ;src/main.c:239: current_level = 0;
                                    998 ;src/main.c:240: map_column = 0;
    000004E9 AF               [ 4]  999 	xor	a, a
    000004EA EAr00r00         [16] 1000 	ld	(#_current_level), a
    000004ED EAr00r00         [16] 1001 	ld	(#_map_column),a
                                   1002 ;src/main.c:241: level_set_current();
    000004F0 CDr00r00         [24] 1003 	call	_level_set_current
                                   1004 ;src/main.c:243: score = 0;
    000004F3 AF               [ 4] 1005 	xor	a, a
    000004F4 21r00r00         [12] 1006 	ld	hl, #_score
    000004F7 22               [ 8] 1007 	ld	(hl+), a
    000004F8 77               [ 8] 1008 	ld	(hl), a
                                   1009 ;src/main.c:244: lives = INITIAL_LIVES;
    000004F9 21r00r00         [12] 1010 	ld	hl, #_lives
    000004FC 36 03            [12] 1011 	ld	(hl), #0x03
                                   1012 ;src/main.c:245: coins = 0;
    000004FE AF               [ 4] 1013 	xor	a, a
    000004FF EAr00r00         [16] 1014 	ld	(#_coins),a
                                   1015 ;src/main.c:248: memset(windata, 15, WINDOW_SIZE);
    00000502 F8 00            [12] 1016 	ldhl	sp,	#0
    00000504 4D               [ 4] 1017 	ld	c, l
    00000505 44               [ 4] 1018 	ld	b, h
    00000506 59               [ 4] 1019 	ld	e, c
    00000507 50               [ 4] 1020 	ld	d, b
    00000508 21 28 00         [12] 1021 	ld	hl, #0x0028
    0000050B E5               [16] 1022 	push	hl
    0000050C 2E 0F            [ 8] 1023 	ld	l, #0x0f
    0000050E E5               [16] 1024 	push	hl
    0000050F D5               [16] 1025 	push	de
    00000510 CDr00r00         [24] 1026 	call	_memset
    00000513 E8 06            [16] 1027 	add	sp, #6
                                   1028 ;src/main.c:250: set_win_tiles(0, 0, WINDOW_WIDTH_TILE, WINDOW_HEIGHT_TILE, windata);
    00000515 C5               [16] 1029 	push	bc
    00000516 21 14 02         [12] 1030 	ld	hl, #0x214
    00000519 E5               [16] 1031 	push	hl
    0000051A AF               [ 4] 1032 	xor	a, a
    0000051B 0F               [ 4] 1033 	rrca
    0000051C F5               [16] 1034 	push	af
    0000051D CDr00r00         [24] 1035 	call	_set_win_tiles
    00000520 E8 06            [16] 1036 	add	sp, #6
                                   1037 ;/home/odrevet/projects/gbdk/include/gb/gb.h:1739: WX_REG=x, WY_REG=y;
    00000522 3E 07            [ 8] 1038 	ld	a, #0x07
    00000524 E0r00            [12] 1039 	ldh	(_WX_REG + 0), a
    00000526 AF               [ 4] 1040 	xor	a, a
    00000527 E0r00            [12] 1041 	ldh	(_WY_REG + 0), a
                                   1042 ;src/main.c:252: text_print_string(0, 0, "MARIOx00  WORLD TIME");
    00000529 11r80r08         [12] 1043 	ld	de, #___str_0
    0000052C D5               [16] 1044 	push	de
    0000052D AF               [ 4] 1045 	xor	a, a
    0000052E 5F               [ 4] 1046 	ld	e, a
    0000052F CDr00r00         [24] 1047 	call	_text_print_string
                                   1048 ;src/main.c:253: text_print_string(0, 1, "     0  x00 1-1  000");
    00000532 11r95r08         [12] 1049 	ld	de, #___str_1
    00000535 D5               [16] 1050 	push	de
    00000536 1E 01            [ 8] 1051 	ld	e, #0x01
    00000538 AF               [ 4] 1052 	xor	a, a
    00000539 CDr00r00         [24] 1053 	call	_text_print_string
                                   1054 ;src/main.c:255: set_win_tile_xy(7, 1, TILE_COIN);
    0000053C 3E 37            [ 8] 1055 	ld	a, #0x37
    0000053E F5               [16] 1056 	push	af
    0000053F 33               [ 8] 1057 	inc	sp
    00000540 1E 01            [ 8] 1058 	ld	e, #0x01
    00000542 3E 07            [ 8] 1059 	ld	a, #0x07
    00000544 CDr00r00         [24] 1060 	call	_set_win_tile_xy
                                   1061 ;src/main.c:256: hud_update_time();
    00000547 CDr00r00         [24] 1062 	call	_hud_update_time
                                   1063 ;src/main.c:257: hud_update_lives();
    0000054A CDr00r00         [24] 1064 	call	_hud_update_lives
                                   1065 ;src/main.c:260: while (1) {
    0000054D                       1066 00137$:
                                   1067 ;src/main.c:261: joypad_previous = joypad_current;
    0000054D FAr00r00         [16] 1068 	ld	a, (#_joypad_current)
    00000550 EAr00r00         [16] 1069 	ld	(#_joypad_previous),a
                                   1070 ;src/main.c:262: joypad_current = joypad();
    00000553 CDr00r00         [24] 1071 	call	_joypad
    00000556 21r00r00         [12] 1072 	ld	hl, #_joypad_current
    00000559 77               [ 8] 1073 	ld	(hl), a
                                   1074 ;src/main.c:264: if (joypad_current & J_START && !(joypad_previous & J_START)) {
    0000055A 7E               [ 8] 1075 	ld	a, (hl)
    0000055B 07               [ 4] 1076 	rlca
    0000055C 30 77            [12] 1077 	jr	NC, 00102$
    0000055E FAr00r00         [16] 1078 	ld	a, (_joypad_previous)
    00000561 07               [ 4] 1079 	rlca
    00000562 38 71            [12] 1080 	jr	C, 00102$
                                   1081 ;src/main.c:266: music_pause(TRUE);
    00000564 3E 01            [ 8] 1082 	ld	a, #0x01
    00000566 CDr00r00         [24] 1083 	call	_music_pause
                                   1084 ;src/main.c:267: music_play_sfx(BANK(sound_pause), sound_pause, SFX_MUTE_MASK(sound_pause),
    00000569 F8 2A            [12] 1085 	ldhl	sp,	#42
    0000056B 36r00            [12] 1086 	ld	(hl), #<(___mute_mask_sound_pause)
    0000056D 23               [ 8] 1087 	inc	hl
    0000056E 36r00            [12] 1088 	ld	(hl), #<(___bank_sound_pause)
                                   1089 ;sm83/musicmanager.h:105: if (music_sfx_priority > priority) return;
    00000570 3E 04            [ 8] 1090 	ld	a, #0x04
    00000572 21r00r00         [12] 1091 	ld	hl, #_music_sfx_priority
    00000575 96               [ 8] 1092 	sub	a, (hl)
    00000576 38 56            [12] 1093 	jr	C, 00164$
                                   1094 ;sm83/musicmanager.h:106: sfx_play_bank = SFX_STOP_BANK;
    00000578 21r00r00         [12] 1095 	ld	hl, #_sfx_play_bank
    0000057B 36 FF            [12] 1096 	ld	(hl), #0xff
                                   1097 ;sm83/musicmanager.h:107: music_sfx_priority = priority;
    0000057D 21r00r00         [12] 1098 	ld	hl, #_music_sfx_priority
    00000580 36 04            [12] 1099 	ld	(hl), #0x04
                                   1100 ;sm83/musicmanager.h:108: music_sound_cut_mask(music_mute_mask);
    00000582 FAr00r00         [16] 1101 	ld	a, (_music_mute_mask)
                                   1102 ;sm83/musicmanager.h:80: sfx_sound_cut_mask(mask);
    00000585 4F               [ 4] 1103 	ld	c, a
                                   1104 ;sm83/sfxplayer.h:47: if (mask & SFX_CH_1) NR12_REG = 0, NR14_REG = SFX_CH_RETRIGGER;
    00000586 0F               [ 4] 1105 	rrca
    00000587 30 07            [12] 1106 	jr	NC, 00154$
    00000589 AF               [ 4] 1107 	xor	a, a
    0000058A E0r00            [12] 1108 	ldh	(_NR12_REG + 0), a
    0000058C 3E C0            [ 8] 1109 	ld	a, #0xc0
    0000058E E0r00            [12] 1110 	ldh	(_NR14_REG + 0), a
    00000590                       1111 00154$:
                                   1112 ;sm83/sfxplayer.h:48: if (mask & SFX_CH_2) NR22_REG = 0, NR24_REG = SFX_CH_RETRIGGER;
    00000590 CB 49            [ 8] 1113 	bit	1, c
    00000592 28 07            [12] 1114 	jr	Z, 00156$
    00000594 AF               [ 4] 1115 	xor	a, a
    00000595 E0r00            [12] 1116 	ldh	(_NR22_REG + 0), a
    00000597 3E C0            [ 8] 1117 	ld	a, #0xc0
    00000599 E0r00            [12] 1118 	ldh	(_NR24_REG + 0), a
    0000059B                       1119 00156$:
                                   1120 ;sm83/sfxplayer.h:49: if (mask & SFX_CH_3) NR32_REG = 0;
    0000059B CB 51            [ 8] 1121 	bit	2, c
    0000059D 28 03            [12] 1122 	jr	Z, 00158$
    0000059F AF               [ 4] 1123 	xor	a, a
    000005A0 E0r00            [12] 1124 	ldh	(_NR32_REG + 0), a
    000005A2                       1125 00158$:
                                   1126 ;sm83/sfxplayer.h:50: if (mask & SFX_CH_4) NR42_REG = 0, NR44_REG = SFX_CH_RETRIGGER;
    000005A2 CB 59            [ 8] 1127 	bit	3, c
    000005A4 28 07            [12] 1128 	jr	Z, 00160$
    000005A6 AF               [ 4] 1129 	xor	a, a
    000005A7 E0r00            [12] 1130 	ldh	(_NR42_REG + 0), a
    000005A9 3E C0            [ 8] 1131 	ld	a, #0xc0
    000005AB E0r00            [12] 1132 	ldh	(_NR44_REG + 0), a
    000005AD                       1133 00160$:
                                   1134 ;sm83/sfxplayer.h:51: NR51_REG = 0xFF;
    000005AD 3E FF            [ 8] 1135 	ld	a, #0xff
    000005AF E0r00            [12] 1136 	ldh	(_NR51_REG + 0), a
                                   1137 ;sm83/musicmanager.h:109: music_mute_mask = mute_mask;
    000005B1 F8 2A            [12] 1138 	ldhl	sp,	#42
    000005B3 7E               [ 8] 1139 	ld	a, (hl)
    000005B4 EAr00r00         [16] 1140 	ld	(#_music_mute_mask),a
                                   1141 ;sm83/sfxplayer.h:64: sfx_play_bank = SFX_STOP_BANK, sfx_frame_skip = 0, sfx_play_sample = sample, sfx_play_bank = bank;
    000005B7 21r00r00         [12] 1142 	ld	hl, #_sfx_play_bank
    000005BA 36 FF            [12] 1143 	ld	(hl), #0xff
    000005BC AF               [ 4] 1144 	xor	a, a
    000005BD EAr00r00         [16] 1145 	ld	(#_sfx_frame_skip),a
    000005C0 21r00r00         [12] 1146 	ld	hl, #_sfx_play_sample
    000005C3 36r00            [12] 1147 	ld	(hl), #<(_sound_pause)
    000005C5 23               [ 8] 1148 	inc	hl
    000005C6 36s00            [12] 1149 	ld	(hl), #>(_sound_pause)
    000005C8 F8 2B            [12] 1150 	ldhl	sp,	#43
    000005CA 7E               [ 8] 1151 	ld	a, (hl)
    000005CB EAr00r00         [16] 1152 	ld	(#_sfx_play_bank),a
                                   1153 ;src/main.c:268: MUSIC_SFX_PRIORITY_NORMAL);
    000005CE                       1154 00164$:
                                   1155 ;src/main.c:269: state_pause();
    000005CE CDr00r00         [24] 1156 	call	_state_pause
                                   1157 ;src/main.c:270: music_pause(FALSE);
    000005D1 AF               [ 4] 1158 	xor	a, a
    000005D2 CDr00r00         [24] 1159 	call	_music_pause
    000005D5                       1160 00102$:
                                   1161 ;src/main.c:274: enemy_collide();
    000005D5 CDr3Br01         [24] 1162 	call	_enemy_collide
                                   1163 ;src/main.c:276: SWITCH_ROM(BANK(marioSprites));
    000005D8 F8 29            [12] 1164 	ldhl	sp,	#41
    000005DA 7E               [ 8] 1165 	ld	a, (hl)
    000005DB E0r00            [12] 1166 	ldh	(__current_bank + 0), a
    000005DD 7E               [ 8] 1167 	ld	a, (hl)
    000005DE EAr00r00         [16] 1168 	ld	(#_rROMB0),a
                                   1169 ;src/main.c:277: if(IS_VEHICLE_LEVEL(current_level)){
    000005E1 FAr00r00         [16] 1170 	ld	a, (#_current_level)
    000005E4 D6 05            [ 8] 1171 	sub	a, #0x05
    000005E6 28 07            [12] 1172 	jr	Z, 00104$
    000005E8 FAr00r00         [16] 1173 	ld	a, (#_current_level)
    000005EB D6 0B            [ 8] 1174 	sub	a, #0x0b
    000005ED 20 0A            [12] 1175 	jr	NZ, 00105$
    000005EF                       1176 00104$:
                                   1177 ;src/main.c:278: player_move_vehicle();
    000005EF 1Er00            [ 8] 1178 	ld	e, #b_player_move_vehicle
    000005F1 21r00r00         [12] 1179 	ld	hl, #_player_move_vehicle
    000005F4 CDr00r00         [24] 1180 	call	___sdcc_bcall_ehl
    000005F7 18 08            [12] 1181 	jr	00106$
    000005F9                       1182 00105$:
                                   1183 ;src/main.c:281: player_move();
    000005F9 1Er00            [ 8] 1184 	ld	e, #b_player_move
    000005FB 21r00r00         [12] 1185 	ld	hl, #_player_move
    000005FE CDr00r00         [24] 1186 	call	___sdcc_bcall_ehl
    00000601                       1187 00106$:
                                   1188 ;src/main.c:283: SWITCH_ROM(_saved_bank);
    00000601 F8 28            [12] 1189 	ldhl	sp,	#40
    00000603 7E               [ 8] 1190 	ld	a, (hl)
    00000604 E0r00            [12] 1191 	ldh	(__current_bank + 0), a
    00000606 7E               [ 8] 1192 	ld	a, (hl)
    00000607 EAr00r00         [16] 1193 	ld	(#_rROMB0),a
                                   1194 ;src/main.c:286: if (display_jump_frame) {
    0000060A 21r00r00         [12] 1195 	ld	hl, #_display_jump_frame
    0000060D CB 46            [12] 1196 	bit	0, (hl)
    0000060F 28 07            [12] 1197 	jr	Z, 00115$
                                   1198 ;src/main.c:287: player_frame = 4;
    00000611 21r00r00         [12] 1199 	ld	hl, #_player_frame
    00000614 36 04            [12] 1200 	ld	(hl), #0x04
    00000616 18 7C            [12] 1201 	jr	00116$
    00000618                       1202 00115$:
                                   1203 ;src/main.c:288: } else if (display_slide_frame) {
    00000618 21r00r00         [12] 1204 	ld	hl, #_display_slide_frame
    0000061B CB 46            [12] 1205 	bit	0, (hl)
    0000061D 28 65            [12] 1206 	jr	Z, 00112$
                                   1207 ;src/main.c:290: music_play_sfx(BANK(sound_skid), sound_skid, SFX_MUTE_MASK(sound_skid),
    0000061F 0Er00            [ 8] 1208 	ld	c, #<(___mute_mask_sound_skid)
    00000621 1Er00            [ 8] 1209 	ld	e, #<(___bank_sound_skid)
                                   1210 ;sm83/musicmanager.h:105: if (music_sfx_priority > priority) return;
    00000623 3E 04            [ 8] 1211 	ld	a, #0x04
    00000625 21r00r00         [12] 1212 	ld	hl, #_music_sfx_priority
    00000628 96               [ 8] 1213 	sub	a, (hl)
    00000629 38 52            [12] 1214 	jr	C, 00178$
                                   1215 ;sm83/musicmanager.h:106: sfx_play_bank = SFX_STOP_BANK;
    0000062B 21r00r00         [12] 1216 	ld	hl, #_sfx_play_bank
    0000062E 36 FF            [12] 1217 	ld	(hl), #0xff
                                   1218 ;sm83/musicmanager.h:107: music_sfx_priority = priority;
    00000630 21r00r00         [12] 1219 	ld	hl, #_music_sfx_priority
    00000633 36 04            [12] 1220 	ld	(hl), #0x04
                                   1221 ;sm83/musicmanager.h:108: music_sound_cut_mask(music_mute_mask);
    00000635 FAr00r00         [16] 1222 	ld	a, (_music_mute_mask)
                                   1223 ;sm83/musicmanager.h:80: sfx_sound_cut_mask(mask);
    00000638 47               [ 4] 1224 	ld	b, a
                                   1225 ;sm83/sfxplayer.h:47: if (mask & SFX_CH_1) NR12_REG = 0, NR14_REG = SFX_CH_RETRIGGER;
    00000639 0F               [ 4] 1226 	rrca
    0000063A 30 07            [12] 1227 	jr	NC, 00168$
    0000063C AF               [ 4] 1228 	xor	a, a
    0000063D E0r00            [12] 1229 	ldh	(_NR12_REG + 0), a
    0000063F 3E C0            [ 8] 1230 	ld	a, #0xc0
    00000641 E0r00            [12] 1231 	ldh	(_NR14_REG + 0), a
    00000643                       1232 00168$:
                                   1233 ;sm83/sfxplayer.h:48: if (mask & SFX_CH_2) NR22_REG = 0, NR24_REG = SFX_CH_RETRIGGER;
    00000643 CB 48            [ 8] 1234 	bit	1, b
    00000645 28 07            [12] 1235 	jr	Z, 00170$
    00000647 AF               [ 4] 1236 	xor	a, a
    00000648 E0r00            [12] 1237 	ldh	(_NR22_REG + 0), a
    0000064A 3E C0            [ 8] 1238 	ld	a, #0xc0
    0000064C E0r00            [12] 1239 	ldh	(_NR24_REG + 0), a
    0000064E                       1240 00170$:
                                   1241 ;sm83/sfxplayer.h:49: if (mask & SFX_CH_3) NR32_REG = 0;
    0000064E CB 50            [ 8] 1242 	bit	2, b
    00000650 28 03            [12] 1243 	jr	Z, 00172$
    00000652 AF               [ 4] 1244 	xor	a, a
    00000653 E0r00            [12] 1245 	ldh	(_NR32_REG + 0), a
    00000655                       1246 00172$:
                                   1247 ;sm83/sfxplayer.h:50: if (mask & SFX_CH_4) NR42_REG = 0, NR44_REG = SFX_CH_RETRIGGER;
    00000655 CB 58            [ 8] 1248 	bit	3, b
    00000657 28 07            [12] 1249 	jr	Z, 00174$
    00000659 AF               [ 4] 1250 	xor	a, a
    0000065A E0r00            [12] 1251 	ldh	(_NR42_REG + 0), a
    0000065C 3E C0            [ 8] 1252 	ld	a, #0xc0
    0000065E E0r00            [12] 1253 	ldh	(_NR44_REG + 0), a
    00000660                       1254 00174$:
                                   1255 ;sm83/sfxplayer.h:51: NR51_REG = 0xFF;
    00000660 3E FF            [ 8] 1256 	ld	a, #0xff
    00000662 E0r00            [12] 1257 	ldh	(_NR51_REG + 0), a
                                   1258 ;sm83/musicmanager.h:109: music_mute_mask = mute_mask;
    00000664 21r00r00         [12] 1259 	ld	hl, #_music_mute_mask
    00000667 71               [ 8] 1260 	ld	(hl), c
                                   1261 ;sm83/sfxplayer.h:64: sfx_play_bank = SFX_STOP_BANK, sfx_frame_skip = 0, sfx_play_sample = sample, sfx_play_bank = bank;
    00000668 21r00r00         [12] 1262 	ld	hl, #_sfx_play_bank
    0000066B 36 FF            [12] 1263 	ld	(hl), #0xff
    0000066D AF               [ 4] 1264 	xor	a, a
    0000066E EAr00r00         [16] 1265 	ld	(#_sfx_frame_skip),a
    00000671 21r00r00         [12] 1266 	ld	hl, #_sfx_play_sample
    00000674 3Er00            [ 8] 1267 	ld	a, #<(_sound_skid)
    00000676 22               [ 8] 1268 	ld	(hl+), a
    00000677 36s00            [12] 1269 	ld	(hl), #>(_sound_skid)
    00000679 21r00r00         [12] 1270 	ld	hl, #_sfx_play_bank
    0000067C 73               [ 8] 1271 	ld	(hl), e
                                   1272 ;src/main.c:291: MUSIC_SFX_PRIORITY_NORMAL);
    0000067D                       1273 00178$:
                                   1274 ;src/main.c:293: player_frame = 5;
    0000067D 21r00r00         [12] 1275 	ld	hl, #_player_frame
    00000680 36 05            [12] 1276 	ld	(hl), #0x05
    00000682 18 10            [12] 1277 	jr	00116$
    00000684                       1278 00112$:
                                   1279 ;src/main.c:294: } else if (display_walk_animation) {
    00000684 21r00r00         [12] 1280 	ld	hl, #_display_walk_animation
    00000687 CB 46            [12] 1281 	bit	0, (hl)
    00000689 28 05            [12] 1282 	jr	Z, 00109$
                                   1283 ;src/main.c:295: update_frame_counter();
    0000068B CDr00r00         [24] 1284 	call	_update_frame_counter
    0000068E 18 04            [12] 1285 	jr	00116$
    00000690                       1286 00109$:
                                   1287 ;src/main.c:297: player_frame = 0;
    00000690 AF               [ 4] 1288 	xor	a, a
    00000691 EAr00r00         [16] 1289 	ld	(#_player_frame),a
    00000694                       1290 00116$:
                                   1291 ;src/main.c:300: SWITCH_ROM(BANK(enemy));
    00000694 3Er00            [ 8] 1292 	ld	a, #<(___bank_enemy)
    00000696 E0r00            [12] 1293 	ldh	(__current_bank + 0), a
    00000698 EAr00r00         [16] 1294 	ld	(#_rROMB0),a
                                   1295 ;src/main.c:301: enemy_update();
    0000069B 1Er00            [ 8] 1296 	ld	e, #b_enemy_update
    0000069D 21r00r00         [12] 1297 	ld	hl, #_enemy_update
    000006A0 CDr00r00         [24] 1298 	call	___sdcc_bcall_ehl
                                   1299 ;src/main.c:302: SWITCH_ROM(_saved_bank);
    000006A3 F8 28            [12] 1300 	ldhl	sp,	#40
    000006A5 7E               [ 8] 1301 	ld	a, (hl)
    000006A6 E0r00            [12] 1302 	ldh	(__current_bank + 0), a
    000006A8 7E               [ 8] 1303 	ld	a, (hl)
    000006A9 EAr00r00         [16] 1304 	ld	(#_rROMB0),a
                                   1305 ;src/main.c:304: platform_moving_update();
    000006AC CDr00r00         [24] 1306 	call	_platform_moving_update
                                   1307 ;src/main.c:305: player_draw(0);
    000006AF AF               [ 4] 1308 	xor	a, a
    000006B0 CDr00r00         [24] 1309 	call	_player_draw
                                   1310 ;src/main.c:306: base_sprite = enemy_draw(MARIO_SPRITE_COUNT);
    000006B3 3E 04            [ 8] 1311 	ld	a, #0x04
    000006B5 CDr00r00         [24] 1312 	call	_enemy_draw
                                   1313 ;src/main.c:307: base_sprite = platform_moving_draw(base_sprite);
    000006B8 CDr00r00         [24] 1314 	call	_platform_moving_draw
    000006BB F8 2B            [12] 1315 	ldhl	sp,	#43
    000006BD 77               [ 8] 1316 	ld	(hl), a
                                   1317 ;src/main.c:308: if (powerup_active) {
    000006BE 21r00r00         [12] 1318 	ld	hl, #_powerup_active
    000006C1 CB 46            [12] 1319 	bit	0, (hl)
    000006C3 28 0C            [12] 1320 	jr	Z, 00118$
                                   1321 ;src/main.c:309: powerup_update();
    000006C5 CDr00r00         [24] 1322 	call	_powerup_update
                                   1323 ;src/main.c:310: base_sprite = powerup_draw(base_sprite);
    000006C8 F8 2B            [12] 1324 	ldhl	sp,	#43
    000006CA 7E               [ 8] 1325 	ld	a, (hl)
    000006CB CDr00r00         [24] 1326 	call	_powerup_draw
    000006CE F8 2B            [12] 1327 	ldhl	sp,	#43
    000006D0 77               [ 8] 1328 	ld	(hl), a
    000006D1                       1329 00118$:
                                   1330 ;src/main.c:313: coin_animated_update();
    000006D1 CDr00r00         [24] 1331 	call	_coin_animated_update
                                   1332 ;src/main.c:314: base_sprite = coin_animated_draw(base_sprite);
    000006D4 F8 2B            [12] 1333 	ldhl	sp,	#43
    000006D6 7E               [ 8] 1334 	ld	a, (hl)
    000006D7 CDr00r00         [24] 1335 	call	_coin_animated_draw
    000006DA F8 2B            [12] 1336 	ldhl	sp,	#43
    000006DC 77               [ 8] 1337 	ld	(hl), a
                                   1338 ;src/main.c:315: block_bump_update();
    000006DD 1Er00            [ 8] 1339 	ld	e, #b_block_bump_update
    000006DF 21r00r00         [12] 1340 	ld	hl, #_block_bump_update
    000006E2 CDr00r00         [24] 1341 	call	___sdcc_bcall_ehl
                                   1342 ;src/main.c:316: base_sprite = block_bump_draw(base_sprite);
    000006E5 F8 2B            [12] 1343 	ldhl	sp,	#43
    000006E7 7E               [ 8] 1344 	ld	a, (hl)
    000006E8 F5               [16] 1345 	push	af
    000006E9 33               [ 8] 1346 	inc	sp
    000006EA 1Er00            [ 8] 1347 	ld	e, #b_block_bump_draw
    000006EC 21r00r00         [12] 1348 	ld	hl, #_block_bump_draw
    000006EF CDr00r00         [24] 1349 	call	___sdcc_bcall_ehl
    000006F2 33               [ 8] 1350 	inc	sp
    000006F3 4F               [ 4] 1351 	ld	c, a
                                   1352 ;src/main.c:318: if (powerup_active && powerups_collide()) {
    000006F4 21r00r00         [12] 1353 	ld	hl, #_powerup_active
    000006F7 CB 46            [12] 1354 	bit	0, (hl)
    000006F9 28 33            [12] 1355 	jr	Z, 00120$
    000006FB C5               [16] 1356 	push	bc
    000006FC CDr15r00         [24] 1357 	call	_powerups_collide
    000006FF 5F               [ 4] 1358 	ld	e, a
    00000700 C1               [12] 1359 	pop	bc
    00000701 CB 43            [ 8] 1360 	bit	0, e
    00000703 28 29            [12] 1361 	jr	Z, 00120$
                                   1362 ;src/main.c:319: powerup_active = FALSE;
    00000705 AF               [ 4] 1363 	xor	a, a
    00000706 EAr00r00         [16] 1364 	ld	(#_powerup_active),a
                                   1365 ;src/main.c:320: hide_metasprite(commonSprites_metasprites[0], base_sprite - 1);
    00000709 0D               [ 4] 1366 	dec	c
    0000070A 21r00r00         [12] 1367 	ld	hl, #_commonSprites_metasprites
    0000070D 2A               [ 8] 1368 	ld	a, (hl+)
    0000070E 47               [ 4] 1369 	ld	b, a
    0000070F 7E               [ 8] 1370 	ld	a, (hl)
                                   1371 ;/home/odrevet/projects/gbdk/include/gb/metasprites.h:306: __current_metasprite = metasprite;
    00000710 21r00r00         [12] 1372 	ld	hl, #___current_metasprite
    00000713 70               [ 8] 1373 	ld	(hl), b
    00000714 23               [ 8] 1374 	inc	hl
    00000715 77               [ 8] 1375 	ld	(hl), a
                                   1376 ;/home/odrevet/projects/gbdk/include/gb/metasprites.h:307: __hide_metasprite(base_sprite);
    00000716 79               [ 4] 1377 	ld	a, c
    00000717 CDr00r00         [24] 1378 	call	___hide_metasprite
                                   1379 ;src/main.c:321: powerup.x = 0;
    0000071A 21r00r00         [12] 1380 	ld	hl, #_powerup
    0000071D AF               [ 4] 1381 	xor	a, a
    0000071E 22               [ 8] 1382 	ld	(hl+), a
    0000071F 77               [ 8] 1383 	ld	(hl), a
                                   1384 ;src/main.c:322: powerup.draw_x = 0;
    00000720 21r04r00         [12] 1385 	ld	hl, #_powerup + 4
    00000723 36 00            [12] 1386 	ld	(hl), #0x00
                                   1387 ;src/main.c:323: powerup.y = 0;
    00000725 21r02r00         [12] 1388 	ld	hl, #(_powerup + 2)
    00000728 AF               [ 4] 1389 	xor	a, a
    00000729 22               [ 8] 1390 	ld	(hl+), a
                                   1391 ;src/main.c:324: powerup.draw_y = 0;
    0000072A 22               [ 8] 1392 	ld	(hl+), a
    0000072B 23               [ 8] 1393 	inc	hl
    0000072C 36 00            [12] 1394 	ld	(hl), #0x00
    0000072E                       1395 00120$:
                                   1396 ;src/main.c:327: time--;
    0000072E 21r00r00         [12] 1397 	ld	hl, #_time
    00000731 2A               [ 8] 1398 	ld	a, (hl+)
    00000732 5F               [ 4] 1399 	ld	e, a
    00000733 3A               [ 8] 1400 	ld	a, (hl-)
    00000734 57               [ 4] 1401 	ld	d, a
    00000735 1B               [ 8] 1402 	dec	de
    00000736 7B               [ 4] 1403 	ld	a, e
    00000737 22               [ 8] 1404 	ld	(hl+), a
    00000738 72               [ 8] 1405 	ld	(hl), d
                                   1406 ;src/main.c:328: hud_update_time();
    00000739 CDr00r00         [24] 1407 	call	_hud_update_time
                                   1408 ;src/main.c:329: if (time == 0) {
    0000073C 21r01r00         [12] 1409 	ld	hl, #_time + 1
    0000073F 3A               [ 8] 1410 	ld	a, (hl-)
                                   1411 ;src/main.c:330: time = TIME_INITIAL_VALUE;
    00000740 B6               [ 8] 1412 	or	a, (hl)
    00000741 20 0A            [12] 1413 	jr	NZ, 00123$
    00000743 22               [ 8] 1414 	ld	(hl+), a
    00000744 36 32            [12] 1415 	ld	(hl), #0x32
                                   1416 ;src/main.c:331: lives--;
    00000746 21r00r00         [12] 1417 	ld	hl, #_lives
    00000749 35               [12] 1418 	dec	(hl)
                                   1419 ;src/main.c:332: hud_update_lives();
    0000074A CDr00r00         [24] 1420 	call	_hud_update_lives
    0000074D                       1421 00123$:
                                   1422 ;src/main.c:335: if (player_draw_y > DEVICE_SCREEN_PX_HEIGHT) {
    0000074D 3E 90            [ 8] 1423 	ld	a, #0x90
    0000074F 21r00r00         [12] 1424 	ld	hl, #_player_draw_y
    00000752 96               [ 8] 1425 	sub	a, (hl)
    00000753 30 06            [12] 1426 	jr	NC, 00125$
                                   1427 ;src/main.c:336: player_y = 0;
    00000755 AF               [ 4] 1428 	xor	a, a
    00000756 21r00r00         [12] 1429 	ld	hl, #_player_y
    00000759 22               [ 8] 1430 	ld	(hl+), a
    0000075A 77               [ 8] 1431 	ld	(hl), a
    0000075B                       1432 00125$:
                                   1433 ;src/main.c:339: if (level_end_reached && player_draw_x >= DEVICE_SCREEN_WIDTH << 3) {
    0000075B 21r00r00         [12] 1434 	ld	hl, #_level_end_reached
    0000075E CB 46            [12] 1435 	bit	0, (hl)
    00000760 CAr5Cr08         [16] 1436 	jp	Z, 00130$
    00000763 FAr00r00         [16] 1437 	ld	a, (#_player_draw_x)
    00000766 D6 A0            [ 8] 1438 	sub	a, #0xa0
    00000768 DAr5Cr08         [16] 1439 	jp	C, 00130$
                                   1440 ;src/main.c:341: music_load(BANK(music_stage_clear), &music_stage_clear);
    0000076B 3Er00            [ 8] 1441 	ld	a, #<(___bank_music_stage_clear)
                                   1442 ;sm83/musicmanager.h:88: music_current_track_bank = MUSIC_STOP_BANK, music_next_track = data; music_current_track_bank = bank;
    0000076D 21r00r00         [12] 1443 	ld	hl, #_music_current_track_bank
    00000770 36 FF            [12] 1444 	ld	(hl), #0xff
    00000772 21r00r00         [12] 1445 	ld	hl, #_music_next_track
    00000775 36r00            [12] 1446 	ld	(hl), #<(_music_stage_clear)
    00000777 23               [ 8] 1447 	inc	hl
    00000778 36s00            [12] 1448 	ld	(hl), #>(_music_stage_clear)
    0000077A EAr00r00         [16] 1449 	ld	(#_music_current_track_bank),a
                                   1450 ;src/main.c:344: delay(4500);
    0000077D 11 94 11         [12] 1451 	ld	de, #0x1194
    00000780 CDr00r00         [24] 1452 	call	_delay
                                   1453 ;src/main.c:346: while (time >> TIME_SHIFT > 0) {
    00000783                       1454 00126$:
    00000783 21r00r00         [12] 1455 	ld	hl, #_time
    00000786 2A               [ 8] 1456 	ld	a, (hl+)
    00000787 4F               [ 4] 1457 	ld	c, a
    00000788 46               [ 8] 1458 	ld	b, (hl)
    00000789 CB 38            [ 8] 1459 	srl	b
    0000078B CB 19            [ 8] 1460 	rr	c
    0000078D CB 38            [ 8] 1461 	srl	b
    0000078F CB 19            [ 8] 1462 	rr	c
    00000791 CB 38            [ 8] 1463 	srl	b
    00000793 CB 19            [ 8] 1464 	rr	c
    00000795 CB 38            [ 8] 1465 	srl	b
    00000797 CB 19            [ 8] 1466 	rr	c
    00000799 CB 38            [ 8] 1467 	srl	b
    0000079B CB 19            [ 8] 1468 	rr	c
    0000079D 78               [ 4] 1469 	ld	a, b
    0000079E B1               [ 4] 1470 	or	a, c
    0000079F CAr30r08         [16] 1471 	jp	Z, 00128$
                                   1472 ;src/main.c:347: time -= 32;
    000007A2 2B               [ 8] 1473 	dec	hl
    000007A3 2A               [ 8] 1474 	ld	a, (hl+)
    000007A4 46               [ 8] 1475 	ld	b, (hl)
    000007A5 2B               [ 8] 1476 	dec	hl
    000007A6 C6 E0            [ 8] 1477 	add	a, #0xe0
    000007A8 4F               [ 4] 1478 	ld	c, a
    000007A9 78               [ 4] 1479 	ld	a, b
    000007AA CE FF            [ 8] 1480 	adc	a, #0xff
    000007AC 71               [ 8] 1481 	ld	(hl), c
    000007AD 23               [ 8] 1482 	inc	hl
    000007AE 77               [ 8] 1483 	ld	(hl), a
                                   1484 ;src/main.c:348: score += 1;
    000007AF FAr00r00         [16] 1485 	ld	a, (_score)
    000007B2 21r01r00         [12] 1486 	ld	hl, #_score + 1
    000007B5 46               [ 8] 1487 	ld	b, (hl)
    000007B6 2B               [ 8] 1488 	dec	hl
    000007B7 4F               [ 4] 1489 	ld	c, a
    000007B8 03               [ 8] 1490 	inc	bc
    000007B9 79               [ 4] 1491 	ld	a, c
    000007BA 22               [ 8] 1492 	ld	(hl+), a
    000007BB 70               [ 8] 1493 	ld	(hl), b
                                   1494 ;src/main.c:349: hud_update_time();
    000007BC CDr00r00         [24] 1495 	call	_hud_update_time
                                   1496 ;src/main.c:350: hud_update_score();
    000007BF CDr00r00         [24] 1497 	call	_hud_update_score
                                   1498 ;src/main.c:352: music_play_sfx(BANK(sound_coin), sound_coin, SFX_MUTE_MASK(sound_coin),
    000007C2 F8 2A            [12] 1499 	ldhl	sp,	#42
    000007C4 36r00            [12] 1500 	ld	(hl), #<(___mute_mask_sound_coin)
    000007C6 23               [ 8] 1501 	inc	hl
    000007C7 36r00            [12] 1502 	ld	(hl), #<(___bank_sound_coin)
                                   1503 ;sm83/musicmanager.h:105: if (music_sfx_priority > priority) return;
    000007C9 3E 04            [ 8] 1504 	ld	a, #0x04
    000007CB 21r00r00         [12] 1505 	ld	hl, #_music_sfx_priority
    000007CE 96               [ 8] 1506 	sub	a, (hl)
    000007CF 38 56            [12] 1507 	jr	C, 00194$
                                   1508 ;sm83/musicmanager.h:106: sfx_play_bank = SFX_STOP_BANK;
    000007D1 21r00r00         [12] 1509 	ld	hl, #_sfx_play_bank
    000007D4 36 FF            [12] 1510 	ld	(hl), #0xff
                                   1511 ;sm83/musicmanager.h:107: music_sfx_priority = priority;
    000007D6 21r00r00         [12] 1512 	ld	hl, #_music_sfx_priority
    000007D9 36 04            [12] 1513 	ld	(hl), #0x04
                                   1514 ;sm83/musicmanager.h:108: music_sound_cut_mask(music_mute_mask);
    000007DB FAr00r00         [16] 1515 	ld	a, (_music_mute_mask)
                                   1516 ;sm83/musicmanager.h:80: sfx_sound_cut_mask(mask);
    000007DE 4F               [ 4] 1517 	ld	c, a
                                   1518 ;sm83/sfxplayer.h:47: if (mask & SFX_CH_1) NR12_REG = 0, NR14_REG = SFX_CH_RETRIGGER;
    000007DF 0F               [ 4] 1519 	rrca
    000007E0 30 07            [12] 1520 	jr	NC, 00184$
    000007E2 AF               [ 4] 1521 	xor	a, a
    000007E3 E0r00            [12] 1522 	ldh	(_NR12_REG + 0), a
    000007E5 3E C0            [ 8] 1523 	ld	a, #0xc0
    000007E7 E0r00            [12] 1524 	ldh	(_NR14_REG + 0), a
    000007E9                       1525 00184$:
                                   1526 ;sm83/sfxplayer.h:48: if (mask & SFX_CH_2) NR22_REG = 0, NR24_REG = SFX_CH_RETRIGGER;
    000007E9 CB 49            [ 8] 1527 	bit	1, c
    000007EB 28 07            [12] 1528 	jr	Z, 00186$
    000007ED AF               [ 4] 1529 	xor	a, a
    000007EE E0r00            [12] 1530 	ldh	(_NR22_REG + 0), a
    000007F0 3E C0            [ 8] 1531 	ld	a, #0xc0
    000007F2 E0r00            [12] 1532 	ldh	(_NR24_REG + 0), a
    000007F4                       1533 00186$:
                                   1534 ;sm83/sfxplayer.h:49: if (mask & SFX_CH_3) NR32_REG = 0;
    000007F4 CB 51            [ 8] 1535 	bit	2, c
    000007F6 28 03            [12] 1536 	jr	Z, 00188$
    000007F8 AF               [ 4] 1537 	xor	a, a
    000007F9 E0r00            [12] 1538 	ldh	(_NR32_REG + 0), a
    000007FB                       1539 00188$:
                                   1540 ;sm83/sfxplayer.h:50: if (mask & SFX_CH_4) NR42_REG = 0, NR44_REG = SFX_CH_RETRIGGER;
    000007FB CB 59            [ 8] 1541 	bit	3, c
    000007FD 28 07            [12] 1542 	jr	Z, 00190$
    000007FF AF               [ 4] 1543 	xor	a, a
    00000800 E0r00            [12] 1544 	ldh	(_NR42_REG + 0), a
    00000802 3E C0            [ 8] 1545 	ld	a, #0xc0
    00000804 E0r00            [12] 1546 	ldh	(_NR44_REG + 0), a
    00000806                       1547 00190$:
                                   1548 ;sm83/sfxplayer.h:51: NR51_REG = 0xFF;
    00000806 3E FF            [ 8] 1549 	ld	a, #0xff
    00000808 E0r00            [12] 1550 	ldh	(_NR51_REG + 0), a
                                   1551 ;sm83/musicmanager.h:109: music_mute_mask = mute_mask;
    0000080A F8 2A            [12] 1552 	ldhl	sp,	#42
    0000080C 7E               [ 8] 1553 	ld	a, (hl)
    0000080D EAr00r00         [16] 1554 	ld	(#_music_mute_mask),a
                                   1555 ;sm83/sfxplayer.h:64: sfx_play_bank = SFX_STOP_BANK, sfx_frame_skip = 0, sfx_play_sample = sample, sfx_play_bank = bank;
    00000810 21r00r00         [12] 1556 	ld	hl, #_sfx_play_bank
    00000813 36 FF            [12] 1557 	ld	(hl), #0xff
    00000815 AF               [ 4] 1558 	xor	a, a
    00000816 EAr00r00         [16] 1559 	ld	(#_sfx_frame_skip),a
    00000819 21r00r00         [12] 1560 	ld	hl, #_sfx_play_sample
    0000081C 3Er00            [ 8] 1561 	ld	a, #<(_sound_coin)
    0000081E 22               [ 8] 1562 	ld	(hl+), a
    0000081F 36s00            [12] 1563 	ld	(hl), #>(_sound_coin)
    00000821 F8 2B            [12] 1564 	ldhl	sp,	#43
    00000823 7E               [ 8] 1565 	ld	a, (hl)
    00000824 EAr00r00         [16] 1566 	ld	(#_sfx_play_bank),a
                                   1567 ;src/main.c:353: MUSIC_SFX_PRIORITY_NORMAL);
    00000827                       1568 00194$:
                                   1569 ;src/main.c:355: delay(10);
    00000827 11 0A 00         [12] 1570 	ld	de, #0x000a
    0000082A CDr00r00         [24] 1571 	call	_delay
    0000082D C3r83r07         [16] 1572 	jp	00126$
    00000830                       1573 00128$:
                                   1574 ;src/main.c:358: HIDE_SPRITES;
    00000830 F0r00            [12] 1575 	ldh	a, (_LCDC_REG + 0)
    00000832 E6 FD            [ 8] 1576 	and	a, #0xfd
    00000834 E0r00            [12] 1577 	ldh	(_LCDC_REG + 0), a
                                   1578 ;src/main.c:359: HIDE_BKG;
    00000836 F0r00            [12] 1579 	ldh	a, (_LCDC_REG + 0)
    00000838 E6 FE            [ 8] 1580 	and	a, #0xfe
    0000083A E0r00            [12] 1581 	ldh	(_LCDC_REG + 0), a
                                   1582 ;src/main.c:361: init();
    0000083C CDr00r00         [24] 1583 	call	_init
                                   1584 ;src/main.c:362: current_level = (++current_level) % NB_LEVELS;
    0000083F 21r00r00         [12] 1585 	ld	hl, #_current_level
    00000842 34               [12] 1586 	inc	(hl)
    00000843 7E               [ 8] 1587 	ld	a, (hl)
    00000844 1E 0C            [ 8] 1588 	ld	e, #0x0c
    00000846 CDr00r00         [24] 1589 	call	__moduchar
    00000849 21r00r00         [12] 1590 	ld	hl, #_current_level
    0000084C 71               [ 8] 1591 	ld	(hl), c
                                   1592 ;src/main.c:363: level_set_current();
    0000084D CDr00r00         [24] 1593 	call	_level_set_current
                                   1594 ;src/main.c:365: SHOW_SPRITES;
    00000850 F0r00            [12] 1595 	ldh	a, (_LCDC_REG + 0)
    00000852 F6 02            [ 8] 1596 	or	a, #0x02
    00000854 E0r00            [12] 1597 	ldh	(_LCDC_REG + 0), a
                                   1598 ;src/main.c:366: SHOW_BKG;
    00000856 F0r00            [12] 1599 	ldh	a, (_LCDC_REG + 0)
    00000858 F6 01            [ 8] 1600 	or	a, #0x01
    0000085A E0r00            [12] 1601 	ldh	(_LCDC_REG + 0), a
    0000085C                       1602 00130$:
                                   1603 ;src/main.c:369: if (current_level == LEVEL_WORLD1_END) {
    0000085C FAr00r00         [16] 1604 	ld	a, (#_current_level)
    0000085F D6 02            [ 8] 1605 	sub	a, #0x02
    00000861 20 14            [12] 1606 	jr	NZ, 00135$
                                   1607 ;src/main.c:370: uint8_t _saved_bank = _current_bank;
    00000863 F0r00            [12] 1608 	ldh	a, (__current_bank + 0)
    00000865 4F               [ 4] 1609 	ld	c, a
                                   1610 ;src/main.c:371: anim_frame_counter++;
    00000866 F8 2C            [12] 1611 	ldhl	sp,	#44
    00000868 34               [12] 1612 	inc	(hl)
                                   1613 ;src/main.c:372: if (anim_frame_counter >= 12) {
    00000869 7E               [ 8] 1614 	ld	a, (hl)
    0000086A D6 0C            [ 8] 1615 	sub	a, #0x0c
    0000086C 38 02            [12] 1616 	jr	C, 00133$
                                   1617 ;src/main.c:373: anim_frame_counter = 0;
    0000086E 36 00            [12] 1618 	ld	(hl), #0x00
                                   1619 ;src/main.c:374: background_animation_counter ^= 1;
    00000870                       1620 00133$:
                                   1621 ;src/main.c:386: SWITCH_ROM(_saved_bank);
    00000870 79               [ 4] 1622 	ld	a, c
    00000871 E0r00            [12] 1623 	ldh	(__current_bank + 0), a
    00000873 21r00r00         [12] 1624 	ld	hl, #_rROMB0
    00000876 71               [ 8] 1625 	ld	(hl), c
    00000877                       1626 00135$:
                                   1627 ;src/main.c:389: vsync();
    00000877 CDr00r00         [24] 1628 	call	_vsync
    0000087A C3r4Dr05         [16] 1629 	jp	00137$
                                   1630 ;src/main.c:391: }
    0000087D E8 2D            [16] 1631 	add	sp, #45
    0000087F C9               [16] 1632 	ret
    00000880                       1633 ___str_0:
    00000880 4D 41 52 49 4F 78 30  1634 	.ascii "MARIOx00  WORLD TIME"
             30 20 20 57 4F 52 4C
             44 20 54 49 4D 45
    00000894 00                    1635 	.db 0x00
    00000895                       1636 ___str_1:
    00000895 20 20 20 20 20 30 20  1637 	.ascii "     0  x00 1-1  000"
             20 78 30 30 20 31 2D
             31 20 20 30 30 30
    000008A9 00                    1638 	.db 0x00
                                   1639 	.area _CODE
                                   1640 	.area _INITIALIZER
                                   1641 	.area _CABS (ABS)
