                                      1 ;--------------------------------------------------------
                                      2 ; File Created by SDCC : free open source ISO C Compiler
                                      3 ; Version 4.5.1 #15267 (Linux)
                                      4 ;--------------------------------------------------------
                                      5 	.module player
                                      6 	
                                      7 ;--------------------------------------------------------
                                      8 ; Public variables in this module
                                      9 ;--------------------------------------------------------
                                     10 	.globl _EMU_printf
                                     11 	.globl b___func_player
                                     12 	.globl ___func_player
                                     13 	.globl _level_set_current
                                     14 	.globl _level_load_column
                                     15 	.globl _level_load_objects
                                     16 	.globl _on_interogation_block_hit
                                     17 	.globl b_on_block_bump
                                     18 	.globl _on_block_bump
                                     19 	.globl _on_break_tile
                                     20 	.globl _on_get_coin_background
                                     21 	.globl _is_coin
                                     22 	.globl _is_tile_solid
                                     23 	.globl _is_tile_passthought
                                     24 	.globl _get_tile
                                     25 	.globl b_enemy_reset_all
                                     26 	.globl _enemy_reset_all
                                     27 	.globl _pipe_clear
                                     28 	.globl _hide_sprites_range
                                     29 	.globl _vsync
                                     30 	.globl _delay
                                     31 	.globl _player_is_big
                                     32 	.globl _frame_counter
                                     33 	.globl _player_frame
                                     34 	.globl _current_jump
                                     35 	.globl _touch_ground
                                     36 	.globl _is_jumping
                                     37 	.globl _plane_mode
                                     38 	.globl _tile_next_2
                                     39 	.globl _tile_next_1
                                     40 	.globl _scroll_limit
                                     41 	.globl _marioSpritesflip
                                     42 	.globl _display_walk_animation
                                     43 	.globl _display_slide_frame
                                     44 	.globl _display_jump_frame
                                     45 	.globl _vel_y
                                     46 	.globl _vel_x
                                     47 	.globl _player_draw_y
                                     48 	.globl _player_draw_x
                                     49 	.globl _player_y_next
                                     50 	.globl _player_x_next
                                     51 	.globl _player_y
                                     52 	.globl _player_x
                                     53 	.globl _player_y_next_upscaled
                                     54 	.globl _player_x_next_upscaled
                                     55 	.globl _player_y_upscaled
                                     56 	.globl _player_x_upscaled
                                     57 	.globl _joypad_current
                                     58 	.globl _joypad_previous
                                     59 	.globl _lives
                                     60 	.globl _time
                                     61 	.globl _score
                                     62 	.globl _coins
                                     63 	.globl _update_frame_counter
                                     64 	.globl _player_draw
                                     65 	.globl _player_check_pipe_entry
                                     66 	.globl _player_enter_pipe
                                     67 	.globl _player_check_horizontal_pipe_entry
                                     68 	.globl _player_warp_to
                                     69 	.globl b_player_move
                                     70 	.globl _player_move
                                     71 	.globl b_player_move_vehicle
                                     72 	.globl _player_move_vehicle
                                     73 	.globl _player_on_touch_ground
                                     74 	.globl b_player_is_on_platform
                                     75 	.globl _player_is_on_platform
                                     76 ;--------------------------------------------------------
                                     77 ; special function registers
                                     78 ;--------------------------------------------------------
                                     79 	.area _HRAM
                                     80 ;--------------------------------------------------------
                                     81 ; ram data
                                     82 ;--------------------------------------------------------
                                     83 	.area _DATA
    00000000                         84 _coins::
    00000000                         85 	.ds 1
    00000001                         86 _score::
    00000001                         87 	.ds 2
    00000003                         88 _time::
    00000003                         89 	.ds 2
    00000005                         90 _lives::
    00000005                         91 	.ds 1
    00000006                         92 _joypad_previous::
    00000006                         93 	.ds 1
    00000007                         94 _joypad_current::
    00000007                         95 	.ds 1
    00000008                         96 _player_x_upscaled::
    00000008                         97 	.ds 2
    0000000A                         98 _player_y_upscaled::
    0000000A                         99 	.ds 2
    0000000C                        100 _player_x_next_upscaled::
    0000000C                        101 	.ds 2
    0000000E                        102 _player_y_next_upscaled::
    0000000E                        103 	.ds 2
    00000010                        104 _player_x::
    00000010                        105 	.ds 2
    00000012                        106 _player_y::
    00000012                        107 	.ds 2
    00000014                        108 _player_x_next::
    00000014                        109 	.ds 2
    00000016                        110 _player_y_next::
    00000016                        111 	.ds 2
    00000018                        112 _player_draw_x::
    00000018                        113 	.ds 1
    00000019                        114 _player_draw_y::
    00000019                        115 	.ds 1
    0000001A                        116 _vel_x::
    0000001A                        117 	.ds 1
    0000001B                        118 _vel_y::
    0000001B                        119 	.ds 1
    0000001C                        120 _display_jump_frame::
    0000001C                        121 	.ds 1
    0000001D                        122 _display_slide_frame::
    0000001D                        123 	.ds 1
    0000001E                        124 _display_walk_animation::
    0000001E                        125 	.ds 1
    0000001F                        126 _marioSpritesflip::
    0000001F                        127 	.ds 1
    00000020                        128 _scroll_limit::
    00000020                        129 	.ds 2
    00000022                        130 _tile_next_1::
    00000022                        131 	.ds 1
    00000023                        132 _tile_next_2::
    00000023                        133 	.ds 1
    00000024                        134 _plane_mode::
    00000024                        135 	.ds 1
                                    136 ;--------------------------------------------------------
                                    137 ; ram data
                                    138 ;--------------------------------------------------------
                                    139 	.area _INITIALIZED
    00000000                        140 ___EMU_PROFILER_INIT:
    00000000                        141 	.ds 2
    00000002                        142 _is_jumping::
    00000002                        143 	.ds 1
    00000003                        144 _touch_ground::
    00000003                        145 	.ds 1
    00000004                        146 _current_jump::
    00000004                        147 	.ds 2
    00000006                        148 _player_frame::
    00000006                        149 	.ds 1
    00000007                        150 _frame_counter::
    00000007                        151 	.ds 1
    00000008                        152 _player_is_big::
    00000008                        153 	.ds 1
                                    154 ;--------------------------------------------------------
                                    155 ; absolute external ram data
                                    156 ;--------------------------------------------------------
                                    157 	.area _DABS (ABS)
                                    158 ;--------------------------------------------------------
                                    159 ; global & static initialisations
                                    160 ;--------------------------------------------------------
                                    161 	.area _HOME
                                    162 	.area _GSINIT
                                    163 	.area _GSFINAL
                                    164 	.area _GSINIT
                                    165 ;--------------------------------------------------------
                                    166 ; Home
                                    167 ;--------------------------------------------------------
                                    168 	.area _HOME
                                    169 ;src/player.c:78: void update_frame_counter(void) NONBANKED {
                                    170 ;	---------------------------------
                                    171 ; Function update_frame_counter
                                    172 ; ---------------------------------
    00000000                        173 _update_frame_counter::
                                    174 ;src/player.c:79: frame_counter++;
    00000000 21r07r00         [12]  175 	ld	hl, #_frame_counter
    00000003 34               [12]  176 	inc	(hl)
                                    177 ;src/player.c:80: if (frame_counter == LOOP_PER_ANIMATION_FRAME) {
    00000004 7E               [ 8]  178 	ld	a, (hl)
    00000005 D6 05            [ 8]  179 	sub	a, #0x05
    00000007 C0               [20]  180 	ret	NZ
                                    181 ;src/player.c:81: frame_counter = 0;
    00000008 AF               [ 4]  182 	xor	a, a
    00000009 EAr07r00         [16]  183 	ld	(#_frame_counter),a
                                    184 ;src/player.c:82: player_frame = (player_frame % 3) + 1;
    0000000C FAr06r00         [16]  185 	ld	a, (_player_frame)
    0000000F 1E 03            [ 8]  186 	ld	e, #0x03
    00000011 CDr00r00         [24]  187 	call	__moduchar
    00000014 79               [ 4]  188 	ld	a, c
    00000015 3C               [ 4]  189 	inc	a
    00000016 EAr06r00         [16]  190 	ld	(#_player_frame),a
                                    191 ;src/player.c:84: }
    00000019 C9               [16]  192 	ret
                                    193 ;src/player.c:86: uint8_t player_draw(uint8_t base_sprite) NONBANKED {
                                    194 ;	---------------------------------
                                    195 ; Function player_draw
                                    196 ; ---------------------------------
    0000001A                        197 _player_draw::
    0000001A E8 FC            [16]  198 	add	sp, #-4
    0000001C F8 00            [12]  199 	ldhl	sp,	#0
                                    200 ;src/player.c:87: uint8_t _saved_bank = _current_bank;
    0000001E 22               [ 8]  201 	ld	(hl+), a
    0000001F F0r00            [12]  202 	ldh	a, (__current_bank + 0)
    00000021 77               [ 8]  203 	ld	(hl), a
                                    204 ;src/player.c:88: SWITCH_ROM(BANK(marioSprites));
    00000022 3Er00            [ 8]  205 	ld	a, #<(___bank_marioSprites)
    00000024 E0r00            [12]  206 	ldh	(__current_bank + 0), a
    00000026 EAr00r00         [16]  207 	ld	(#_rROMB0),a
                                    208 ;src/player.c:90: uint8_t frame_index = player_is_big ? player_frame + 7 : player_frame;
    00000029 21r08r00         [12]  209 	ld	hl, #_player_is_big
    0000002C CB 46            [12]  210 	bit	0, (hl)
    0000002E 28 07            [12]  211 	jr	Z, 00108$
    00000030 FAr06r00         [16]  212 	ld	a, (_player_frame)
    00000033 C6 07            [ 8]  213 	add	a, #0x07
    00000035 18 03            [12]  214 	jr	00109$
    00000037                        215 00108$:
    00000037 FAr06r00         [16]  216 	ld	a, (_player_frame)
    0000003A                        217 00109$:
                                    218 ;src/player.c:91: const metasprite_t *const marioSprites_metasprite =
    0000003A 6F               [ 4]  219 	ld	l, a
    0000003B 01r00r00         [12]  220 	ld	bc, #_marioSprites_metasprites+0
    0000003E 26 00            [ 8]  221 	ld	h, #0x00
    00000040 29               [ 8]  222 	add	hl, hl
    00000041 09               [ 8]  223 	add	hl, bc
    00000042 2A               [ 8]  224 	ld	a, (hl+)
    00000043 4F               [ 4]  225 	ld	c, a
    00000044 46               [ 8]  226 	ld	b, (hl)
                                    227 ;src/player.c:95: player_draw_x, player_draw_y);
    00000045 FAr19r00         [16]  228 	ld	a, (_player_draw_y)
    00000048 21r18r00         [12]  229 	ld	hl, #_player_draw_x
    0000004B 5E               [ 8]  230 	ld	e, (hl)
                                    231 ;/home/odrevet/projects/gbdk/include/gb/metasprites.h:200: __current_metasprite = metasprite;
                                    232 ;/home/odrevet/projects/gbdk/include/gb/metasprites.h:203: return __move_metasprite_flipx(base_sprite, (y << 8) | (uint8_t)(x - 8u));
    0000004C F8 03            [12]  233 	ldhl	sp,	#3
    0000004E 32               [ 8]  234 	ld	(hl-), a
    0000004F 36 00            [12]  235 	ld	(hl), #0x00
                                    236 ;src/player.c:93: if (marioSpritesflip) {
    00000051 21r1Fr00         [12]  237 	ld	hl, #_marioSpritesflip
    00000054 CB 46            [12]  238 	bit	0, (hl)
    00000056 28 1E            [12]  239 	jr	Z, 00102$
                                    240 ;/home/odrevet/projects/gbdk/include/gb/metasprites.h:200: __current_metasprite = metasprite;
    00000058 21r00r00         [12]  241 	ld	hl, #___current_metasprite
    0000005B 79               [ 4]  242 	ld	a, c
    0000005C 22               [ 8]  243 	ld	(hl+), a
    0000005D 70               [ 8]  244 	ld	(hl), b
                                    245 ;/home/odrevet/projects/gbdk/include/gb/metasprites.h:201: __current_base_tile = base_tile;
                                    246 ;/home/odrevet/projects/gbdk/include/gb/metasprites.h:202: __current_base_prop = base_prop;
    0000005E AF               [ 4]  247 	xor	a, a
    0000005F EAr00r00         [16]  248 	ld	(#___current_base_tile), a
    00000062 EAr00r00         [16]  249 	ld	(#___current_base_prop),a
                                    250 ;/home/odrevet/projects/gbdk/include/gb/metasprites.h:203: return __move_metasprite_flipx(base_sprite, (y << 8) | (uint8_t)(x - 8u));
    00000065 7B               [ 4]  251 	ld	a, e
    00000066 C6 F8            [ 8]  252 	add	a, #0xf8
    00000068 5F               [ 4]  253 	ld	e, a
    00000069 F8 03            [12]  254 	ldhl	sp,	#3
    0000006B 56               [ 8]  255 	ld	d, (hl)
    0000006C AF               [ 4]  256 	xor	a, a
    0000006D CDr00r00         [24]  257 	call	___move_metasprite_flipx
                                    258 ;src/player.c:95: player_draw_x, player_draw_y);
    00000070 F8 00            [12]  259 	ldhl	sp,	#0
    00000072 86               [ 8]  260 	add	a, (hl)
    00000073 4F               [ 4]  261 	ld	c, a
    00000074 18 18            [12]  262 	jr	00103$
    00000076                        263 00102$:
                                    264 ;/home/odrevet/projects/gbdk/include/gb/metasprites.h:160: __current_metasprite = metasprite;
    00000076 21r00r00         [12]  265 	ld	hl, #___current_metasprite
    00000079 79               [ 4]  266 	ld	a, c
    0000007A 22               [ 8]  267 	ld	(hl+), a
    0000007B 70               [ 8]  268 	ld	(hl), b
                                    269 ;/home/odrevet/projects/gbdk/include/gb/metasprites.h:161: __current_base_tile = base_tile;
                                    270 ;/home/odrevet/projects/gbdk/include/gb/metasprites.h:162: __current_base_prop = base_prop;
    0000007C AF               [ 4]  271 	xor	a, a
    0000007D EAr00r00         [16]  272 	ld	(#___current_base_tile), a
    00000080 EAr00r00         [16]  273 	ld	(#___current_base_prop),a
                                    274 ;/home/odrevet/projects/gbdk/include/gb/metasprites.h:163: return __move_metasprite(base_sprite, (y << 8) | (uint8_t)x);
    00000083 F8 03            [12]  275 	ldhl	sp,	#3
    00000085 56               [ 8]  276 	ld	d, (hl)
    00000086 AF               [ 4]  277 	xor	a, a
    00000087 CDr00r00         [24]  278 	call	___move_metasprite
                                    279 ;src/player.c:98: player_draw_x, player_draw_y);
    0000008A F8 00            [12]  280 	ldhl	sp,	#0
    0000008C 86               [ 8]  281 	add	a, (hl)
    0000008D 4F               [ 4]  282 	ld	c, a
    0000008E                        283 00103$:
                                    284 ;src/player.c:101: SWITCH_ROM(_saved_bank);
    0000008E F8 01            [12]  285 	ldhl	sp,	#1
    00000090 7E               [ 8]  286 	ld	a, (hl)
    00000091 E0r00            [12]  287 	ldh	(__current_bank + 0), a
    00000093 7E               [ 8]  288 	ld	a, (hl)
    00000094 EAr00r00         [16]  289 	ld	(#_rROMB0),a
                                    290 ;src/player.c:103: return base_sprite;
    00000097 79               [ 4]  291 	ld	a, c
                                    292 ;src/player.c:104: }
    00000098 E8 04            [16]  293 	add	sp, #4
    0000009A C9               [16]  294 	ret
                                    295 ;src/player.c:108: bool player_check_pipe_entry(void) NONBANKED {
                                    296 ;	---------------------------------
                                    297 ; Function player_check_pipe_entry
                                    298 ; ---------------------------------
    0000009B                        299 _player_check_pipe_entry::
                                    300 ;src/player.c:109: if (!touch_ground || !(joypad_current & J_DOWN) ||
    0000009B 21r03r00         [12]  301 	ld	hl, #_touch_ground
    0000009E CB 46            [12]  302 	bit	0, (hl)
    000000A0 28 0E            [12]  303 	jr	Z, 00101$
    000000A2 FAr07r00         [16]  304 	ld	a, (_joypad_current)
    000000A5 CB 5F            [ 8]  305 	bit	3, a
    000000A7 28 07            [12]  306 	jr	Z, 00101$
                                    307 ;src/player.c:110: (joypad_previous & J_DOWN)) {
    000000A9 FAr06r00         [16]  308 	ld	a, (_joypad_previous)
    000000AC CB 5F            [ 8]  309 	bit	3, a
    000000AE 28 02            [12]  310 	jr	Z, 00102$
    000000B0                        311 00101$:
                                    312 ;src/player.c:111: return FALSE;
    000000B0 AF               [ 4]  313 	xor	a, a
    000000B1 C9               [16]  314 	ret
    000000B2                        315 00102$:
                                    316 ;src/player.c:113: if (!pipe_active || active_pipe_direction != PIPE_DIRECTION_VERTICAL) {
    000000B2 21r00r00         [12]  317 	ld	hl, #_pipe_active
    000000B5 CB 46            [12]  318 	bit	0, (hl)
    000000B7 28 06            [12]  319 	jr	Z, 00105$
    000000B9 FAr00r00         [16]  320 	ld	a, (#_active_pipe_direction)
    000000BC B7               [ 4]  321 	or	a, a
    000000BD 28 02            [12]  322 	jr	Z, 00106$
    000000BF                        323 00105$:
                                    324 ;src/player.c:114: return FALSE;
    000000BF AF               [ 4]  325 	xor	a, a
    000000C0 C9               [16]  326 	ret
    000000C1                        327 00106$:
                                    328 ;src/player.c:117: uint8_t player_tile_x = player_x >> 3;
    000000C1 FAr10r00         [16]  329 	ld	a, (_player_x)
    000000C4 5F               [ 4]  330 	ld	e, a
    000000C5 21r11r00         [12]  331 	ld	hl, #_player_x + 1
    000000C8 4E               [ 8]  332 	ld	c, (hl)
    000000C9 CB 39            [ 8]  333 	srl	c
    000000CB CB 1B            [ 8]  334 	rr	e
    000000CD CB 39            [ 8]  335 	srl	c
    000000CF CB 1B            [ 8]  336 	rr	e
    000000D1 CB 39            [ 8]  337 	srl	c
    000000D3 CB 1B            [ 8]  338 	rr	e
                                    339 ;src/player.c:118: uint8_t player_tile_y = player_y >> 3;
    000000D5 21r12r00         [12]  340 	ld	hl, #_player_y
    000000D8 2A               [ 8]  341 	ld	a, (hl+)
    000000D9 4F               [ 4]  342 	ld	c, a
    000000DA 46               [ 8]  343 	ld	b, (hl)
    000000DB CB 38            [ 8]  344 	srl	b
    000000DD CB 19            [ 8]  345 	rr	c
    000000DF CB 38            [ 8]  346 	srl	b
    000000E1 CB 19            [ 8]  347 	rr	c
    000000E3 CB 38            [ 8]  348 	srl	b
    000000E5 CB 19            [ 8]  349 	rr	c
                                    350 ;src/player.c:120: if ((player_tile_x == active_pipe_tile_x ||
    000000E7 FAr00r00         [16]  351 	ld	a, (#_active_pipe_tile_x)
    000000EA 93               [ 4]  352 	sub	a, e
    000000EB 28 11            [12]  353 	jr	Z, 00111$
                                    354 ;src/player.c:121: player_tile_x == active_pipe_tile_x + 1) &&
    000000ED FAr00r00         [16]  355 	ld	a, (_active_pipe_tile_x)
    000000F0 6F               [ 4]  356 	ld	l, a
    000000F1 26 00            [ 8]  357 	ld	h, #0x00
    000000F3 23               [ 8]  358 	inc	hl
    000000F4 06 00            [ 8]  359 	ld	b, #0x00
    000000F6 7D               [ 4]  360 	ld	a, l
    000000F7 93               [ 4]  361 	sub	a, e
    000000F8 20 1F            [12]  362 	jr	NZ, 00109$
    000000FA 7C               [ 4]  363 	ld	a, h
    000000FB 90               [ 4]  364 	sub	a, b
    000000FC 20 1B            [12]  365 	jr	NZ, 00109$
    000000FE                        366 00111$:
                                    367 ;src/player.c:122: player_tile_y + 2 == active_pipe_tile_y) {
    000000FE AF               [ 4]  368 	xor	a, a
    000000FF 47               [ 4]  369 	ld	b, a
    00000100 03               [ 8]  370 	inc	bc
    00000101 03               [ 8]  371 	inc	bc
    00000102 FAr00r00         [16]  372 	ld	a, (_active_pipe_tile_y)
    00000105 5F               [ 4]  373 	ld	e, a
    00000106 16 00            [ 8]  374 	ld	d, #0x00
    00000108 7B               [ 4]  375 	ld	a, e
    00000109 91               [ 4]  376 	sub	a, c
    0000010A 20 0D            [12]  377 	jr	NZ, 00109$
    0000010C 7A               [ 4]  378 	ld	a, d
    0000010D 90               [ 4]  379 	sub	a, b
    0000010E 20 09            [12]  380 	jr	NZ, 00109$
                                    381 ;src/player.c:123: player_enter_pipe(&active_pipe);
    00000110 11r00r00         [12]  382 	ld	de, #_active_pipe
    00000113 CDr1Br01         [24]  383 	call	_player_enter_pipe
                                    384 ;src/player.c:124: return TRUE;
    00000116 3E 01            [ 8]  385 	ld	a, #0x01
    00000118 C9               [16]  386 	ret
    00000119                        387 00109$:
                                    388 ;src/player.c:126: return FALSE;
    00000119 AF               [ 4]  389 	xor	a, a
                                    390 ;src/player.c:127: }
    0000011A C9               [16]  391 	ret
                                    392 ;src/player.c:129: void player_enter_pipe(pipe_params *pipe) NONBANKED {
                                    393 ;	---------------------------------
                                    394 ; Function player_enter_pipe
                                    395 ; ---------------------------------
    0000011B                        396 _player_enter_pipe::
    0000011B E8 F4            [16]  397 	add	sp, #-12
    0000011D 4B               [ 4]  398 	ld	c, e
    0000011E 42               [ 4]  399 	ld	b, d
                                    400 ;src/player.c:130: uint8_t _saved_bank = _current_bank;
    0000011F F0r00            [12]  401 	ldh	a, (__current_bank + 0)
    00000121 F8 00            [12]  402 	ldhl	sp,	#0
    00000123 77               [ 8]  403 	ld	(hl), a
                                    404 ;src/player.c:131: SWITCH_ROM(pipe->destination_level->lookup_bank);
    00000124 21 03 00         [12]  405 	ld	hl, #0x0003
    00000127 09               [ 8]  406 	add	hl, bc
    00000128 E5               [16]  407 	push	hl
    00000129 7D               [ 4]  408 	ld	a, l
    0000012A F8 03            [12]  409 	ldhl	sp,	#3
    0000012C 77               [ 8]  410 	ld	(hl), a
    0000012D E1               [12]  411 	pop	hl
    0000012E 7C               [ 4]  412 	ld	a, h
    0000012F F8 02            [12]  413 	ldhl	sp,	#2
    00000131 32               [ 8]  414 	ld	(hl-), a
    00000132 2A               [ 8]  415 	ld	a, (hl+)
    00000133 5F               [ 4]  416 	ld	e, a
    00000134 56               [ 8]  417 	ld	d, (hl)
    00000135 1A               [ 8]  418 	ld	a, (de)
    00000136 6F               [ 4]  419 	ld	l, a
    00000137 13               [ 8]  420 	inc	de
    00000138 1A               [ 8]  421 	ld	a, (de)
    00000139 67               [ 4]  422 	ld	h, a
    0000013A 11 0F 00         [12]  423 	ld	de, #0x000f
    0000013D 19               [ 8]  424 	add	hl, de
    0000013E 7E               [ 8]  425 	ld	a, (hl)
    0000013F E0r00            [12]  426 	ldh	(__current_bank + 0), a
    00000141 F8 01            [12]  427 	ldhl	sp,#1
    00000143 2A               [ 8]  428 	ld	a, (hl+)
    00000144 5F               [ 4]  429 	ld	e, a
    00000145 56               [ 8]  430 	ld	d, (hl)
    00000146 1A               [ 8]  431 	ld	a, (de)
    00000147 6F               [ 4]  432 	ld	l, a
    00000148 13               [ 8]  433 	inc	de
    00000149 1A               [ 8]  434 	ld	a, (de)
    0000014A 67               [ 4]  435 	ld	h, a
    0000014B 11 0F 00         [12]  436 	ld	de, #0x000f
    0000014E 19               [ 8]  437 	add	hl, de
    0000014F 7E               [ 8]  438 	ld	a, (hl)
    00000150 EAr00r00         [16]  439 	ld	(#_rROMB0),a
                                    440 ;src/player.c:132: level_lookup_bank = pipe->destination_level->lookup_bank;
    00000153 F8 01            [12]  441 	ldhl	sp,#1
    00000155 2A               [ 8]  442 	ld	a, (hl+)
    00000156 5F               [ 4]  443 	ld	e, a
    00000157 56               [ 8]  444 	ld	d, (hl)
    00000158 1A               [ 8]  445 	ld	a, (de)
    00000159 6F               [ 4]  446 	ld	l, a
    0000015A 13               [ 8]  447 	inc	de
    0000015B 1A               [ 8]  448 	ld	a, (de)
    0000015C 67               [ 4]  449 	ld	h, a
    0000015D 11 0F 00         [12]  450 	ld	de, #0x000f
    00000160 19               [ 8]  451 	add	hl, de
    00000161 7E               [ 8]  452 	ld	a, (hl)
    00000162 EAr00r00         [16]  453 	ld	(#_level_lookup_bank),a
                                    454 ;src/player.c:133: level_lookup = pipe->destination_level->lookup;
    00000165 F8 01            [12]  455 	ldhl	sp,#1
    00000167 2A               [ 8]  456 	ld	a, (hl+)
    00000168 5F               [ 4]  457 	ld	e, a
    00000169 56               [ 8]  458 	ld	d, (hl)
    0000016A 1A               [ 8]  459 	ld	a, (de)
    0000016B 6F               [ 4]  460 	ld	l, a
    0000016C 13               [ 8]  461 	inc	de
    0000016D 1A               [ 8]  462 	ld	a, (de)
    0000016E 67               [ 4]  463 	ld	h, a
    0000016F 11 10 00         [12]  464 	ld	de, #0x0010
    00000172 19               [ 8]  465 	add	hl, de
    00000173 5D               [ 4]  466 	ld	e, l
    00000174 54               [ 4]  467 	ld	d, h
    00000175 1A               [ 8]  468 	ld	a, (de)
    00000176 21r00r00         [12]  469 	ld	hl, #_level_lookup
    00000179 22               [ 8]  470 	ld	(hl+), a
    0000017A 13               [ 8]  471 	inc	de
    0000017B 1A               [ 8]  472 	ld	a, (de)
    0000017C 77               [ 8]  473 	ld	(hl), a
                                    474 ;src/player.c:134: level_lookup_size = pipe->destination_level->lookup_size;
    0000017D F8 01            [12]  475 	ldhl	sp,#1
    0000017F 2A               [ 8]  476 	ld	a, (hl+)
    00000180 5F               [ 4]  477 	ld	e, a
    00000181 56               [ 8]  478 	ld	d, (hl)
    00000182 1A               [ 8]  479 	ld	a, (de)
    00000183 6F               [ 4]  480 	ld	l, a
    00000184 13               [ 8]  481 	inc	de
    00000185 1A               [ 8]  482 	ld	a, (de)
    00000186 67               [ 4]  483 	ld	h, a
    00000187 11 12 00         [12]  484 	ld	de, #0x0012
    0000018A 19               [ 8]  485 	add	hl, de
    0000018B 5D               [ 4]  486 	ld	e, l
    0000018C 54               [ 4]  487 	ld	d, h
    0000018D 1A               [ 8]  488 	ld	a, (de)
    0000018E 21r00r00         [12]  489 	ld	hl, #_level_lookup_size
    00000191 22               [ 8]  490 	ld	(hl+), a
    00000192 13               [ 8]  491 	inc	de
    00000193 1A               [ 8]  492 	ld	a, (de)
    00000194 77               [ 8]  493 	ld	(hl), a
                                    494 ;src/player.c:135: SWITCH_ROM(_saved_bank);
    00000195 F8 00            [12]  495 	ldhl	sp,	#0
    00000197 7E               [ 8]  496 	ld	a, (hl)
    00000198 E0r00            [12]  497 	ldh	(__current_bank + 0), a
    0000019A 7E               [ 8]  498 	ld	a, (hl)
    0000019B EAr00r00         [16]  499 	ld	(#_rROMB0),a
                                    500 ;src/player.c:138: uint8_t frame_index = player_is_big ? player_frame + 7 : player_frame;
    0000019E 21r08r00         [12]  501 	ld	hl, #_player_is_big
    000001A1 CB 46            [12]  502 	bit	0, (hl)
    000001A3 28 07            [12]  503 	jr	Z, 00137$
    000001A5 FAr06r00         [16]  504 	ld	a, (_player_frame)
    000001A8 C6 07            [ 8]  505 	add	a, #0x07
    000001AA 18 03            [12]  506 	jr	00138$
    000001AC                        507 00137$:
    000001AC FAr06r00         [16]  508 	ld	a, (_player_frame)
    000001AF                        509 00138$:
    000001AF 5F               [ 4]  510 	ld	e, a
                                    511 ;src/player.c:139: SWITCH_ROM(BANK(marioSprites));
    000001B0 3Er00            [ 8]  512 	ld	a, #<(___bank_marioSprites)
    000001B2 E0r00            [12]  513 	ldh	(__current_bank + 0), a
    000001B4 EAr00r00         [16]  514 	ld	(#_rROMB0),a
                                    515 ;src/player.c:147: move_metasprite_ex(marioSprites_metasprites[frame_index], 0, S_PRIORITY,
    000001B7 AF               [ 4]  516 	xor	a, a
    000001B8 CB 23            [ 8]  517 	sla	e
    000001BA 8F               [ 4]  518 	adc	a, a
    000001BB F8 03            [12]  519 	ldhl	sp,	#3
    000001BD 73               [ 8]  520 	ld	(hl), e
    000001BE 23               [ 8]  521 	inc	hl
    000001BF 77               [ 8]  522 	ld	(hl), a
                                    523 ;src/player.c:141: if (active_pipe_direction == PIPE_DIRECTION_VERTICAL) {
    000001C0 FAr00r00         [16]  524 	ld	a, (#_active_pipe_direction)
    000001C3 B7               [ 4]  525 	or	a, a
    000001C4 C2r5Er02         [16]  526 	jp	NZ, 00109$
                                    527 ;src/player.c:142: for (uint8_t i = 0; i < 24; i++) {
    000001C7 F8 0B            [12]  528 	ldhl	sp,	#11
    000001C9 36 00            [12]  529 	ld	(hl), #0x00
    000001CB                        530 00130$:
    000001CB F8 0B            [12]  531 	ldhl	sp,	#11
    000001CD 7E               [ 8]  532 	ld	a, (hl)
    000001CE D6 18            [ 8]  533 	sub	a, #0x18
    000001D0 D2r6Fr03         [16]  534 	jp	NC, 00110$
                                    535 ;src/player.c:143: player_y_upscaled += 16;
    000001D3 FAr0Ar00         [16]  536 	ld	a, (_player_y_upscaled)
    000001D6 21r0Br00         [12]  537 	ld	hl, #_player_y_upscaled + 1
    000001D9 56               [ 8]  538 	ld	d, (hl)
    000001DA 2B               [ 8]  539 	dec	hl
    000001DB C6 10            [ 8]  540 	add	a, #0x10
    000001DD 5F               [ 4]  541 	ld	e, a
    000001DE 7A               [ 4]  542 	ld	a, d
    000001DF CE 00            [ 8]  543 	adc	a, #0x00
    000001E1 73               [ 8]  544 	ld	(hl), e
    000001E2 23               [ 8]  545 	inc	hl
                                    546 ;src/player.c:144: player_y = player_y_upscaled >> 4;
    000001E3 32               [ 8]  547 	ld	(hl-), a
    000001E4 7E               [ 8]  548 	ld	a, (hl)
    000001E5 EAr12r00         [16]  549 	ld	(#_player_y),a
    000001E8 FAr0Br00         [16]  550 	ld	a, (#_player_y_upscaled + 1)
    000001EB 21r13r00         [12]  551 	ld	hl, #_player_y + 1
    000001EE 77               [ 8]  552 	ld	(hl), a
    000001EF CB 3E            [16]  553 	srl	(hl)
    000001F1 2B               [ 8]  554 	dec	hl
    000001F2 CB 1E            [16]  555 	rr	(hl)
    000001F4 23               [ 8]  556 	inc	hl
    000001F5 CB 3E            [16]  557 	srl	(hl)
    000001F7 2B               [ 8]  558 	dec	hl
    000001F8 CB 1E            [16]  559 	rr	(hl)
    000001FA 23               [ 8]  560 	inc	hl
    000001FB CB 3E            [16]  561 	srl	(hl)
    000001FD 2B               [ 8]  562 	dec	hl
    000001FE CB 1E            [16]  563 	rr	(hl)
    00000200 23               [ 8]  564 	inc	hl
    00000201 CB 3E            [16]  565 	srl	(hl)
    00000203 2B               [ 8]  566 	dec	hl
    00000204 CB 1E            [16]  567 	rr	(hl)
                                    568 ;src/player.c:145: player_draw_y = player_y + DEVICE_SPRITE_PX_OFFSET_Y + MARGIN_TOP_PX +
    00000206 7E               [ 8]  569 	ld	a, (hl)
    00000207 C6 28            [ 8]  570 	add	a, #0x28
    00000209 21r19r00         [12]  571 	ld	hl, #_player_draw_y
    0000020C 77               [ 8]  572 	ld	(hl), a
                                    573 ;src/player.c:148: 0, player_draw_x, player_draw_y);
    0000020D 7E               [ 8]  574 	ld	a, (hl)
    0000020E F8 07            [12]  575 	ldhl	sp,	#7
    00000210 77               [ 8]  576 	ld	(hl), a
    00000211 FAr18r00         [16]  577 	ld	a, (#_player_draw_x)
    00000214 F8 08            [12]  578 	ldhl	sp,	#8
    00000216 77               [ 8]  579 	ld	(hl), a
                                    580 ;src/player.c:147: move_metasprite_ex(marioSprites_metasprites[frame_index], 0, S_PRIORITY,
    00000217 11r00r00         [12]  581 	ld	de, #_marioSprites_metasprites
    0000021A F8 03            [12]  582 	ldhl	sp,	#3
    0000021C 2A               [ 8]  583 	ld	a,	(hl+)
    0000021D 66               [ 8]  584 	ld	h, (hl)
    0000021E 6F               [ 4]  585 	ld	l, a
    0000021F 19               [ 8]  586 	add	hl, de
    00000220 E5               [16]  587 	push	hl
    00000221 7D               [ 4]  588 	ld	a, l
    00000222 F8 0B            [12]  589 	ldhl	sp,	#11
    00000224 77               [ 8]  590 	ld	(hl), a
    00000225 E1               [12]  591 	pop	hl
    00000226 7C               [ 4]  592 	ld	a, h
    00000227 F8 0A            [12]  593 	ldhl	sp,	#10
    00000229 32               [ 8]  594 	ld	(hl-), a
    0000022A 2A               [ 8]  595 	ld	a, (hl+)
    0000022B 5F               [ 4]  596 	ld	e, a
    0000022C 56               [ 8]  597 	ld	d, (hl)
    0000022D 1A               [ 8]  598 	ld	a, (de)
    0000022E 6F               [ 4]  599 	ld	l, a
    0000022F 13               [ 8]  600 	inc	de
    00000230 1A               [ 8]  601 	ld	a, (de)
                                    602 ;/home/odrevet/projects/gbdk/include/gb/metasprites.h:160: __current_metasprite = metasprite;
    00000231 5D               [ 4]  603 	ld	e, l
    00000232 57               [ 4]  604 	ld	d, a
    00000233 21r00r00         [12]  605 	ld	hl, #___current_metasprite
    00000236 7B               [ 4]  606 	ld	a, e
    00000237 22               [ 8]  607 	ld	(hl+), a
    00000238 72               [ 8]  608 	ld	(hl), d
                                    609 ;/home/odrevet/projects/gbdk/include/gb/metasprites.h:161: __current_base_tile = base_tile;
    00000239 AF               [ 4]  610 	xor	a, a
    0000023A EAr00r00         [16]  611 	ld	(#___current_base_tile),a
                                    612 ;/home/odrevet/projects/gbdk/include/gb/metasprites.h:162: __current_base_prop = base_prop;
    0000023D 21r00r00         [12]  613 	ld	hl, #___current_base_prop
    00000240 36 80            [12]  614 	ld	(hl), #0x80
                                    615 ;/home/odrevet/projects/gbdk/include/gb/metasprites.h:163: return __move_metasprite(base_sprite, (y << 8) | (uint8_t)x);
    00000242 F8 07            [12]  616 	ldhl	sp,	#7
    00000244 5E               [ 8]  617 	ld	e, (hl)
    00000245 F8 0A            [12]  618 	ldhl	sp,	#10
    00000247 7B               [ 4]  619 	ld	a, e
    00000248 32               [ 8]  620 	ld	(hl-), a
    00000249 AF               [ 4]  621 	xor	a, a
    0000024A 32               [ 8]  622 	ld	(hl-), a
    0000024B 2A               [ 8]  623 	ld	a, (hl+)
    0000024C 23               [ 8]  624 	inc	hl
    0000024D 5F               [ 4]  625 	ld	e, a
    0000024E 56               [ 8]  626 	ld	d, (hl)
    0000024F C5               [16]  627 	push	bc
    00000250 AF               [ 4]  628 	xor	a, a
    00000251 CDr00r00         [24]  629 	call	___move_metasprite
    00000254 C1               [12]  630 	pop	bc
                                    631 ;src/player.c:149: vsync();
    00000255 CDr00r00         [24]  632 	call	_vsync
                                    633 ;src/player.c:142: for (uint8_t i = 0; i < 24; i++) {
    00000258 F8 0B            [12]  634 	ldhl	sp,	#11
    0000025A 34               [12]  635 	inc	(hl)
    0000025B C3rCBr01         [16]  636 	jp	00130$
    0000025E                        637 00109$:
                                    638 ;src/player.c:151: } else if (active_pipe_direction == PIPE_DIRECTION_HORIZONTAL) {
    0000025E FAr00r00         [16]  639 	ld	a, (#_active_pipe_direction)
    00000261 3D               [ 4]  640 	dec	a
    00000262 C2r6Fr03         [16]  641 	jp	NZ, 00110$
                                    642 ;src/player.c:152: int8_t dir = (vel_x > 0) ? 1 : -1;
    00000265 21r1Ar00         [12]  643 	ld	hl, #_vel_x
    00000268 5E               [ 8]  644 	ld	e, (hl)
    00000269 AF               [ 4]  645 	xor	a, a
    0000026A 57               [ 4]  646 	ld	d, a
    0000026B 96               [ 8]  647 	sub	a, (hl)
    0000026C CB 7B            [ 8]  648 	bit	7, e
    0000026E 28 07            [12]  649 	jr	Z, 00244$
    00000270 CB 7A            [ 8]  650 	bit	7, d
    00000272 20 08            [12]  651 	jr	NZ, 00245$
    00000274 BF               [ 4]  652 	cp	a, a
    00000275 18 05            [12]  653 	jr	00245$
    00000277                        654 00244$:
    00000277 CB 7A            [ 8]  655 	bit	7, d
    00000279 28 01            [12]  656 	jr	Z, 00245$
    0000027B 37               [ 4]  657 	scf
    0000027C                        658 00245$:
    0000027C 30 04            [12]  659 	jr	NC, 00139$
    0000027E 3E 01            [ 8]  660 	ld	a, #0x01
    00000280 18 02            [12]  661 	jr	00140$
    00000282                        662 00139$:
    00000282 3E FF            [ 8]  663 	ld	a, #0xff
    00000284                        664 00140$:
    00000284 F8 05            [12]  665 	ldhl	sp,	#5
    00000286 77               [ 8]  666 	ld	(hl), a
                                    667 ;src/player.c:153: for (uint8_t i = 0; i < 24; i++) {
    00000287 F8 0B            [12]  668 	ldhl	sp,	#11
    00000289 36 00            [12]  669 	ld	(hl), #0x00
    0000028B                        670 00133$:
    0000028B F8 0B            [12]  671 	ldhl	sp,	#11
    0000028D 7E               [ 8]  672 	ld	a, (hl)
    0000028E D6 18            [ 8]  673 	sub	a, #0x18
    00000290 D2r6Fr03         [16]  674 	jp	NC, 00110$
                                    675 ;src/player.c:154: player_x_upscaled += dir * 16;
    00000293 F8 05            [12]  676 	ldhl	sp,	#5
    00000295 7E               [ 8]  677 	ld	a, (hl)
    00000296 5F               [ 4]  678 	ld	e, a
    00000297 07               [ 4]  679 	rlca
    00000298 9F               [ 4]  680 	sbc	a, a
    00000299 6B               [ 4]  681 	ld	l, e
    0000029A 67               [ 4]  682 	ld	h, a
    0000029B 29               [ 8]  683 	add	hl, hl
    0000029C 29               [ 8]  684 	add	hl, hl
    0000029D 29               [ 8]  685 	add	hl, hl
    0000029E 29               [ 8]  686 	add	hl, hl
    0000029F FAr08r00         [16]  687 	ld	a, (_player_x_upscaled)
    000002A2 E5               [16]  688 	push	hl
    000002A3 21r09r00         [12]  689 	ld	hl, #_player_x_upscaled + 1
    000002A6 56               [ 8]  690 	ld	d, (hl)
    000002A7 E1               [12]  691 	pop	hl
    000002A8 85               [ 4]  692 	add	a, l
    000002A9 5F               [ 4]  693 	ld	e, a
    000002AA 7A               [ 4]  694 	ld	a, d
    000002AB 8C               [ 4]  695 	adc	a, h
    000002AC 21r08r00         [12]  696 	ld	hl, #_player_x_upscaled
    000002AF 73               [ 8]  697 	ld	(hl), e
    000002B0 23               [ 8]  698 	inc	hl
                                    699 ;src/player.c:155: player_x = player_x_upscaled >> 4;
    000002B1 32               [ 8]  700 	ld	(hl-), a
    000002B2 7E               [ 8]  701 	ld	a, (hl)
    000002B3 EAr10r00         [16]  702 	ld	(#_player_x),a
    000002B6 FAr09r00         [16]  703 	ld	a, (#_player_x_upscaled + 1)
    000002B9 21r11r00         [12]  704 	ld	hl, #_player_x + 1
    000002BC 77               [ 8]  705 	ld	(hl), a
    000002BD CB 3E            [16]  706 	srl	(hl)
    000002BF 2B               [ 8]  707 	dec	hl
    000002C0 CB 1E            [16]  708 	rr	(hl)
    000002C2 23               [ 8]  709 	inc	hl
    000002C3 CB 3E            [16]  710 	srl	(hl)
    000002C5 2B               [ 8]  711 	dec	hl
    000002C6 CB 1E            [16]  712 	rr	(hl)
    000002C8 23               [ 8]  713 	inc	hl
    000002C9 CB 3E            [16]  714 	srl	(hl)
    000002CB 2B               [ 8]  715 	dec	hl
    000002CC CB 1E            [16]  716 	rr	(hl)
    000002CE 23               [ 8]  717 	inc	hl
    000002CF CB 3E            [16]  718 	srl	(hl)
    000002D1 2B               [ 8]  719 	dec	hl
    000002D2 CB 1E            [16]  720 	rr	(hl)
                                    721 ;src/player.c:156: player_draw_x = player_x + DEVICE_SPRITE_PX_OFFSET_X +
    000002D4 7E               [ 8]  722 	ld	a, (hl)
    000002D5 C6 0C            [ 8]  723 	add	a, #0x0c
                                    724 ;src/player.c:157: PLAYER_DRAW_OFFSET_X - camera_x;
    000002D7 21r00r00         [12]  725 	ld	hl, #_camera_x
    000002DA 5E               [ 8]  726 	ld	e, (hl)
    000002DB 93               [ 4]  727 	sub	a, e
    000002DC 21r18r00         [12]  728 	ld	hl, #_player_draw_x
    000002DF 77               [ 8]  729 	ld	(hl), a
                                    730 ;src/player.c:148: 0, player_draw_x, player_draw_y);
    000002E0 FAr19r00         [16]  731 	ld	a, (_player_draw_y)
    000002E3 5F               [ 4]  732 	ld	e, a
    000002E4 7E               [ 8]  733 	ld	a, (hl)
    000002E5 F8 06            [12]  734 	ldhl	sp,	#6
                                    735 ;/home/odrevet/projects/gbdk/include/gb/metasprites.h:203: return __move_metasprite_flipx(base_sprite, (y << 8) | (uint8_t)(x - 8u));
    000002E7 22               [ 8]  736 	ld	(hl+), a
    000002E8 23               [ 8]  737 	inc	hl
    000002E9 7B               [ 4]  738 	ld	a, e
    000002EA 32               [ 8]  739 	ld	(hl-), a
    000002EB 36 00            [12]  740 	ld	(hl), #0x00
                                    741 ;src/player.c:158: if (marioSpritesflip) {
    000002ED 21r1Fr00         [12]  742 	ld	hl, #_marioSpritesflip
    000002F0 CB 46            [12]  743 	bit	0, (hl)
    000002F2 28 3B            [12]  744 	jr	Z, 00103$
                                    745 ;src/player.c:159: move_metasprite_flipx(marioSprites_metasprites[frame_index], 0,
    000002F4 11r00r00         [12]  746 	ld	de, #_marioSprites_metasprites
    000002F7 F8 03            [12]  747 	ldhl	sp,	#3
    000002F9 2A               [ 8]  748 	ld	a,	(hl+)
    000002FA 66               [ 8]  749 	ld	h, (hl)
    000002FB 6F               [ 4]  750 	ld	l, a
    000002FC 19               [ 8]  751 	add	hl, de
    000002FD E5               [16]  752 	push	hl
    000002FE 7D               [ 4]  753 	ld	a, l
    000002FF F8 0B            [12]  754 	ldhl	sp,	#11
    00000301 77               [ 8]  755 	ld	(hl), a
    00000302 E1               [12]  756 	pop	hl
    00000303 7C               [ 4]  757 	ld	a, h
    00000304 F8 0A            [12]  758 	ldhl	sp,	#10
    00000306 32               [ 8]  759 	ld	(hl-), a
    00000307 2A               [ 8]  760 	ld	a, (hl+)
    00000308 5F               [ 4]  761 	ld	e, a
    00000309 56               [ 8]  762 	ld	d, (hl)
    0000030A 1A               [ 8]  763 	ld	a, (de)
    0000030B 6F               [ 4]  764 	ld	l, a
    0000030C 13               [ 8]  765 	inc	de
    0000030D 1A               [ 8]  766 	ld	a, (de)
                                    767 ;/home/odrevet/projects/gbdk/include/gb/metasprites.h:200: __current_metasprite = metasprite;
    0000030E 5D               [ 4]  768 	ld	e, l
    0000030F 57               [ 4]  769 	ld	d, a
    00000310 21r00r00         [12]  770 	ld	hl, #___current_metasprite
    00000313 7B               [ 4]  771 	ld	a, e
    00000314 22               [ 8]  772 	ld	(hl+), a
    00000315 72               [ 8]  773 	ld	(hl), d
                                    774 ;/home/odrevet/projects/gbdk/include/gb/metasprites.h:201: __current_base_tile = base_tile;
    00000316 AF               [ 4]  775 	xor	a, a
    00000317 EAr00r00         [16]  776 	ld	(#___current_base_tile),a
                                    777 ;/home/odrevet/projects/gbdk/include/gb/metasprites.h:202: __current_base_prop = base_prop;
    0000031A 21r00r00         [12]  778 	ld	hl, #___current_base_prop
    0000031D 36 80            [12]  779 	ld	(hl), #0x80
                                    780 ;/home/odrevet/projects/gbdk/include/gb/metasprites.h:203: return __move_metasprite_flipx(base_sprite, (y << 8) | (uint8_t)(x - 8u));
    0000031F F8 06            [12]  781 	ldhl	sp,	#6
    00000321 2A               [ 8]  782 	ld	a, (hl+)
    00000322 23               [ 8]  783 	inc	hl
    00000323 C6 F8            [ 8]  784 	add	a, #0xf8
    00000325 5F               [ 4]  785 	ld	e, a
    00000326 56               [ 8]  786 	ld	d, (hl)
    00000327 C5               [16]  787 	push	bc
    00000328 AF               [ 4]  788 	xor	a, a
    00000329 CDr00r00         [24]  789 	call	___move_metasprite_flipx
    0000032C C1               [12]  790 	pop	bc
                                    791 ;src/player.c:160: S_PRIORITY, 0, player_draw_x, player_draw_y);
    0000032D 18 37            [12]  792 	jr	00104$
    0000032F                        793 00103$:
                                    794 ;src/player.c:162: move_metasprite_ex(marioSprites_metasprites[frame_index], 0, S_PRIORITY,
    0000032F 11r00r00         [12]  795 	ld	de, #_marioSprites_metasprites
    00000332 F8 03            [12]  796 	ldhl	sp,	#3
    00000334 2A               [ 8]  797 	ld	a,	(hl+)
    00000335 66               [ 8]  798 	ld	h, (hl)
    00000336 6F               [ 4]  799 	ld	l, a
    00000337 19               [ 8]  800 	add	hl, de
    00000338 E5               [16]  801 	push	hl
    00000339 7D               [ 4]  802 	ld	a, l
    0000033A F8 0B            [12]  803 	ldhl	sp,	#11
    0000033C 77               [ 8]  804 	ld	(hl), a
    0000033D E1               [12]  805 	pop	hl
    0000033E 7C               [ 4]  806 	ld	a, h
    0000033F F8 0A            [12]  807 	ldhl	sp,	#10
    00000341 32               [ 8]  808 	ld	(hl-), a
    00000342 2A               [ 8]  809 	ld	a, (hl+)
    00000343 5F               [ 4]  810 	ld	e, a
    00000344 56               [ 8]  811 	ld	d, (hl)
    00000345 1A               [ 8]  812 	ld	a, (de)
    00000346 6F               [ 4]  813 	ld	l, a
    00000347 13               [ 8]  814 	inc	de
    00000348 1A               [ 8]  815 	ld	a, (de)
                                    816 ;/home/odrevet/projects/gbdk/include/gb/metasprites.h:160: __current_metasprite = metasprite;
    00000349 5D               [ 4]  817 	ld	e, l
    0000034A 57               [ 4]  818 	ld	d, a
    0000034B 21r00r00         [12]  819 	ld	hl, #___current_metasprite
    0000034E 7B               [ 4]  820 	ld	a, e
    0000034F 22               [ 8]  821 	ld	(hl+), a
    00000350 72               [ 8]  822 	ld	(hl), d
                                    823 ;/home/odrevet/projects/gbdk/include/gb/metasprites.h:161: __current_base_tile = base_tile;
    00000351 AF               [ 4]  824 	xor	a, a
    00000352 EAr00r00         [16]  825 	ld	(#___current_base_tile),a
                                    826 ;/home/odrevet/projects/gbdk/include/gb/metasprites.h:162: __current_base_prop = base_prop;
    00000355 21r00r00         [12]  827 	ld	hl, #___current_base_prop
    00000358 36 80            [12]  828 	ld	(hl), #0x80
                                    829 ;/home/odrevet/projects/gbdk/include/gb/metasprites.h:163: return __move_metasprite(base_sprite, (y << 8) | (uint8_t)x);
    0000035A F8 06            [12]  830 	ldhl	sp,	#6
    0000035C 2A               [ 8]  831 	ld	a, (hl+)
    0000035D 23               [ 8]  832 	inc	hl
    0000035E 5F               [ 4]  833 	ld	e, a
    0000035F 56               [ 8]  834 	ld	d, (hl)
    00000360 C5               [16]  835 	push	bc
    00000361 AF               [ 4]  836 	xor	a, a
    00000362 CDr00r00         [24]  837 	call	___move_metasprite
    00000365 C1               [12]  838 	pop	bc
    00000366                        839 00104$:
                                    840 ;src/player.c:165: vsync();
    00000366 CDr00r00         [24]  841 	call	_vsync
                                    842 ;src/player.c:153: for (uint8_t i = 0; i < 24; i++) {
    00000369 F8 0B            [12]  843 	ldhl	sp,	#11
    0000036B 34               [12]  844 	inc	(hl)
    0000036C C3r8Br02         [16]  845 	jp	00133$
    0000036F                        846 00110$:
                                    847 ;src/player.c:169: SWITCH_ROM(_saved_bank);
    0000036F F8 00            [12]  848 	ldhl	sp,	#0
    00000371 7E               [ 8]  849 	ld	a, (hl)
    00000372 E0r00            [12]  850 	ldh	(__current_bank + 0), a
    00000374 7E               [ 8]  851 	ld	a, (hl)
    00000375 EAr00r00         [16]  852 	ld	(#_rROMB0),a
                                    853 ;src/player.c:171: music_play_sfx(BANK(sound_pipe), sound_pipe, SFX_MUTE_MASK(sound_pipe),
    00000378 1Er00            [ 8]  854 	ld	e, #<(___mute_mask_sound_pipe)
    0000037A 16r00            [ 8]  855 	ld	d, #<(___bank_sound_pipe)
                                    856 ;sm83/musicmanager.h:105: if (music_sfx_priority > priority) return;
    0000037C 3E 04            [ 8]  857 	ld	a, #0x04
    0000037E 21r00r00         [12]  858 	ld	hl, #_music_sfx_priority
    00000381 96               [ 8]  859 	sub	a, (hl)
    00000382 38 52            [12]  860 	jr	C, 00127$
                                    861 ;sm83/musicmanager.h:106: sfx_play_bank = SFX_STOP_BANK;
    00000384 21r00r00         [12]  862 	ld	hl, #_sfx_play_bank
    00000387 36 FF            [12]  863 	ld	(hl), #0xff
                                    864 ;sm83/musicmanager.h:107: music_sfx_priority = priority;
    00000389 21r00r00         [12]  865 	ld	hl, #_music_sfx_priority
    0000038C 36 04            [12]  866 	ld	(hl), #0x04
                                    867 ;sm83/musicmanager.h:108: music_sound_cut_mask(music_mute_mask);
    0000038E FAr00r00         [16]  868 	ld	a, (_music_mute_mask)
                                    869 ;sm83/musicmanager.h:80: sfx_sound_cut_mask(mask);
    00000391 6F               [ 4]  870 	ld	l, a
                                    871 ;sm83/sfxplayer.h:47: if (mask & SFX_CH_1) NR12_REG = 0, NR14_REG = SFX_CH_RETRIGGER;
    00000392 0F               [ 4]  872 	rrca
    00000393 30 07            [12]  873 	jr	NC, 00117$
    00000395 AF               [ 4]  874 	xor	a, a
    00000396 E0r00            [12]  875 	ldh	(_NR12_REG + 0), a
    00000398 3E C0            [ 8]  876 	ld	a, #0xc0
    0000039A E0r00            [12]  877 	ldh	(_NR14_REG + 0), a
    0000039C                        878 00117$:
                                    879 ;sm83/sfxplayer.h:48: if (mask & SFX_CH_2) NR22_REG = 0, NR24_REG = SFX_CH_RETRIGGER;
    0000039C CB 4D            [ 8]  880 	bit	1, l
    0000039E 28 07            [12]  881 	jr	Z, 00119$
    000003A0 AF               [ 4]  882 	xor	a, a
    000003A1 E0r00            [12]  883 	ldh	(_NR22_REG + 0), a
    000003A3 3E C0            [ 8]  884 	ld	a, #0xc0
    000003A5 E0r00            [12]  885 	ldh	(_NR24_REG + 0), a
    000003A7                        886 00119$:
                                    887 ;sm83/sfxplayer.h:49: if (mask & SFX_CH_3) NR32_REG = 0;
    000003A7 CB 55            [ 8]  888 	bit	2, l
    000003A9 28 03            [12]  889 	jr	Z, 00121$
    000003AB AF               [ 4]  890 	xor	a, a
    000003AC E0r00            [12]  891 	ldh	(_NR32_REG + 0), a
    000003AE                        892 00121$:
                                    893 ;sm83/sfxplayer.h:50: if (mask & SFX_CH_4) NR42_REG = 0, NR44_REG = SFX_CH_RETRIGGER;
    000003AE CB 5D            [ 8]  894 	bit	3, l
    000003B0 28 07            [12]  895 	jr	Z, 00123$
    000003B2 AF               [ 4]  896 	xor	a, a
    000003B3 E0r00            [12]  897 	ldh	(_NR42_REG + 0), a
    000003B5 3E C0            [ 8]  898 	ld	a, #0xc0
    000003B7 E0r00            [12]  899 	ldh	(_NR44_REG + 0), a
    000003B9                        900 00123$:
                                    901 ;sm83/sfxplayer.h:51: NR51_REG = 0xFF;
    000003B9 3E FF            [ 8]  902 	ld	a, #0xff
    000003BB E0r00            [12]  903 	ldh	(_NR51_REG + 0), a
                                    904 ;sm83/musicmanager.h:109: music_mute_mask = mute_mask;
    000003BD 21r00r00         [12]  905 	ld	hl, #_music_mute_mask
    000003C0 73               [ 8]  906 	ld	(hl), e
                                    907 ;sm83/sfxplayer.h:64: sfx_play_bank = SFX_STOP_BANK, sfx_frame_skip = 0, sfx_play_sample = sample, sfx_play_bank = bank;
    000003C1 21r00r00         [12]  908 	ld	hl, #_sfx_play_bank
    000003C4 36 FF            [12]  909 	ld	(hl), #0xff
    000003C6 AF               [ 4]  910 	xor	a, a
    000003C7 EAr00r00         [16]  911 	ld	(#_sfx_frame_skip),a
    000003CA 21r00r00         [12]  912 	ld	hl, #_sfx_play_sample
    000003CD 3Er00            [ 8]  913 	ld	a, #<(_sound_pipe)
    000003CF 22               [ 8]  914 	ld	(hl+), a
    000003D0 36s00            [12]  915 	ld	(hl), #>(_sound_pipe)
    000003D2 21r00r00         [12]  916 	ld	hl, #_sfx_play_bank
    000003D5 72               [ 8]  917 	ld	(hl), d
                                    918 ;src/player.c:172: MUSIC_SFX_PRIORITY_NORMAL);
    000003D6                        919 00127$:
                                    920 ;src/player.c:176: pipe->destination_x, pipe->destination_y);
    000003D6 59               [ 4]  921 	ld	e, c
    000003D7 50               [ 4]  922 	ld	d, b
    000003D8 13               [ 8]  923 	inc	de
    000003D9 13               [ 8]  924 	inc	de
    000003DA 1A               [ 8]  925 	ld	a, (de)
    000003DB F8 09            [12]  926 	ldhl	sp,	#9
    000003DD 22               [ 8]  927 	ld	(hl+), a
    000003DE 0A               [ 8]  928 	ld	a, (bc)
    000003DF 77               [ 8]  929 	ld	(hl), a
                                    930 ;src/player.c:175: player_warp_to(pipe->destination_level, pipe->destination_page,
    000003E0 21 05 00         [12]  931 	ld	hl, #0x0005
    000003E3 09               [ 8]  932 	add	hl, bc
    000003E4 7E               [ 8]  933 	ld	a, (hl)
    000003E5 F8 0B            [12]  934 	ldhl	sp,	#11
    000003E7 77               [ 8]  935 	ld	(hl), a
    000003E8 F8 01            [12]  936 	ldhl	sp,#1
    000003EA 2A               [ 8]  937 	ld	a, (hl+)
    000003EB 5F               [ 4]  938 	ld	e, a
    000003EC 56               [ 8]  939 	ld	d, (hl)
    000003ED 1A               [ 8]  940 	ld	a, (de)
    000003EE 4F               [ 4]  941 	ld	c, a
    000003EF 13               [ 8]  942 	inc	de
    000003F0 1A               [ 8]  943 	ld	a, (de)
    000003F1 47               [ 4]  944 	ld	b, a
    000003F2 F8 09            [12]  945 	ldhl	sp,	#9
    000003F4 2A               [ 8]  946 	ld	a, (hl+)
    000003F5 57               [ 4]  947 	ld	d, a
    000003F6 2A               [ 8]  948 	ld	a, (hl+)
    000003F7 5F               [ 4]  949 	ld	e, a
    000003F8 D5               [16]  950 	push	de
    000003F9 7E               [ 8]  951 	ld	a, (hl)
    000003FA 59               [ 4]  952 	ld	e, c
    000003FB 50               [ 4]  953 	ld	d, b
    000003FC CDrE4r04         [24]  954 	call	_player_warp_to
                                    955 ;src/player.c:180: pipe->destination_level->music);
    000003FF F8 01            [12]  956 	ldhl	sp,#1
    00000401 2A               [ 8]  957 	ld	a, (hl+)
    00000402 5F               [ 4]  958 	ld	e, a
    00000403 56               [ 8]  959 	ld	d, (hl)
    00000404 1A               [ 8]  960 	ld	a, (de)
    00000405 4F               [ 4]  961 	ld	c, a
    00000406 13               [ 8]  962 	inc	de
    00000407 1A               [ 8]  963 	ld	a, (de)
    00000408 47               [ 4]  964 	ld	b, a
    00000409 21 15 00         [12]  965 	ld	hl, #0x0015
    0000040C 09               [ 8]  966 	add	hl, bc
    0000040D 2A               [ 8]  967 	ld	a,	(hl+)
    0000040E 66               [ 8]  968 	ld	h, (hl)
    0000040F 6F               [ 4]  969 	ld	l, a
                                    970 ;src/player.c:179: music_load(pipe->destination_level->music_bank,
    00000410 79               [ 4]  971 	ld	a, c
    00000411 C6 14            [ 8]  972 	add	a, #0x14
    00000413 4F               [ 4]  973 	ld	c, a
    00000414 30 01            [12]  974 	jr	NC, 00250$
    00000416 04               [ 4]  975 	inc	b
    00000417                        976 00250$:
    00000417 0A               [ 8]  977 	ld	a, (bc)
    00000418 5F               [ 4]  978 	ld	e, a
                                    979 ;sm83/musicmanager.h:88: music_current_track_bank = MUSIC_STOP_BANK, music_next_track = data; music_current_track_bank = bank;
    00000419 3E FF            [ 8]  980 	ld	a, #0xff
    0000041B EAr00r00         [16]  981 	ld	(_music_current_track_bank), a
    0000041E 7D               [ 4]  982 	ld	a, l
    0000041F EAr00r00         [16]  983 	ld	(_music_next_track), a
    00000422 7C               [ 4]  984 	ld	a, h
    00000423 EAr01r00         [16]  985 	ld	(_music_next_track + 1), a
    00000426 21r00r00         [12]  986 	ld	hl, #_music_current_track_bank
    00000429 73               [ 8]  987 	ld	(hl), e
                                    988 ;src/player.c:180: pipe->destination_level->music);
                                    989 ;src/player.c:182: }
    0000042A E8 0C            [16]  990 	add	sp, #12
    0000042C C9               [16]  991 	ret
                                    992 ;src/player.c:184: bool player_check_horizontal_pipe_entry(void) NONBANKED {
                                    993 ;	---------------------------------
                                    994 ; Function player_check_horizontal_pipe_entry
                                    995 ; ---------------------------------
    0000042D                        996 _player_check_horizontal_pipe_entry::
                                    997 ;src/player.c:185: if (!touch_ground || vel_x == 0) {
    0000042D 21r03r00         [12]  998 	ld	hl, #_touch_ground
    00000430 CB 46            [12]  999 	bit	0, (hl)
    00000432 28 06            [12] 1000 	jr	Z, 00101$
    00000434 FAr1Ar00         [16] 1001 	ld	a, (#_vel_x)
    00000437 B7               [ 4] 1002 	or	a, a
    00000438 20 02            [12] 1003 	jr	NZ, 00102$
    0000043A                       1004 00101$:
                                   1005 ;src/player.c:186: return FALSE;
    0000043A AF               [ 4] 1006 	xor	a, a
    0000043B C9               [16] 1007 	ret
    0000043C                       1008 00102$:
                                   1009 ;src/player.c:188: if (!pipe_active || active_pipe_direction != PIPE_DIRECTION_HORIZONTAL) {
    0000043C 21r00r00         [12] 1010 	ld	hl, #_pipe_active
    0000043F CB 46            [12] 1011 	bit	0, (hl)
    00000441 28 06            [12] 1012 	jr	Z, 00104$
    00000443 FAr00r00         [16] 1013 	ld	a, (#_active_pipe_direction)
    00000446 3D               [ 4] 1014 	dec	a
    00000447 28 02            [12] 1015 	jr	Z, 00105$
    00000449                       1016 00104$:
                                   1017 ;src/player.c:189: return FALSE;
    00000449 AF               [ 4] 1018 	xor	a, a
    0000044A C9               [16] 1019 	ret
    0000044B                       1020 00105$:
                                   1021 ;src/player.c:192: uint8_t player_tile_x = player_x >> 3;
    0000044B 21r10r00         [12] 1022 	ld	hl, #_player_x
    0000044E 2A               [ 8] 1023 	ld	a, (hl+)
    0000044F 4F               [ 4] 1024 	ld	c, a
    00000450 46               [ 8] 1025 	ld	b, (hl)
    00000451 CB 38            [ 8] 1026 	srl	b
    00000453 CB 19            [ 8] 1027 	rr	c
    00000455 CB 38            [ 8] 1028 	srl	b
    00000457 CB 19            [ 8] 1029 	rr	c
    00000459 CB 38            [ 8] 1030 	srl	b
    0000045B CB 19            [ 8] 1031 	rr	c
                                   1032 ;src/player.c:193: uint8_t player_tile_y = player_y >> 3;
    0000045D FAr12r00         [16] 1033 	ld	a, (_player_y)
    00000460 47               [ 4] 1034 	ld	b, a
    00000461 21r13r00         [12] 1035 	ld	hl, #_player_y + 1
    00000464 5E               [ 8] 1036 	ld	e, (hl)
    00000465 CB 3B            [ 8] 1037 	srl	e
    00000467 CB 18            [ 8] 1038 	rr	b
    00000469 CB 3B            [ 8] 1039 	srl	e
    0000046B CB 18            [ 8] 1040 	rr	b
    0000046D CB 3B            [ 8] 1041 	srl	e
    0000046F CB 18            [ 8] 1042 	rr	b
    00000471 68               [ 4] 1043 	ld	l, b
                                   1044 ;src/player.c:195: bool row_match = (player_tile_y == active_pipe_tile_y ||
    00000472 FAr00r00         [16] 1045 	ld	a,(_active_pipe_tile_y)
    00000475 BD               [ 4] 1046 	cp	a,l
    00000476 28 10            [12] 1047 	jr	Z, 00108$
    00000478 16 00            [ 8] 1048 	ld	d, #0x00
    0000047A 5F               [ 4] 1049 	ld	e, a
    0000047B 1B               [ 8] 1050 	dec	de
    0000047C 06 00            [ 8] 1051 	ld	b, #0x00
    0000047E 7D               [ 4] 1052 	ld	a, l
    0000047F 93               [ 4] 1053 	sub	a, e
    00000480 20 04            [12] 1054 	jr	NZ, 00173$
    00000482 78               [ 4] 1055 	ld	a, b
    00000483 92               [ 4] 1056 	sub	a, d
    00000484 28 02            [12] 1057 	jr	Z, 00108$
    00000486                       1058 00173$:
                                   1059 ;src/player.c:198: return FALSE;
    00000486 AF               [ 4] 1060 	xor	a, a
    00000487 C9               [16] 1061 	ret
    00000488                       1062 00108$:
                                   1063 ;src/player.c:201: if (vel_x > 0) {
    00000488 21r1Ar00         [12] 1064 	ld	hl, #_vel_x
    0000048B 5E               [ 8] 1065 	ld	e, (hl)
    0000048C AF               [ 4] 1066 	xor	a, a
    0000048D 57               [ 4] 1067 	ld	d, a
    0000048E 96               [ 8] 1068 	sub	a, (hl)
    0000048F CB 7B            [ 8] 1069 	bit	7, e
    00000491 28 07            [12] 1070 	jr	Z, 00174$
    00000493 CB 7A            [ 8] 1071 	bit	7, d
    00000495 20 08            [12] 1072 	jr	NZ, 00175$
    00000497 BF               [ 4] 1073 	cp	a, a
    00000498 18 05            [12] 1074 	jr	00175$
    0000049A                       1075 00174$:
    0000049A CB 7A            [ 8] 1076 	bit	7, d
    0000049C 28 01            [12] 1077 	jr	Z, 00175$
    0000049E 37               [ 4] 1078 	scf
    0000049F                       1079 00175$:
    0000049F 30 27            [12] 1080 	jr	NC, 00114$
                                   1081 ;src/player.c:202: uint8_t player_right_tile = (player_x + MARIO_WIDTH) >> 3;
    000004A1 FAr10r00         [16] 1082 	ld	a, (_player_x)
    000004A4 21r11r00         [12] 1083 	ld	hl, #_player_x + 1
    000004A7 66               [ 8] 1084 	ld	h, (hl)
    000004A8 6F               [ 4] 1085 	ld	l, a
    000004A9 11 08 00         [12] 1086 	ld	de, #0x0008
    000004AC 19               [ 8] 1087 	add	hl, de
    000004AD CB 3C            [ 8] 1088 	srl	h
    000004AF CB 1D            [ 8] 1089 	rr	l
    000004B1 CB 3C            [ 8] 1090 	srl	h
    000004B3 CB 1D            [ 8] 1091 	rr	l
    000004B5 CB 3C            [ 8] 1092 	srl	h
    000004B7 CB 1D            [ 8] 1093 	rr	l
                                   1094 ;src/player.c:203: if (player_right_tile == active_pipe_tile_x) {
    000004B9 FAr00r00         [16] 1095 	ld	a, (_active_pipe_tile_x)
    000004BC 95               [ 4] 1096 	sub	a, l
    000004BD 20 23            [12] 1097 	jr	NZ, 00115$
                                   1098 ;src/player.c:204: player_enter_pipe(&active_pipe);
    000004BF 11r00r00         [12] 1099 	ld	de, #_active_pipe
    000004C2 CDr1Br01         [24] 1100 	call	_player_enter_pipe
                                   1101 ;src/player.c:205: return TRUE;
    000004C5 3E 01            [ 8] 1102 	ld	a, #0x01
    000004C7 C9               [16] 1103 	ret
    000004C8                       1104 00114$:
                                   1105 ;src/player.c:208: if (player_tile_x == active_pipe_tile_x + 1) {
    000004C8 FAr00r00         [16] 1106 	ld	a, (_active_pipe_tile_x)
    000004CB 16 00            [ 8] 1107 	ld	d, #0x00
    000004CD 5F               [ 4] 1108 	ld	e, a
    000004CE 13               [ 8] 1109 	inc	de
    000004CF 06 00            [ 8] 1110 	ld	b, #0x00
    000004D1 79               [ 4] 1111 	ld	a, c
    000004D2 93               [ 4] 1112 	sub	a, e
    000004D3 20 0D            [12] 1113 	jr	NZ, 00115$
    000004D5 78               [ 4] 1114 	ld	a, b
    000004D6 92               [ 4] 1115 	sub	a, d
    000004D7 20 09            [12] 1116 	jr	NZ, 00115$
                                   1117 ;src/player.c:209: player_enter_pipe(&active_pipe);
    000004D9 11r00r00         [12] 1118 	ld	de, #_active_pipe
    000004DC CDr1Br01         [24] 1119 	call	_player_enter_pipe
                                   1120 ;src/player.c:210: return TRUE;
    000004DF 3E 01            [ 8] 1121 	ld	a, #0x01
    000004E1 C9               [16] 1122 	ret
    000004E2                       1123 00115$:
                                   1124 ;src/player.c:213: return FALSE;
    000004E2 AF               [ 4] 1125 	xor	a, a
                                   1126 ;src/player.c:214: }
    000004E3 C9               [16] 1127 	ret
                                   1128 ;src/player.c:216: void player_warp_to(level *destination_level, uint8_t destination_page,
                                   1129 ;	---------------------------------
                                   1130 ; Function player_warp_to
                                   1131 ; ---------------------------------
    000004E4                       1132 _player_warp_to::
    000004E4 E8 FD            [16] 1133 	add	sp, #-3
    000004E6 F8 01            [12] 1134 	ldhl	sp,	#1
    000004E8 73               [ 8] 1135 	ld	(hl), e
    000004E9 23               [ 8] 1136 	inc	hl
    000004EA 72               [ 8] 1137 	ld	(hl), d
    000004EB 2B               [ 8] 1138 	dec	hl
    000004EC 2B               [ 8] 1139 	dec	hl
    000004ED 77               [ 8] 1140 	ld	(hl), a
                                   1141 ;src/player.c:218: pipe_clear();
    000004EE CDr00r00         [24] 1142 	call	_pipe_clear
                                   1143 ;src/player.c:220: level_page_x_offset = destination_page * PAGE_SIZE;
    000004F1 F8 00            [12] 1144 	ldhl	sp,	#0
    000004F3 4E               [ 8] 1145 	ld	c, (hl)
    000004F4 06 00            [ 8] 1146 	ld	b, #0x00
    000004F6 69               [ 4] 1147 	ld	l, c
    000004F7 60               [ 4] 1148 	ld	h, b
    000004F8 29               [ 8] 1149 	add	hl, hl
    000004F9 29               [ 8] 1150 	add	hl, hl
    000004FA 09               [ 8] 1151 	add	hl, bc
    000004FB 29               [ 8] 1152 	add	hl, hl
    000004FC 29               [ 8] 1153 	add	hl, hl
    000004FD 5D               [ 4] 1154 	ld	e, l
    000004FE 54               [ 4] 1155 	ld	d, h
    000004FF 21r00r00         [12] 1156 	ld	hl, #_level_page_x_offset
    00000502 7B               [ 4] 1157 	ld	a, e
    00000503 22               [ 8] 1158 	ld	(hl+), a
    00000504 72               [ 8] 1159 	ld	(hl), d
                                   1160 ;src/player.c:222: if (destination_page == destination_level->page_count - 1) {
    00000505 F8 01            [12] 1161 	ldhl	sp,#1
    00000507 2A               [ 8] 1162 	ld	a, (hl+)
    00000508 5F               [ 4] 1163 	ld	e, a
    00000509 56               [ 8] 1164 	ld	d, (hl)
    0000050A 21 04 00         [12] 1165 	ld	hl, #0x0004
    0000050D 19               [ 8] 1166 	add	hl, de
    0000050E 5D               [ 4] 1167 	ld	e, l
    0000050F 54               [ 4] 1168 	ld	d, h
    00000510 1A               [ 8] 1169 	ld	a, (de)
    00000511 16 00            [ 8] 1170 	ld	d, #0x00
    00000513 5F               [ 4] 1171 	ld	e, a
    00000514 1B               [ 8] 1172 	dec	de
    00000515 7B               [ 4] 1173 	ld	a, e
    00000516 91               [ 4] 1174 	sub	a, c
    00000517 20 0B            [12] 1175 	jr	NZ, 00102$
    00000519 7A               [ 4] 1176 	ld	a, d
    0000051A 90               [ 4] 1177 	sub	a, b
    0000051B 20 07            [12] 1178 	jr	NZ, 00102$
                                   1179 ;src/player.c:223: level_end_reached = true;
    0000051D 21r00r00         [12] 1180 	ld	hl, #_level_end_reached
    00000520 36 01            [12] 1181 	ld	(hl), #0x01
    00000522 18 0B            [12] 1182 	jr	00103$
    00000524                       1183 00102$:
                                   1184 ;src/player.c:225: scroll_limit = DEVICE_SCREEN_PX_WIDTH_HALF;
    00000524 21r20r00         [12] 1185 	ld	hl, #_scroll_limit
    00000527 3E 50            [ 8] 1186 	ld	a, #0x50
    00000529 22               [ 8] 1187 	ld	(hl+), a
                                   1188 ;src/player.c:226: level_end_reached = false;
    0000052A AF               [ 4] 1189 	xor	a, a
    0000052B 77               [ 8] 1190 	ld	(hl), a
    0000052C EAr00r00         [16] 1191 	ld	(#_level_end_reached),a
    0000052F                       1192 00103$:
                                   1193 ;src/player.c:229: enemy_reset_all();
    0000052F 1Er00            [ 8] 1194 	ld	e, #b_enemy_reset_all
    00000531 21r00r00         [12] 1195 	ld	hl, #_enemy_reset_all
    00000534 CDr00r00         [24] 1196 	call	___sdcc_bcall_ehl
                                   1197 ;src/player.c:230: hide_sprites_range(0, MAX_HARDWARE_SPRITES);
    00000537 1E 28            [ 8] 1198 	ld	e, #0x28
    00000539 AF               [ 4] 1199 	xor	a, a
    0000053A CDr00r00         [24] 1200 	call	_hide_sprites_range
                                   1201 ;src/player.c:231: delay(500);
    0000053D 11 F4 01         [12] 1202 	ld	de, #0x01f4
    00000540 CDr00r00         [24] 1203 	call	_delay
                                   1204 ;src/player.c:233: camera_x = 0;
    00000543 AF               [ 4] 1205 	xor	a, a
    00000544 21r00r00         [12] 1206 	ld	hl, #_camera_x
    00000547 22               [ 8] 1207 	ld	(hl+), a
    00000548 77               [ 8] 1208 	ld	(hl), a
                                   1209 ;/home/odrevet/projects/gbdk/include/gb/gb.h:1461: SCX_REG=x, SCY_REG=y;
    00000549 AF               [ 4] 1210 	xor	a, a
    0000054A E0r00            [12] 1211 	ldh	(_SCX_REG + 0), a
    0000054C 3E F0            [ 8] 1212 	ld	a, #0xf0
    0000054E E0r00            [12] 1213 	ldh	(_SCY_REG + 0), a
                                   1214 ;src/player.c:235: camera_x_upscaled = 0;
    00000550 AF               [ 4] 1215 	xor	a, a
    00000551 21r00r00         [12] 1216 	ld	hl, #_camera_x_upscaled
    00000554 22               [ 8] 1217 	ld	(hl+), a
    00000555 77               [ 8] 1218 	ld	(hl), a
                                   1219 ;src/player.c:237: current_page = destination_page;
    00000556 F8 00            [12] 1220 	ldhl	sp,	#0
    00000558 7E               [ 8] 1221 	ld	a, (hl)
    00000559 EAr00r00         [16] 1222 	ld	(#_current_page),a
                                   1223 ;src/player.c:238: current_column_in_page = 0;
                                   1224 ;src/player.c:239: map_column = 0;
    0000055C AF               [ 4] 1225 	xor	a, a
    0000055D EAr00r00         [16] 1226 	ld	(#_current_column_in_page), a
    00000560 EAr00r00         [16] 1227 	ld	(#_map_column),a
                                   1228 ;src/player.c:241: player_x_upscaled = (destination_x * TILE_SIZE) << 4;
    00000563 F8 05            [12] 1229 	ldhl	sp,	#5
    00000565 4E               [ 8] 1230 	ld	c, (hl)
    00000566 AF               [ 4] 1231 	xor	a, a
    00000567 69               [ 4] 1232 	ld	l, c
    00000568 67               [ 4] 1233 	ld	h, a
    00000569 29               [ 8] 1234 	add	hl, hl
    0000056A 29               [ 8] 1235 	add	hl, hl
    0000056B 29               [ 8] 1236 	add	hl, hl
    0000056C 29               [ 8] 1237 	add	hl, hl
    0000056D 29               [ 8] 1238 	add	hl, hl
    0000056E 29               [ 8] 1239 	add	hl, hl
    0000056F 29               [ 8] 1240 	add	hl, hl
    00000570 7D               [ 4] 1241 	ld	a, l
    00000571 4C               [ 4] 1242 	ld	c, h
    00000572 21r08r00         [12] 1243 	ld	hl, #_player_x_upscaled
    00000575 22               [ 8] 1244 	ld	(hl+), a
    00000576 71               [ 8] 1245 	ld	(hl), c
                                   1246 ;src/player.c:242: player_y_upscaled = (destination_y * TILE_SIZE) << 4;
    00000577 F8 06            [12] 1247 	ldhl	sp,	#6
    00000579 4E               [ 8] 1248 	ld	c, (hl)
    0000057A AF               [ 4] 1249 	xor	a, a
    0000057B 69               [ 4] 1250 	ld	l, c
    0000057C 67               [ 4] 1251 	ld	h, a
    0000057D 29               [ 8] 1252 	add	hl, hl
    0000057E 29               [ 8] 1253 	add	hl, hl
    0000057F 29               [ 8] 1254 	add	hl, hl
    00000580 29               [ 8] 1255 	add	hl, hl
    00000581 29               [ 8] 1256 	add	hl, hl
    00000582 29               [ 8] 1257 	add	hl, hl
    00000583 29               [ 8] 1258 	add	hl, hl
    00000584 7D               [ 4] 1259 	ld	a, l
    00000585 4C               [ 4] 1260 	ld	c, h
    00000586 21r0Ar00         [12] 1261 	ld	hl, #_player_y_upscaled
    00000589 22               [ 8] 1262 	ld	(hl+), a
    0000058A 71               [ 8] 1263 	ld	(hl), c
                                   1264 ;src/player.c:243: player_draw_x = player_x_upscaled >> 4;
    0000058B 21r08r00         [12] 1265 	ld	hl, #_player_x_upscaled
    0000058E 2A               [ 8] 1266 	ld	a, (hl+)
    0000058F 4F               [ 4] 1267 	ld	c, a
    00000590 46               [ 8] 1268 	ld	b, (hl)
    00000591 CB 38            [ 8] 1269 	srl	b
    00000593 CB 19            [ 8] 1270 	rr	c
    00000595 CB 38            [ 8] 1271 	srl	b
    00000597 CB 19            [ 8] 1272 	rr	c
    00000599 CB 38            [ 8] 1273 	srl	b
    0000059B CB 19            [ 8] 1274 	rr	c
    0000059D CB 38            [ 8] 1275 	srl	b
    0000059F CB 19            [ 8] 1276 	rr	c
    000005A1 21r18r00         [12] 1277 	ld	hl, #_player_draw_x
    000005A4 71               [ 8] 1278 	ld	(hl), c
                                   1279 ;src/player.c:244: player_draw_y = player_y_upscaled >> 4;
    000005A5 21r0Ar00         [12] 1280 	ld	hl, #_player_y_upscaled
    000005A8 2A               [ 8] 1281 	ld	a, (hl+)
    000005A9 4F               [ 4] 1282 	ld	c, a
    000005AA 46               [ 8] 1283 	ld	b, (hl)
    000005AB CB 38            [ 8] 1284 	srl	b
    000005AD CB 19            [ 8] 1285 	rr	c
    000005AF CB 38            [ 8] 1286 	srl	b
    000005B1 CB 19            [ 8] 1287 	rr	c
    000005B3 CB 38            [ 8] 1288 	srl	b
    000005B5 CB 19            [ 8] 1289 	rr	c
    000005B7 CB 38            [ 8] 1290 	srl	b
    000005B9 CB 19            [ 8] 1291 	rr	c
    000005BB 21r19r00         [12] 1292 	ld	hl, #_player_draw_y
    000005BE 71               [ 8] 1293 	ld	(hl), c
                                   1294 ;src/player.c:245: player_x_next_upscaled = player_x_upscaled;
    000005BF FAr08r00         [16] 1295 	ld	a, (#_player_x_upscaled)
    000005C2 EAr0Cr00         [16] 1296 	ld	(#_player_x_next_upscaled),a
    000005C5 FAr09r00         [16] 1297 	ld	a, (#_player_x_upscaled + 1)
    000005C8 EAr0Dr00         [16] 1298 	ld	(#_player_x_next_upscaled + 1),a
                                   1299 ;src/player.c:246: player_y_next_upscaled = player_y_upscaled;
    000005CB FAr0Ar00         [16] 1300 	ld	a, (#_player_y_upscaled)
    000005CE EAr0Er00         [16] 1301 	ld	(#_player_y_next_upscaled),a
    000005D1 FAr0Br00         [16] 1302 	ld	a, (#_player_y_upscaled + 1)
    000005D4 EAr0Fr00         [16] 1303 	ld	(#_player_y_next_upscaled + 1),a
                                   1304 ;src/player.c:248: vel_x = 0;
                                   1305 ;src/player.c:249: vel_y = 0;
    000005D7 AF               [ 4] 1306 	xor	a, a
    000005D8 EAr1Ar00         [16] 1307 	ld	(#_vel_x), a
    000005DB EAr1Br00         [16] 1308 	ld	(#_vel_y),a
                                   1309 ;src/player.c:250: display_jump_frame = FALSE;
                                   1310 ;src/player.c:251: display_slide_frame = FALSE;
    000005DE AF               [ 4] 1311 	xor	a, a
    000005DF EAr1Cr00         [16] 1312 	ld	(#_display_jump_frame), a
    000005E2 EAr1Dr00         [16] 1313 	ld	(#_display_slide_frame),a
                                   1314 ;src/player.c:252: display_walk_animation = FALSE;
                                   1315 ;src/player.c:253: frame_counter = 0;
    000005E5 AF               [ 4] 1316 	xor	a, a
    000005E6 EAr1Er00         [16] 1317 	ld	(#_display_walk_animation), a
    000005E9 EAr07r00         [16] 1318 	ld	(#_frame_counter),a
                                   1319 ;src/player.c:254: marioSpritesflip = FALSE;
                                   1320 ;src/player.c:255: touch_ground = FALSE;
    000005EC AF               [ 4] 1321 	xor	a, a
    000005ED EAr1Fr00         [16] 1322 	ld	(#_marioSpritesflip), a
    000005F0 EAr03r00         [16] 1323 	ld	(#_touch_ground),a
                                   1324 ;src/player.c:257: load_col_at = COLUMN_SIZE;
    000005F3 21r00r00         [12] 1325 	ld	hl, #_load_col_at
    000005F6 3E 01            [ 8] 1326 	ld	a, #0x01
    000005F8 22               [ 8] 1327 	ld	(hl+), a
    000005F9 AF               [ 4] 1328 	xor	a, a
    000005FA 77               [ 8] 1329 	ld	(hl), a
                                   1330 ;src/player.c:263: level_load_column(MAP_BUFFER_WIDTH, destination_level);
    000005FB F8 01            [12] 1331 	ldhl	sp,	#1
    000005FD 2A               [ 8] 1332 	ld	a, (hl+)
    000005FE 5F               [ 4] 1333 	ld	e, a
    000005FF 56               [ 8] 1334 	ld	d, (hl)
    00000600 3E 1B            [ 8] 1335 	ld	a, #0x1b
    00000602 CDr00r00         [24] 1336 	call	_level_load_column
                                   1337 ;src/player.c:265: col_from = 0;
    00000605 AF               [ 4] 1338 	xor	a, a
    00000606 21r00r00         [12] 1339 	ld	hl, #_col_from
    00000609 22               [ 8] 1340 	ld	(hl+), a
    0000060A 77               [ 8] 1341 	ld	(hl), a
                                   1342 ;src/player.c:266: for (uint8_t c = 0; c <= DEVICE_SCREEN_WIDTH + 1; c++) {
    0000060B 0E 00            [ 8] 1343 	ld	c, #0x00
    0000060D                       1344 00107$:
    0000060D 3E 15            [ 8] 1345 	ld	a, #0x15
    0000060F 91               [ 4] 1346 	sub	a, c
    00000610 38 0B            [12] 1347 	jr	C, 00109$
                                   1348 ;src/player.c:267: level_load_objects(c);
    00000612 59               [ 4] 1349 	ld	e, c
    00000613 AF               [ 4] 1350 	xor	a, a
    00000614 C5               [16] 1351 	push	bc
    00000615 57               [ 4] 1352 	ld	d, a
    00000616 CDr00r00         [24] 1353 	call	_level_load_objects
    00000619 C1               [12] 1354 	pop	bc
                                   1355 ;src/player.c:266: for (uint8_t c = 0; c <= DEVICE_SCREEN_WIDTH + 1; c++) {
    0000061A 0C               [ 4] 1356 	inc	c
    0000061B 18 F0            [12] 1357 	jr	00107$
    0000061D                       1358 00109$:
                                   1359 ;src/player.c:269: }
    0000061D E8 03            [16] 1360 	add	sp, #3
    0000061F E1               [12] 1361 	pop	hl
    00000620 F1               [12] 1362 	pop	af
    00000621 E9               [ 4] 1363 	jp	(hl)
                                   1364 ;src/player.c:745: void player_on_touch_ground(void) NONBANKED {
                                   1365 ;	---------------------------------
                                   1366 ; Function player_on_touch_ground
                                   1367 ; ---------------------------------
    00000622                       1368 _player_on_touch_ground::
                                   1369 ;src/player.c:746: current_jump = 0;
    00000622 AF               [ 4] 1370 	xor	a, a
    00000623 21r04r00         [12] 1371 	ld	hl, #_current_jump
    00000626 22               [ 8] 1372 	ld	(hl+), a
    00000627 77               [ 8] 1373 	ld	(hl), a
                                   1374 ;src/player.c:747: touch_ground = TRUE;
    00000628 21r03r00         [12] 1375 	ld	hl, #_touch_ground
    0000062B 36 01            [12] 1376 	ld	(hl), #0x01
                                   1377 ;src/player.c:748: is_jumping = FALSE;
                                   1378 ;src/player.c:749: display_jump_frame = FALSE;
    0000062D AF               [ 4] 1379 	xor	a, a
    0000062E EAr02r00         [16] 1380 	ld	(#_is_jumping), a
    00000631 EAr1Cr00         [16] 1381 	ld	(#_display_jump_frame),a
                                   1382 ;src/player.c:750: }
    00000634 C9               [16] 1383 	ret
                                   1384 	.area _HOME
                                   1385 ;--------------------------------------------------------
                                   1386 ; code
                                   1387 ;--------------------------------------------------------
                                   1388 	.area _CODE_255
                                   1389 ;src/player.c:15: BANKREF(player)
                                   1390 ;	---------------------------------
                                   1391 ; Function __func_player
                                   1392 ; ---------------------------------
                         000000FF  1393 	b___func_player	= 255
    00000000                       1394 ___func_player::
                                   1395 	.local b___func_player 
                         000000FF  1396 	___bank_player = b___func_player 
                                   1397 	.globl ___bank_player 
                                   1398 ;src/player.c:54: static int8_t apply_velocity(int8_t vel, int8_t target, int8_t accel,
                                   1399 ;	---------------------------------
                                   1400 ; Function apply_velocity
                                   1401 ; ---------------------------------
    00000000                       1402 _apply_velocity:
    00000000 4F               [ 4] 1403 	ld	c, a
    00000001 43               [ 4] 1404 	ld	b, e
                                   1405 ;src/player.c:56: if (target == 0) {
    00000002 78               [ 4] 1406 	ld	a, b
    00000003 B7               [ 4] 1407 	or	a, a
    00000004 20 49            [12] 1408 	jr	NZ, 00120$
                                   1409 ;src/player.c:57: if (vel > 0) {
    00000006 59               [ 4] 1410 	ld	e, c
    00000007 AF               [ 4] 1411 	xor	a, a
    00000008 57               [ 4] 1412 	ld	d, a
    00000009 91               [ 4] 1413 	sub	a, c
    0000000A CB 7B            [ 8] 1414 	bit	7, e
    0000000C 28 07            [12] 1415 	jr	Z, 00187$
    0000000E CB 7A            [ 8] 1416 	bit	7, d
    00000010 20 08            [12] 1417 	jr	NZ, 00188$
    00000012 BF               [ 4] 1418 	cp	a, a
    00000013 18 05            [12] 1419 	jr	00188$
    00000015                       1420 00187$:
    00000015 CB 7A            [ 8] 1421 	bit	7, d
    00000017 28 01            [12] 1422 	jr	Z, 00188$
    00000019 37               [ 4] 1423 	scf
    0000001A                       1424 00188$:
    0000001A 30 0F            [12] 1425 	jr	NC, 00108$
                                   1426 ;src/player.c:58: vel -= decel;
    0000001C 79               [ 4] 1427 	ld	a, c
    0000001D F8 03            [12] 1428 	ldhl	sp,	#3
    0000001F 96               [ 8] 1429 	sub	a, (hl)
    00000020 4F               [ 4] 1430 	ld	c, a
                                   1431 ;src/player.c:59: if (vel < 0)
    00000021 CB 79            [ 8] 1432 	bit	7, c
    00000023 CArB4r00         [16] 1433 	jp	Z, 00121$
                                   1434 ;src/player.c:60: vel = 0;
    00000026 0E 00            [ 8] 1435 	ld	c, #0x00
    00000028 C3rB4r00         [16] 1436 	jp	00121$
    0000002B                       1437 00108$:
                                   1438 ;src/player.c:61: } else if (vel < 0) {
    0000002B CB 79            [ 8] 1439 	bit	7, c
    0000002D CArB4r00         [16] 1440 	jp	Z, 00121$
                                   1441 ;src/player.c:62: vel += decel;
    00000030 79               [ 4] 1442 	ld	a, c
    00000031 F8 03            [12] 1443 	ldhl	sp,	#3
    00000033 86               [ 8] 1444 	add	a, (hl)
    00000034 4F               [ 4] 1445 	ld	c, a
                                   1446 ;src/player.c:63: if (vel > 0)
    00000035 59               [ 4] 1447 	ld	e, c
    00000036 AF               [ 4] 1448 	xor	a, a
    00000037 57               [ 4] 1449 	ld	d, a
    00000038 91               [ 4] 1450 	sub	a, c
    00000039 CB 7B            [ 8] 1451 	bit	7, e
    0000003B 28 07            [12] 1452 	jr	Z, 00189$
    0000003D CB 7A            [ 8] 1453 	bit	7, d
    0000003F 20 08            [12] 1454 	jr	NZ, 00190$
    00000041 BF               [ 4] 1455 	cp	a, a
    00000042 18 05            [12] 1456 	jr	00190$
    00000044                       1457 00189$:
    00000044 CB 7A            [ 8] 1458 	bit	7, d
    00000046 28 01            [12] 1459 	jr	Z, 00190$
    00000048 37               [ 4] 1460 	scf
    00000049                       1461 00190$:
    00000049 30 69            [12] 1462 	jr	NC, 00121$
                                   1463 ;src/player.c:64: vel = 0;
    0000004B 0E 00            [ 8] 1464 	ld	c, #0x00
    0000004D 18 65            [12] 1465 	jr	00121$
    0000004F                       1466 00120$:
                                   1467 ;src/player.c:66: } else if (target > vel) {
    0000004F 58               [ 4] 1468 	ld	e, b
    00000050 79               [ 4] 1469 	ld	a,c
    00000051 57               [ 4] 1470 	ld	d,a
    00000052 90               [ 4] 1471 	sub	a, b
    00000053 CB 7B            [ 8] 1472 	bit	7, e
    00000055 28 07            [12] 1473 	jr	Z, 00191$
    00000057 CB 7A            [ 8] 1474 	bit	7, d
    00000059 20 08            [12] 1475 	jr	NZ, 00192$
    0000005B BF               [ 4] 1476 	cp	a, a
    0000005C 18 05            [12] 1477 	jr	00192$
    0000005E                       1478 00191$:
    0000005E CB 7A            [ 8] 1479 	bit	7, d
    00000060 28 01            [12] 1480 	jr	Z, 00192$
    00000062 37               [ 4] 1481 	scf
    00000063                       1482 00192$:
    00000063 30 1E            [12] 1483 	jr	NC, 00117$
                                   1484 ;src/player.c:67: vel += accel;
    00000065 79               [ 4] 1485 	ld	a, c
    00000066 F8 02            [12] 1486 	ldhl	sp,	#2
    00000068 86               [ 8] 1487 	add	a, (hl)
    00000069 4F               [ 4] 1488 	ld	c, a
                                   1489 ;src/player.c:68: if (vel > target)
    0000006A 59               [ 4] 1490 	ld	e, c
    0000006B 78               [ 4] 1491 	ld	a,b
    0000006C 57               [ 4] 1492 	ld	d,a
    0000006D 91               [ 4] 1493 	sub	a, c
    0000006E CB 7B            [ 8] 1494 	bit	7, e
    00000070 28 07            [12] 1495 	jr	Z, 00193$
    00000072 CB 7A            [ 8] 1496 	bit	7, d
    00000074 20 08            [12] 1497 	jr	NZ, 00194$
    00000076 BF               [ 4] 1498 	cp	a, a
    00000077 18 05            [12] 1499 	jr	00194$
    00000079                       1500 00193$:
    00000079 CB 7A            [ 8] 1501 	bit	7, d
    0000007B 28 01            [12] 1502 	jr	Z, 00194$
    0000007D 37               [ 4] 1503 	scf
    0000007E                       1504 00194$:
    0000007E 30 34            [12] 1505 	jr	NC, 00121$
                                   1506 ;src/player.c:69: vel = target;
    00000080 48               [ 4] 1507 	ld	c, b
    00000081 18 31            [12] 1508 	jr	00121$
    00000083                       1509 00117$:
                                   1510 ;src/player.c:70: } else if (target < vel) {
    00000083 59               [ 4] 1511 	ld	e, c
    00000084 78               [ 4] 1512 	ld	a,b
    00000085 57               [ 4] 1513 	ld	d,a
    00000086 91               [ 4] 1514 	sub	a, c
    00000087 CB 7B            [ 8] 1515 	bit	7, e
    00000089 28 07            [12] 1516 	jr	Z, 00195$
    0000008B CB 7A            [ 8] 1517 	bit	7, d
    0000008D 20 08            [12] 1518 	jr	NZ, 00196$
    0000008F BF               [ 4] 1519 	cp	a, a
    00000090 18 05            [12] 1520 	jr	00196$
    00000092                       1521 00195$:
    00000092 CB 7A            [ 8] 1522 	bit	7, d
    00000094 28 01            [12] 1523 	jr	Z, 00196$
    00000096 37               [ 4] 1524 	scf
    00000097                       1525 00196$:
    00000097 30 1B            [12] 1526 	jr	NC, 00121$
                                   1527 ;src/player.c:71: vel -= accel;
    00000099 79               [ 4] 1528 	ld	a, c
    0000009A F8 02            [12] 1529 	ldhl	sp,	#2
    0000009C 96               [ 8] 1530 	sub	a, (hl)
                                   1531 ;src/player.c:72: if (vel < target)
    0000009D 4F               [ 4] 1532 	ld	c, a
    0000009E 58               [ 4] 1533 	ld	e, b
    0000009F 57               [ 4] 1534 	ld	d,a
    000000A0 90               [ 4] 1535 	sub	a, b
    000000A1 CB 7B            [ 8] 1536 	bit	7, e
    000000A3 28 07            [12] 1537 	jr	Z, 00197$
    000000A5 CB 7A            [ 8] 1538 	bit	7, d
    000000A7 20 08            [12] 1539 	jr	NZ, 00198$
    000000A9 BF               [ 4] 1540 	cp	a, a
    000000AA 18 05            [12] 1541 	jr	00198$
    000000AC                       1542 00197$:
    000000AC CB 7A            [ 8] 1543 	bit	7, d
    000000AE 28 01            [12] 1544 	jr	Z, 00198$
    000000B0 37               [ 4] 1545 	scf
    000000B1                       1546 00198$:
    000000B1 30 01            [12] 1547 	jr	NC, 00121$
                                   1548 ;src/player.c:73: vel = target;
    000000B3 48               [ 4] 1549 	ld	c, b
    000000B4                       1550 00121$:
                                   1551 ;src/player.c:75: return vel;
    000000B4 79               [ 4] 1552 	ld	a, c
                                   1553 ;src/player.c:76: }
    000000B5 E1               [12] 1554 	pop	hl
    000000B6 C1               [12] 1555 	pop	bc
    000000B7 E9               [ 4] 1556 	jp	(hl)
                                   1557 ;src/player.c:271: void player_move(void) BANKED {
                                   1558 ;	---------------------------------
                                   1559 ; Function player_move
                                   1560 ; ---------------------------------
                         000000FF  1561 	b_player_move	= 255
    000000B8                       1562 _player_move::
    000000B8 E8 FA            [16] 1563 	add	sp, #-6
                                   1564 ;src/player.c:272: int8_t target_vel_x = 0;
    000000BA F8 04            [12] 1565 	ldhl	sp,	#4
    000000BC 36 00            [12] 1566 	ld	(hl), #0x00
                                   1567 ;src/player.c:276: bool on_ground = touch_ground || player_is_on_platform();
    000000BE 21r03r00         [12] 1568 	ld	hl, #_touch_ground
    000000C1 CB 46            [12] 1569 	bit	0, (hl)
    000000C3 20 0F            [12] 1570 	jr	NZ, 00240$
    000000C5 1Er00            [ 8] 1571 	ld	e, #b_player_is_on_platform
    000000C7 21rBEr11         [12] 1572 	ld	hl, #_player_is_on_platform
    000000CA CDr00r00         [24] 1573 	call	___sdcc_bcall_ehl
    000000CD CB 47            [ 8] 1574 	bit	0,a
    000000CF 20 03            [12] 1575 	jr	NZ, 00240$
    000000D1 AF               [ 4] 1576 	xor	a, a
    000000D2 18 02            [12] 1577 	jr	00241$
    000000D4                       1578 00240$:
    000000D4 3E 01            [ 8] 1579 	ld	a, #0x01
    000000D6                       1580 00241$:
    000000D6 F8 05            [12] 1581 	ldhl	sp,	#5
    000000D8 77               [ 8] 1582 	ld	(hl), a
                                   1583 ;src/player.c:278: if (player_check_pipe_entry()) {
    000000D9 CDr9Br00         [24] 1584 	call	_player_check_pipe_entry
    000000DC CB 47            [ 8] 1585 	bit	0,a
                                   1586 ;src/player.c:279: return;
    000000DE C2r7Ar0A         [16] 1587 	jp	NZ, 00237$
                                   1588 ;src/player.c:282: if (player_check_horizontal_pipe_entry()) {
    000000E1 CDr2Dr04         [24] 1589 	call	_player_check_horizontal_pipe_entry
    000000E4 CB 47            [ 8] 1590 	bit	0,a
                                   1591 ;src/player.c:283: return;
    000000E6 C2r7Ar0A         [16] 1592 	jp	NZ, 00237$
                                   1593 ;src/player.c:286: if (joypad_current & J_RIGHT) {
    000000E9 FAr07r00         [16] 1594 	ld	a, (_joypad_current)
                                   1595 ;src/player.c:288: max_speed = (joypad_current & J_B) ? MAX_RUN_SPEED : MAX_WALK_SPEED;
    000000EC 4F               [ 4] 1596 	ld	c, a
    000000ED E6 20            [ 8] 1597 	and	a, #0x20
                                   1598 ;src/player.c:286: if (joypad_current & J_RIGHT) {
    000000EF CB 41            [ 8] 1599 	bit	0, c
    000000F1 28 1C            [12] 1600 	jr	Z, 00111$
                                   1601 ;src/player.c:287: display_walk_animation = TRUE;
    000000F3 21r1Er00         [12] 1602 	ld	hl, #_display_walk_animation
    000000F6 36 01            [12] 1603 	ld	(hl), #0x01
                                   1604 ;src/player.c:288: max_speed = (joypad_current & J_B) ? MAX_RUN_SPEED : MAX_WALK_SPEED;
    000000F8 B7               [ 4] 1605 	or	a, a
    000000F9 3E 1C            [ 8] 1606 	ld	a, #0x1c
    000000FB 20 02            [12] 1607 	jr	NZ, 00243$
    000000FD 3E 10            [ 8] 1608 	ld	a, #0x10
    000000FF                       1609 00243$:
    000000FF F8 04            [12] 1610 	ldhl	sp,	#4
    00000101 77               [ 8] 1611 	ld	(hl), a
                                   1612 ;src/player.c:291: if (display_jump_frame == FALSE) {
    00000102 21r1Cr00         [12] 1613 	ld	hl, #_display_jump_frame
    00000105 CB 46            [12] 1614 	bit	0, (hl)
    00000107 20 26            [12] 1615 	jr	NZ, 00112$
                                   1616 ;src/player.c:292: marioSpritesflip = FALSE;
    00000109 AF               [ 4] 1617 	xor	a, a
    0000010A EAr1Fr00         [16] 1618 	ld	(#_marioSpritesflip),a
    0000010D 18 20            [12] 1619 	jr	00112$
    0000010F                       1620 00111$:
                                   1621 ;src/player.c:294: } else if (joypad_current & J_LEFT) {
    0000010F CB 49            [ 8] 1622 	bit	1, c
    00000111 28 18            [12] 1623 	jr	Z, 00108$
                                   1624 ;src/player.c:295: display_walk_animation = TRUE;
    00000113 21r1Er00         [12] 1625 	ld	hl, #_display_walk_animation
    00000116 36 01            [12] 1626 	ld	(hl), #0x01
                                   1627 ;src/player.c:296: max_speed = (joypad_current & J_B) ? MAX_RUN_SPEED : MAX_WALK_SPEED;
    00000118 B7               [ 4] 1628 	or	a, a
    00000119 0E 1C            [ 8] 1629 	ld	c, #0x1c
    0000011B 20 02            [12] 1630 	jr	NZ, 00245$
    0000011D 0E 10            [ 8] 1631 	ld	c, #0x10
    0000011F                       1632 00245$:
                                   1633 ;src/player.c:297: target_vel_x = -max_speed;
    0000011F AF               [ 4] 1634 	xor	a, a
    00000120 91               [ 4] 1635 	sub	a, c
    00000121 F8 04            [12] 1636 	ldhl	sp,	#4
    00000123 77               [ 8] 1637 	ld	(hl), a
                                   1638 ;src/player.c:298: marioSpritesflip = TRUE;
    00000124 21r1Fr00         [12] 1639 	ld	hl, #_marioSpritesflip
    00000127 36 01            [12] 1640 	ld	(hl), #0x01
    00000129 18 04            [12] 1641 	jr	00112$
    0000012B                       1642 00108$:
                                   1643 ;src/player.c:300: display_walk_animation = FALSE;
    0000012B AF               [ 4] 1644 	xor	a, a
    0000012C EAr1Er00         [16] 1645 	ld	(#_display_walk_animation),a
    0000012F                       1646 00112$:
                                   1647 ;src/player.c:303: if (on_ground) {
    0000012F F8 05            [12] 1648 	ldhl	sp,	#5
    00000131 CB 46            [12] 1649 	bit	0, (hl)
    00000133 28 53            [12] 1650 	jr	Z, 00120$
                                   1651 ;src/player.c:304: accel = ACCELERATION;
                                   1652 ;src/player.c:305: decel = DECELERATION;
    00000135 01 02 03         [12] 1653 	ld	bc, #0x302
                                   1654 ;src/player.c:307: if ((vel_x > 8 && target_vel_x < 0) || (vel_x < -8 && target_vel_x > 0)) {
    00000138 21r1Ar00         [12] 1655 	ld	hl, #_vel_x
    0000013B 5E               [ 8] 1656 	ld	e, (hl)
    0000013C 3E 08            [ 8] 1657 	ld	a,#0x08
    0000013E 57               [ 4] 1658 	ld	d,a
    0000013F 96               [ 8] 1659 	sub	a, (hl)
    00000140 CB 7B            [ 8] 1660 	bit	7, e
    00000142 28 07            [12] 1661 	jr	Z, 00685$
    00000144 CB 7A            [ 8] 1662 	bit	7, d
    00000146 20 08            [12] 1663 	jr	NZ, 00686$
    00000148 BF               [ 4] 1664 	cp	a, a
    00000149 18 05            [12] 1665 	jr	00686$
    0000014B                       1666 00685$:
    0000014B CB 7A            [ 8] 1667 	bit	7, d
    0000014D 28 01            [12] 1668 	jr	Z, 00686$
    0000014F 37               [ 4] 1669 	scf
    00000150                       1670 00686$:
    00000150 30 06            [12] 1671 	jr	NC, 00118$
    00000152 F8 04            [12] 1672 	ldhl	sp,	#4
    00000154 CB 7E            [12] 1673 	bit	7, (hl)
    00000156 20 21            [12] 1674 	jr	NZ, 00113$
    00000158                       1675 00118$:
    00000158 FAr1Ar00         [16] 1676 	ld	a, (#_vel_x)
    0000015B EE 80            [ 8] 1677 	xor	a, #0x80
    0000015D D6 78            [ 8] 1678 	sub	a, #0x78
    0000015F 30 21            [12] 1679 	jr	NC, 00114$
    00000161 F8 04            [12] 1680 	ldhl	sp,	#4
    00000163 5E               [ 8] 1681 	ld	e, (hl)
    00000164 AF               [ 4] 1682 	xor	a, a
    00000165 57               [ 4] 1683 	ld	d, a
    00000166 96               [ 8] 1684 	sub	a, (hl)
    00000167 CB 7B            [ 8] 1685 	bit	7, e
    00000169 28 07            [12] 1686 	jr	Z, 00687$
    0000016B CB 7A            [ 8] 1687 	bit	7, d
    0000016D 20 08            [12] 1688 	jr	NZ, 00688$
    0000016F BF               [ 4] 1689 	cp	a, a
    00000170 18 05            [12] 1690 	jr	00688$
    00000172                       1691 00687$:
    00000172 CB 7A            [ 8] 1692 	bit	7, d
    00000174 28 01            [12] 1693 	jr	Z, 00688$
    00000176 37               [ 4] 1694 	scf
    00000177                       1695 00688$:
    00000177 30 09            [12] 1696 	jr	NC, 00114$
    00000179                       1697 00113$:
                                   1698 ;src/player.c:308: decel = SKID_DECELERATION;
    00000179 06 04            [ 8] 1699 	ld	b, #0x04
                                   1700 ;src/player.c:309: display_slide_frame = TRUE;
    0000017B 21r1Dr00         [12] 1701 	ld	hl, #_display_slide_frame
    0000017E 36 01            [12] 1702 	ld	(hl), #0x01
    00000180 18 0D            [12] 1703 	jr	00121$
    00000182                       1704 00114$:
                                   1705 ;src/player.c:311: display_slide_frame = FALSE;
    00000182 AF               [ 4] 1706 	xor	a, a
    00000183 EAr1Dr00         [16] 1707 	ld	(#_display_slide_frame),a
    00000186 18 07            [12] 1708 	jr	00121$
    00000188                       1709 00120$:
                                   1710 ;src/player.c:314: accel = AIR_ACCELERATION;
                                   1711 ;src/player.c:315: decel = AIR_DECELERATION;
    00000188 01 01 01         [12] 1712 	ld	bc, #0x101
                                   1713 ;src/player.c:316: display_slide_frame = FALSE;
    0000018B AF               [ 4] 1714 	xor	a, a
    0000018C EAr1Dr00         [16] 1715 	ld	(#_display_slide_frame),a
    0000018F                       1716 00121$:
                                   1717 ;src/player.c:319: vel_x = apply_velocity(vel_x, target_vel_x, accel, decel);
    0000018F C5               [16] 1718 	push	bc
    00000190 F8 06            [12] 1719 	ldhl	sp,	#6
    00000192 5E               [ 8] 1720 	ld	e, (hl)
    00000193 FAr1Ar00         [16] 1721 	ld	a, (_vel_x)
    00000196 CDr00r00         [24] 1722 	call	_apply_velocity
    00000199 EAr1Ar00         [16] 1723 	ld	(#_vel_x),a
                                   1724 ;src/player.c:321: if (is_jumping) {
    0000019C 21r02r00         [12] 1725 	ld	hl, #_is_jumping
    0000019F CB 46            [12] 1726 	bit	0, (hl)
    000001A1 28 6A            [12] 1727 	jr	Z, 00138$
                                   1728 ;src/player.c:322: current_jump++;
    000001A3 21r04r00         [12] 1729 	ld	hl, #_current_jump
    000001A6 34               [12] 1730 	inc	(hl)
    000001A7 20 02            [12] 1731 	jr	NZ, 00689$
    000001A9 23               [ 8] 1732 	inc	hl
    000001AA 34               [12] 1733 	inc	(hl)
    000001AB                       1734 00689$:
                                   1735 ;src/player.c:325: if ((joypad_current & J_A) && current_jump < JUMP_MAX_FRAMES) {
    000001AB FAr04r00         [16] 1736 	ld	a, (#_current_jump)
    000001AE F8 04            [12] 1737 	ldhl	sp,	#4
    000001B0 77               [ 8] 1738 	ld	(hl), a
    000001B1 FAr05r00         [16] 1739 	ld	a, (#_current_jump + 1)
    000001B4 F8 05            [12] 1740 	ldhl	sp,	#5
    000001B6 77               [ 8] 1741 	ld	(hl), a
                                   1742 ;src/player.c:326: vel_y += GRAVITY_RISING;
    000001B7 21r1Br00         [12] 1743 	ld	hl, #_vel_y
    000001BA 4E               [ 8] 1744 	ld	c, (hl)
    000001BB 0C               [ 4] 1745 	inc	c
    000001BC 0C               [ 4] 1746 	inc	c
                                   1747 ;src/player.c:324: if (vel_y < 0) {
    000001BD CB 7E            [12] 1748 	bit	7, (hl)
    000001BF 28 21            [12] 1749 	jr	Z, 00127$
                                   1750 ;src/player.c:325: if ((joypad_current & J_A) && current_jump < JUMP_MAX_FRAMES) {
    000001C1 FAr07r00         [16] 1751 	ld	a, (_joypad_current)
    000001C4 CB 67            [ 8] 1752 	bit	4, a
    000001C6 28 12            [12] 1753 	jr	Z, 00123$
    000001C8 F8 04            [12] 1754 	ldhl	sp,	#4
    000001CA 2A               [ 8] 1755 	ld	a, (hl+)
    000001CB D6 0D            [ 8] 1756 	sub	a, #0x0d
    000001CD 7E               [ 8] 1757 	ld	a, (hl)
    000001CE DE 00            [ 8] 1758 	sbc	a, #0x00
    000001D0 30 08            [12] 1759 	jr	NC, 00123$
                                   1760 ;src/player.c:326: vel_y += GRAVITY_RISING;
    000001D2 21r1Br00         [12] 1761 	ld	hl, #_vel_y
    000001D5 71               [ 8] 1762 	ld	(hl), c
                                   1763 ;src/player.c:327: vel_y += JUMP_HOLD_BOOST;
    000001D6 35               [12] 1764 	dec	(hl)
    000001D7 7E               [ 8] 1765 	ld	a, (hl)
    000001D8 18 0C            [12] 1766 	jr	00128$
    000001DA                       1767 00123$:
                                   1768 ;src/player.c:329: vel_y += GRAVITY_FAST_FALL;
    000001DA 21r1Br00         [12] 1769 	ld	hl, #_vel_y
    000001DD 34               [12] 1770 	inc	(hl)
    000001DE 34               [12] 1771 	inc	(hl)
    000001DF 34               [12] 1772 	inc	(hl)
    000001E0 18 04            [12] 1773 	jr	00128$
    000001E2                       1774 00127$:
                                   1775 ;src/player.c:332: vel_y += GRAVITY;
    000001E2 21r1Br00         [12] 1776 	ld	hl, #_vel_y
    000001E5 71               [ 8] 1777 	ld	(hl), c
    000001E6                       1778 00128$:
                                   1779 ;src/player.c:335: if (vel_y >= 0 && current_jump > JUMP_MIN_FRAMES) {
    000001E6 FAr1Br00         [16] 1780 	ld	a, (#_vel_y)
    000001E9 CB 7F            [ 8] 1781 	bit	7, a
    000001EB 20 0F            [12] 1782 	jr	NZ, 00130$
    000001ED F8 04            [12] 1783 	ldhl	sp,	#4
    000001EF 3E 04            [ 8] 1784 	ld	a, #0x04
    000001F1 96               [ 8] 1785 	sub	a, (hl)
    000001F2 23               [ 8] 1786 	inc	hl
    000001F3 3E 00            [ 8] 1787 	ld	a, #0x00
    000001F5 9E               [ 8] 1788 	sbc	a, (hl)
    000001F6 30 04            [12] 1789 	jr	NC, 00130$
                                   1790 ;src/player.c:336: is_jumping = FALSE;
    000001F8 AF               [ 4] 1791 	xor	a, a
    000001F9 EAr02r00         [16] 1792 	ld	(#_is_jumping),a
    000001FC                       1793 00130$:
                                   1794 ;src/player.c:339: if (current_jump >= JUMP_MAX_FRAMES + 10) {
    000001FC 21r04r00         [12] 1795 	ld	hl, #_current_jump
    000001FF 2A               [ 8] 1796 	ld	a, (hl+)
    00000200 D6 17            [ 8] 1797 	sub	a, #0x17
    00000202 7E               [ 8] 1798 	ld	a, (hl)
    00000203 DE 00            [ 8] 1799 	sbc	a, #0x00
    00000205 38 1E            [12] 1800 	jr	C, 00139$
                                   1801 ;src/player.c:340: is_jumping = FALSE;
    00000207 AF               [ 4] 1802 	xor	a, a
    00000208 EAr02r00         [16] 1803 	ld	(#_is_jumping),a
    0000020B 18 18            [12] 1804 	jr	00139$
    0000020D                       1805 00138$:
                                   1806 ;src/player.c:342: } else if (!touch_ground || !player_is_on_platform()) {
    0000020D 21r03r00         [12] 1807 	ld	hl, #_touch_ground
    00000210 CB 46            [12] 1808 	bit	0, (hl)
    00000212 28 0C            [12] 1809 	jr	Z, 00134$
    00000214 1Er00            [ 8] 1810 	ld	e, #b_player_is_on_platform
    00000216 21rBEr11         [12] 1811 	ld	hl, #_player_is_on_platform
    00000219 CDr00r00         [24] 1812 	call	___sdcc_bcall_ehl
    0000021C CB 47            [ 8] 1813 	bit	0,a
    0000021E 20 05            [12] 1814 	jr	NZ, 00139$
    00000220                       1815 00134$:
                                   1816 ;src/player.c:343: vel_y += GRAVITY;
    00000220 21r1Br00         [12] 1817 	ld	hl, #_vel_y
    00000223 34               [12] 1818 	inc	(hl)
    00000224 34               [12] 1819 	inc	(hl)
    00000225                       1820 00139$:
                                   1821 ;src/player.c:346: if (vel_y > MAX_FALL_SPEED) {
    00000225 21r1Br00         [12] 1822 	ld	hl, #_vel_y
    00000228 5E               [ 8] 1823 	ld	e, (hl)
    00000229 3E 30            [ 8] 1824 	ld	a,#0x30
    0000022B 57               [ 4] 1825 	ld	d,a
    0000022C 96               [ 8] 1826 	sub	a, (hl)
    0000022D CB 7B            [ 8] 1827 	bit	7, e
    0000022F 28 07            [12] 1828 	jr	Z, 00691$
    00000231 CB 7A            [ 8] 1829 	bit	7, d
    00000233 20 08            [12] 1830 	jr	NZ, 00692$
    00000235 BF               [ 4] 1831 	cp	a, a
    00000236 18 05            [12] 1832 	jr	00692$
    00000238                       1833 00691$:
    00000238 CB 7A            [ 8] 1834 	bit	7, d
    0000023A 28 01            [12] 1835 	jr	Z, 00692$
    0000023C 37               [ 4] 1836 	scf
    0000023D                       1837 00692$:
    0000023D 30 05            [12] 1838 	jr	NC, 00141$
                                   1839 ;src/player.c:347: vel_y = MAX_FALL_SPEED;
    0000023F 21r1Br00         [12] 1840 	ld	hl, #_vel_y
    00000242 36 30            [12] 1841 	ld	(hl), #0x30
    00000244                       1842 00141$:
                                   1843 ;src/player.c:350: if (joypad_current & J_A && !(joypad_previous & J_A) && !is_jumping &&
    00000244 FAr07r00         [16] 1844 	ld	a, (_joypad_current)
    00000247 CB 67            [ 8] 1845 	bit	4, a
    00000249 CArDAr02         [16] 1846 	jp	Z, 00143$
    0000024C FAr06r00         [16] 1847 	ld	a, (_joypad_previous)
    0000024F CB 67            [ 8] 1848 	bit	4, a
    00000251 C2rDAr02         [16] 1849 	jp	NZ, 00143$
    00000254 21r02r00         [12] 1850 	ld	hl, #_is_jumping
    00000257 CB 46            [12] 1851 	bit	0, (hl)
    00000259 C2rDAr02         [16] 1852 	jp	NZ, 00143$
                                   1853 ;src/player.c:351: touch_ground) {
    0000025C 21r03r00         [12] 1854 	ld	hl, #_touch_ground
    0000025F CB 46            [12] 1855 	bit	0, (hl)
    00000261 28 77            [12] 1856 	jr	Z, 00143$
                                   1857 ;src/player.c:352: current_jump = 0;
    00000263 AF               [ 4] 1858 	xor	a, a
    00000264 21r04r00         [12] 1859 	ld	hl, #_current_jump
    00000267 22               [ 8] 1860 	ld	(hl+), a
    00000268 77               [ 8] 1861 	ld	(hl), a
                                   1862 ;src/player.c:353: is_jumping = TRUE;
    00000269 21r02r00         [12] 1863 	ld	hl, #_is_jumping
    0000026C 36 01            [12] 1864 	ld	(hl), #0x01
                                   1865 ;src/player.c:354: display_jump_frame = TRUE;
    0000026E 21r1Cr00         [12] 1866 	ld	hl, #_display_jump_frame
    00000271 36 01            [12] 1867 	ld	(hl), #0x01
                                   1868 ;src/player.c:355: vel_y = JUMP_INITIAL_VELOCITY;
    00000273 21r1Br00         [12] 1869 	ld	hl, #_vel_y
    00000276 36 D8            [12] 1870 	ld	(hl), #0xd8
                                   1871 ;src/player.c:356: touch_ground = FALSE;
    00000278 AF               [ 4] 1872 	xor	a, a
    00000279 EAr03r00         [16] 1873 	ld	(#_touch_ground),a
                                   1874 ;src/player.c:359: SFX_MUTE_MASK(sound_jump_small), MUSIC_SFX_PRIORITY_NORMAL);
    0000027C 0Er00            [ 8] 1875 	ld	c, #<(___mute_mask_sound_jump_small)
                                   1876 ;src/player.c:358: music_play_sfx(BANK(sound_jump_small), sound_jump_small,
    0000027E 06r00            [ 8] 1877 	ld	b, #<(___bank_sound_jump_small)
                                   1878 ;sm83/musicmanager.h:105: if (music_sfx_priority > priority) return;
    00000280 3E 04            [ 8] 1879 	ld	a, #0x04
    00000282 21r00r00         [12] 1880 	ld	hl, #_music_sfx_priority
    00000285 96               [ 8] 1881 	sub	a, (hl)
    00000286 38 52            [12] 1882 	jr	C, 00143$
                                   1883 ;sm83/musicmanager.h:106: sfx_play_bank = SFX_STOP_BANK;
    00000288 21r00r00         [12] 1884 	ld	hl, #_sfx_play_bank
    0000028B 36 FF            [12] 1885 	ld	(hl), #0xff
                                   1886 ;sm83/musicmanager.h:107: music_sfx_priority = priority;
    0000028D 21r00r00         [12] 1887 	ld	hl, #_music_sfx_priority
    00000290 36 04            [12] 1888 	ld	(hl), #0x04
                                   1889 ;sm83/musicmanager.h:108: music_sound_cut_mask(music_mute_mask);
    00000292 FAr00r00         [16] 1890 	ld	a, (_music_mute_mask)
                                   1891 ;sm83/musicmanager.h:80: sfx_sound_cut_mask(mask);
    00000295 5F               [ 4] 1892 	ld	e, a
                                   1893 ;sm83/sfxplayer.h:47: if (mask & SFX_CH_1) NR12_REG = 0, NR14_REG = SFX_CH_RETRIGGER;
    00000296 0F               [ 4] 1894 	rrca
    00000297 30 07            [12] 1895 	jr	NC, 00224$
    00000299 AF               [ 4] 1896 	xor	a, a
    0000029A E0r00            [12] 1897 	ldh	(_NR12_REG + 0), a
    0000029C 3E C0            [ 8] 1898 	ld	a, #0xc0
    0000029E E0r00            [12] 1899 	ldh	(_NR14_REG + 0), a
    000002A0                       1900 00224$:
                                   1901 ;sm83/sfxplayer.h:48: if (mask & SFX_CH_2) NR22_REG = 0, NR24_REG = SFX_CH_RETRIGGER;
    000002A0 CB 4B            [ 8] 1902 	bit	1, e
    000002A2 28 07            [12] 1903 	jr	Z, 00226$
    000002A4 AF               [ 4] 1904 	xor	a, a
    000002A5 E0r00            [12] 1905 	ldh	(_NR22_REG + 0), a
    000002A7 3E C0            [ 8] 1906 	ld	a, #0xc0
    000002A9 E0r00            [12] 1907 	ldh	(_NR24_REG + 0), a
    000002AB                       1908 00226$:
                                   1909 ;sm83/sfxplayer.h:49: if (mask & SFX_CH_3) NR32_REG = 0;
    000002AB CB 53            [ 8] 1910 	bit	2, e
    000002AD 28 03            [12] 1911 	jr	Z, 00228$
    000002AF AF               [ 4] 1912 	xor	a, a
    000002B0 E0r00            [12] 1913 	ldh	(_NR32_REG + 0), a
    000002B2                       1914 00228$:
                                   1915 ;sm83/sfxplayer.h:50: if (mask & SFX_CH_4) NR42_REG = 0, NR44_REG = SFX_CH_RETRIGGER;
    000002B2 CB 5B            [ 8] 1916 	bit	3, e
    000002B4 28 07            [12] 1917 	jr	Z, 00230$
    000002B6 AF               [ 4] 1918 	xor	a, a
    000002B7 E0r00            [12] 1919 	ldh	(_NR42_REG + 0), a
    000002B9 3E C0            [ 8] 1920 	ld	a, #0xc0
    000002BB E0r00            [12] 1921 	ldh	(_NR44_REG + 0), a
    000002BD                       1922 00230$:
                                   1923 ;sm83/sfxplayer.h:51: NR51_REG = 0xFF;
    000002BD 3E FF            [ 8] 1924 	ld	a, #0xff
    000002BF E0r00            [12] 1925 	ldh	(_NR51_REG + 0), a
                                   1926 ;sm83/musicmanager.h:109: music_mute_mask = mute_mask;
    000002C1 21r00r00         [12] 1927 	ld	hl, #_music_mute_mask
    000002C4 71               [ 8] 1928 	ld	(hl), c
                                   1929 ;sm83/sfxplayer.h:64: sfx_play_bank = SFX_STOP_BANK, sfx_frame_skip = 0, sfx_play_sample = sample, sfx_play_bank = bank;
    000002C5 21r00r00         [12] 1930 	ld	hl, #_sfx_play_bank
    000002C8 36 FF            [12] 1931 	ld	(hl), #0xff
    000002CA AF               [ 4] 1932 	xor	a, a
    000002CB EAr00r00         [16] 1933 	ld	(#_sfx_frame_skip),a
    000002CE 21r00r00         [12] 1934 	ld	hl, #_sfx_play_sample
    000002D1 36r00            [12] 1935 	ld	(hl), #<(_sound_jump_small)
    000002D3 23               [ 8] 1936 	inc	hl
    000002D4 36s00            [12] 1937 	ld	(hl), #>(_sound_jump_small)
    000002D6 21r00r00         [12] 1938 	ld	hl, #_sfx_play_bank
    000002D9 70               [ 8] 1939 	ld	(hl), b
                                   1940 ;src/player.c:359: SFX_MUTE_MASK(sound_jump_small), MUSIC_SFX_PRIORITY_NORMAL);
    000002DA                       1941 00143$:
                                   1942 ;src/player.c:363: player_x_next_upscaled = player_x_upscaled + vel_x;
    000002DA FAr1Ar00         [16] 1943 	ld	a, (_vel_x)
    000002DD 4F               [ 4] 1944 	ld	c, a
    000002DE 07               [ 4] 1945 	rlca
    000002DF 9F               [ 4] 1946 	sbc	a, a
    000002E0 47               [ 4] 1947 	ld	b, a
    000002E1 FAr08r00         [16] 1948 	ld	a, (_player_x_upscaled)
    000002E4 21r09r00         [12] 1949 	ld	hl, #_player_x_upscaled + 1
    000002E7 66               [ 8] 1950 	ld	h, (hl)
    000002E8 6F               [ 4] 1951 	ld	l, a
    000002E9 09               [ 8] 1952 	add	hl, bc
    000002EA 5D               [ 4] 1953 	ld	e, l
    000002EB 54               [ 4] 1954 	ld	d, h
    000002EC 21r0Cr00         [12] 1955 	ld	hl, #_player_x_next_upscaled
    000002EF 7B               [ 4] 1956 	ld	a, e
    000002F0 22               [ 8] 1957 	ld	(hl+), a
    000002F1 72               [ 8] 1958 	ld	(hl), d
                                   1959 ;src/player.c:364: player_y_next_upscaled = player_y_upscaled;
    000002F2 FAr0Ar00         [16] 1960 	ld	a, (#_player_y_upscaled)
    000002F5 EAr0Er00         [16] 1961 	ld	(#_player_y_next_upscaled),a
    000002F8 FAr0Br00         [16] 1962 	ld	a, (#_player_y_upscaled + 1)
    000002FB EAr0Fr00         [16] 1963 	ld	(#_player_y_next_upscaled + 1),a
                                   1964 ;src/player.c:366: player_x_next = player_x_next_upscaled >> 4;
    000002FE FAr0Cr00         [16] 1965 	ld	a, (#_player_x_next_upscaled)
    00000301 EAr14r00         [16] 1966 	ld	(#_player_x_next),a
    00000304 FAr0Dr00         [16] 1967 	ld	a, (#_player_x_next_upscaled + 1)
    00000307 21r15r00         [12] 1968 	ld	hl, #_player_x_next + 1
    0000030A 77               [ 8] 1969 	ld	(hl), a
    0000030B CB 3E            [16] 1970 	srl	(hl)
    0000030D 2B               [ 8] 1971 	dec	hl
    0000030E CB 1E            [16] 1972 	rr	(hl)
    00000310 23               [ 8] 1973 	inc	hl
    00000311 CB 3E            [16] 1974 	srl	(hl)
    00000313 2B               [ 8] 1975 	dec	hl
    00000314 CB 1E            [16] 1976 	rr	(hl)
    00000316 23               [ 8] 1977 	inc	hl
    00000317 CB 3E            [16] 1978 	srl	(hl)
    00000319 2B               [ 8] 1979 	dec	hl
    0000031A CB 1E            [16] 1980 	rr	(hl)
    0000031C 23               [ 8] 1981 	inc	hl
    0000031D CB 3E            [16] 1982 	srl	(hl)
    0000031F 2B               [ 8] 1983 	dec	hl
    00000320 CB 1E            [16] 1984 	rr	(hl)
                                   1985 ;src/player.c:367: player_y_next = player_y_next_upscaled >> 4;
    00000322 FAr0Er00         [16] 1986 	ld	a, (#_player_y_next_upscaled)
    00000325 EAr16r00         [16] 1987 	ld	(#_player_y_next),a
    00000328 FAr0Fr00         [16] 1988 	ld	a, (#_player_y_next_upscaled + 1)
    0000032B 21r17r00         [12] 1989 	ld	hl, #_player_y_next + 1
    0000032E 77               [ 8] 1990 	ld	(hl), a
    0000032F CB 3E            [16] 1991 	srl	(hl)
    00000331 2B               [ 8] 1992 	dec	hl
    00000332 CB 1E            [16] 1993 	rr	(hl)
    00000334 23               [ 8] 1994 	inc	hl
    00000335 CB 3E            [16] 1995 	srl	(hl)
    00000337 2B               [ 8] 1996 	dec	hl
    00000338 CB 1E            [16] 1997 	rr	(hl)
    0000033A 23               [ 8] 1998 	inc	hl
    0000033B CB 3E            [16] 1999 	srl	(hl)
    0000033D 2B               [ 8] 2000 	dec	hl
    0000033E CB 1E            [16] 2001 	rr	(hl)
    00000340 23               [ 8] 2002 	inc	hl
    00000341 CB 3E            [16] 2003 	srl	(hl)
    00000343 2B               [ 8] 2004 	dec	hl
    00000344 CB 1E            [16] 2005 	rr	(hl)
                                   2006 ;src/player.c:372: player_y_next + PLAYER_TOP_MARGIN);
    00000346 4E               [ 8] 2007 	ld	c, (hl)
                                   2008 ;src/player.c:370: tile_next_1 = get_tile(player_x_next + MARIO_WIDTH -
    00000347 FAr14r00         [16] 2009 	ld	a, (#_player_x_next)
    0000034A F8 03            [12] 2010 	ldhl	sp,	#3
    0000034C 77               [ 8] 2011 	ld	(hl), a
                                   2012 ;src/player.c:371: PLAYER_HORIZONTAL_MARGIN - camera_x,
    0000034D FAr00r00         [16] 2013 	ld	a, (#_camera_x)
    00000350 F8 04            [12] 2014 	ldhl	sp,	#4
                                   2015 ;src/player.c:372: player_y_next + PLAYER_TOP_MARGIN);
    00000352 22               [ 8] 2016 	ld	(hl+), a
    00000353 79               [ 4] 2017 	ld	a, c
    00000354 C6 08            [ 8] 2018 	add	a, #0x08
    00000356 77               [ 8] 2019 	ld	(hl), a
                                   2020 ;src/player.c:369: if (vel_x > 0) {
    00000357 21r1Ar00         [12] 2021 	ld	hl, #_vel_x
    0000035A 5E               [ 8] 2022 	ld	e, (hl)
    0000035B AF               [ 4] 2023 	xor	a, a
    0000035C 57               [ 4] 2024 	ld	d, a
    0000035D 96               [ 8] 2025 	sub	a, (hl)
    0000035E CB 7B            [ 8] 2026 	bit	7, e
    00000360 28 07            [12] 2027 	jr	Z, 00700$
    00000362 CB 7A            [ 8] 2028 	bit	7, d
    00000364 20 08            [12] 2029 	jr	NZ, 00701$
    00000366 BF               [ 4] 2030 	cp	a, a
    00000367 18 05            [12] 2031 	jr	00701$
    00000369                       2032 00700$:
    00000369 CB 7A            [ 8] 2033 	bit	7, d
    0000036B 28 01            [12] 2034 	jr	Z, 00701$
    0000036D 37               [ 4] 2035 	scf
    0000036E                       2036 00701$:
    0000036E D2r26r06         [16] 2037 	jp	NC, 00179$
                                   2038 ;src/player.c:370: tile_next_1 = get_tile(player_x_next + MARIO_WIDTH -
    00000371 F8 03            [12] 2039 	ldhl	sp,	#3
                                   2040 ;src/player.c:371: PLAYER_HORIZONTAL_MARGIN - camera_x,
    00000373 2A               [ 8] 2041 	ld	a, (hl+)
    00000374 C6 06            [ 8] 2042 	add	a, #0x06
    00000376 4E               [ 8] 2043 	ld	c, (hl)
    00000377 23               [ 8] 2044 	inc	hl
    00000378 91               [ 4] 2045 	sub	a, c
    00000379 5E               [ 8] 2046 	ld	e, (hl)
    0000037A CDr00r00         [24] 2047 	call	_get_tile
    0000037D EAr22r00         [16] 2048 	ld	(#_tile_next_1),a
                                   2049 ;src/player.c:375: player_y_next + marioSprites_HEIGHT - 1);
    00000380 FAr16r00         [16] 2050 	ld	a, (_player_y_next)
    00000383 C6 0F            [ 8] 2051 	add	a, #0x0f
    00000385 5F               [ 4] 2052 	ld	e, a
                                   2053 ;src/player.c:373: tile_next_2 = get_tile(player_x_next + MARIO_WIDTH -
    00000386 FAr14r00         [16] 2054 	ld	a, (_player_x_next)
    00000389 C6 06            [ 8] 2055 	add	a, #0x06
                                   2056 ;src/player.c:374: PLAYER_HORIZONTAL_MARGIN - camera_x,
    0000038B 21r00r00         [12] 2057 	ld	hl, #_camera_x
    0000038E 4E               [ 8] 2058 	ld	c, (hl)
    0000038F 91               [ 4] 2059 	sub	a, c
    00000390 CDr00r00         [24] 2060 	call	_get_tile
    00000393 EAr23r00         [16] 2061 	ld	(#_tile_next_2),a
                                   2062 ;src/player.c:377: uint8_t tx1 = TILE_INDEX_X(player_x_next + MARIO_WIDTH - PLAYER_HORIZONTAL_MARGIN - camera_x, camera_x);
    00000396 FAr14r00         [16] 2063 	ld	a, (_player_x_next)
    00000399 21r15r00         [12] 2064 	ld	hl, #_player_x_next + 1
    0000039C 46               [ 8] 2065 	ld	b, (hl)
    0000039D C6 06            [ 8] 2066 	add	a, #0x06
    0000039F 4F               [ 4] 2067 	ld	c, a
    000003A0 30 01            [12] 2068 	jr	NC, 00702$
    000003A2 04               [ 4] 2069 	inc	b
    000003A3                       2070 00702$:
    000003A3 79               [ 4] 2071 	ld	a, c
    000003A4 21r00r00         [12] 2072 	ld	hl, #_camera_x
    000003A7 96               [ 8] 2073 	sub	a, (hl)
    000003A8 23               [ 8] 2074 	inc	hl
    000003A9 4F               [ 4] 2075 	ld	c, a
    000003AA 78               [ 4] 2076 	ld	a, b
    000003AB 9E               [ 8] 2077 	sbc	a, (hl)
    000003AC 2B               [ 8] 2078 	dec	hl
    000003AD 47               [ 4] 2079 	ld	b, a
    000003AE 79               [ 4] 2080 	ld	a, c
    000003AF 86               [ 8] 2081 	add	a, (hl)
    000003B0 23               [ 8] 2082 	inc	hl
    000003B1 4F               [ 4] 2083 	ld	c, a
    000003B2 78               [ 4] 2084 	ld	a, b
    000003B3 8E               [ 8] 2085 	adc	a, (hl)
    000003B4 47               [ 4] 2086 	ld	b, a
    000003B5 CB 38            [ 8] 2087 	srl	b
    000003B7 CB 19            [ 8] 2088 	rr	c
    000003B9 CB 38            [ 8] 2089 	srl	b
    000003BB CB 19            [ 8] 2090 	rr	c
    000003BD CB 38            [ 8] 2091 	srl	b
    000003BF CB 19            [ 8] 2092 	rr	c
    000003C1 79               [ 4] 2093 	ld	a, c
    000003C2 E6 1F            [ 8] 2094 	and	a, #0x1f
    000003C4 F8 05            [12] 2095 	ldhl	sp,	#5
    000003C6 77               [ 8] 2096 	ld	(hl), a
                                   2097 ;src/player.c:378: uint8_t ty1 = TILE_INDEX_Y(player_y_next + PLAYER_TOP_MARGIN);
    000003C7 FAr16r00         [16] 2098 	ld	a, (_player_y_next)
    000003CA 21r17r00         [12] 2099 	ld	hl, #_player_y_next + 1
    000003CD 66               [ 8] 2100 	ld	h, (hl)
    000003CE 6F               [ 4] 2101 	ld	l, a
    000003CF 11 08 00         [12] 2102 	ld	de, #0x0008
    000003D2 19               [ 8] 2103 	add	hl, de
    000003D3 4D               [ 4] 2104 	ld	c, l
    000003D4 CB 3C            [ 8] 2105 	srl	h
    000003D6 CB 19            [ 8] 2106 	rr	c
    000003D8 CB 3C            [ 8] 2107 	srl	h
    000003DA CB 19            [ 8] 2108 	rr	c
    000003DC CB 3C            [ 8] 2109 	srl	h
    000003DE CB 19            [ 8] 2110 	rr	c
                                   2111 ;src/player.c:381: is_tile_solid(tile_next_1) || is_tile_solid(tile_next_2));
    000003E0 C5               [16] 2112 	push	bc
    000003E1 FAr22r00         [16] 2113 	ld	a, (_tile_next_1)
    000003E4 CDr00r00         [24] 2114 	call	_is_tile_solid
    000003E7 5F               [ 4] 2115 	ld	e, a
    000003E8 C1               [12] 2116 	pop	bc
    000003E9 CB 43            [ 8] 2117 	bit	0, e
    000003EB 20 0F            [12] 2118 	jr	NZ, 00247$
    000003ED C5               [16] 2119 	push	bc
    000003EE FAr23r00         [16] 2120 	ld	a, (_tile_next_2)
    000003F1 CDr00r00         [24] 2121 	call	_is_tile_solid
    000003F4 5F               [ 4] 2122 	ld	e, a
    000003F5 C1               [12] 2123 	pop	bc
    000003F6 CB 43            [ 8] 2124 	bit	0, e
    000003F8 1E 00            [ 8] 2125 	ld	e, #0x00
    000003FA 28 02            [12] 2126 	jr	Z, 00248$
    000003FC                       2127 00247$:
    000003FC 1E 01            [ 8] 2128 	ld	e, #0x01
    000003FE                       2129 00248$:
    000003FE 16 00            [ 8] 2130 	ld	d, #0x00
                                   2131 ;src/player.c:380: player_x_next, player_y_next, tx1, ty1, tile_next_1, tile_next_2,
    00000400 FAr23r00         [16] 2132 	ld	a, (#_tile_next_2)
    00000403 F8 00            [12] 2133 	ldhl	sp,	#0
    00000405 22               [ 8] 2134 	ld	(hl+), a
    00000406 36 00            [12] 2135 	ld	(hl), #0x00
    00000408 FAr22r00         [16] 2136 	ld	a, (#_tile_next_1)
    0000040B F8 02            [12] 2137 	ldhl	sp,	#2
    0000040D 22               [ 8] 2138 	ld	(hl+), a
    0000040E AF               [ 4] 2139 	xor	a, a
    0000040F 22               [ 8] 2140 	ld	(hl+), a
    00000410 23               [ 8] 2141 	inc	hl
    00000411 06 00            [ 8] 2142 	ld	b, #0x00
    00000413 3A               [ 8] 2143 	ld	a, (hl-)
    00000414 22               [ 8] 2144 	ld	(hl+), a
    00000415 36 00            [12] 2145 	ld	(hl), #0x00
                                   2146 ;src/player.c:379: EMU_printf("H px=%d py=%d tx=%d ty=%d t1=%02x t2=%02x solid=%d\n",
    00000417 D5               [16] 2147 	push	de
    00000418 F8 02            [12] 2148 	ldhl	sp,	#2
    0000041A 2A               [ 8] 2149 	ld	a, (hl+)
    0000041B 23               [ 8] 2150 	inc	hl
    0000041C 5F               [ 4] 2151 	ld	e, a
    0000041D 16 00            [ 8] 2152 	ld	d, #0x00
    0000041F D5               [16] 2153 	push	de
    00000420 2A               [ 8] 2154 	ld	a, (hl+)
    00000421 23               [ 8] 2155 	inc	hl
    00000422 5F               [ 4] 2156 	ld	e, a
    00000423 16 00            [ 8] 2157 	ld	d, #0x00
    00000425 D5               [16] 2158 	push	de
    00000426 C5               [16] 2159 	push	bc
    00000427 5E               [ 8] 2160 	ld	e, (hl)
    00000428 16 00            [ 8] 2161 	ld	d, #0x00
    0000042A D5               [16] 2162 	push	de
    0000042B FAr16r00         [16] 2163 	ld	a, (_player_y_next)
    0000042E 5F               [ 4] 2164 	ld	e, a
    0000042F 21r17r00         [12] 2165 	ld	hl, #_player_y_next + 1
    00000432 56               [ 8] 2166 	ld	d, (hl)
    00000433 D5               [16] 2167 	push	de
    00000434 FAr14r00         [16] 2168 	ld	a, (_player_x_next)
    00000437 5F               [ 4] 2169 	ld	e, a
    00000438 21r15r00         [12] 2170 	ld	hl, #_player_x_next + 1
    0000043B 56               [ 8] 2171 	ld	d, (hl)
    0000043C D5               [16] 2172 	push	de
    0000043D 11r7Dr0A         [12] 2173 	ld	de, #___str_0
    00000440 D5               [16] 2174 	push	de
    00000441 CDr00r00         [24] 2175 	call	_EMU_printf
    00000444 E8 10            [16] 2176 	add	sp, #16
                                   2177 ;src/player.c:383: if (is_tile_solid(tile_next_1) || is_tile_solid(tile_next_2)) {
    00000446 FAr22r00         [16] 2178 	ld	a, (_tile_next_1)
    00000449 CDr00r00         [24] 2179 	call	_is_tile_solid
    0000044C CB 47            [ 8] 2180 	bit	0,a
    0000044E 20 0A            [12] 2181 	jr	NZ, 00162$
    00000450 FAr23r00         [16] 2182 	ld	a, (_tile_next_2)
    00000453 CDr00r00         [24] 2183 	call	_is_tile_solid
    00000456 CB 47            [ 8] 2184 	bit	0,a
    00000458 28 35            [12] 2185 	jr	Z, 00163$
    0000045A                       2186 00162$:
                                   2187 ;src/player.c:384: player_x = TILE_ALIGN(player_x_next) - 7;
    0000045A FAr14r00         [16] 2188 	ld	a, (_player_x_next)
    0000045D 21r15r00         [12] 2189 	ld	hl, #_player_x_next + 1
    00000460 66               [ 8] 2190 	ld	h, (hl)
    00000461 6F               [ 4] 2191 	ld	l, a
    00000462 11 07 00         [12] 2192 	ld	de, #0x0007
    00000465 19               [ 8] 2193 	add	hl, de
    00000466 7D               [ 4] 2194 	ld	a, l
    00000467 E6 F8            [ 8] 2195 	and	a, #0xf8
    00000469 C6 F9            [ 8] 2196 	add	a, #0xf9
    0000046B 4F               [ 4] 2197 	ld	c, a
    0000046C 7C               [ 4] 2198 	ld	a, h
    0000046D CE FF            [ 8] 2199 	adc	a, #0xff
    0000046F 21r10r00         [12] 2200 	ld	hl, #_player_x
    00000472 71               [ 8] 2201 	ld	(hl), c
    00000473 23               [ 8] 2202 	inc	hl
                                   2203 ;src/player.c:385: player_x_upscaled = player_x << 4;
    00000474 32               [ 8] 2204 	ld	(hl-), a
    00000475 7E               [ 8] 2205 	ld	a, (hl)
    00000476 EAr08r00         [16] 2206 	ld	(#_player_x_upscaled),a
    00000479 FAr11r00         [16] 2207 	ld	a, (#_player_x + 1)
    0000047C EAr09r00         [16] 2208 	ld	(#_player_x_upscaled + 1),a
    0000047F 3E 04            [ 8] 2209 	ld	a, #0x04
    00000481                       2210 00703$:
    00000481 21r08r00         [12] 2211 	ld	hl, #_player_x_upscaled
    00000484 CB 26            [16] 2212 	sla	(hl)
    00000486 23               [ 8] 2213 	inc	hl
    00000487 CB 16            [16] 2214 	rl	(hl)
    00000489 3D               [ 4] 2215 	dec	a
    0000048A 20 F5            [12] 2216 	jr	NZ, 00703$
    0000048C C3r01r07         [16] 2217 	jp	00180$
    0000048F                       2218 00163$:
                                   2219 ;src/player.c:387: if (is_coin(tile_next_1)) {
    0000048F FAr22r00         [16] 2220 	ld	a, (_tile_next_1)
    00000492 CDr00r00         [24] 2221 	call	_is_coin
    00000495 CB 47            [ 8] 2222 	bit	0,a
    00000497 28 15            [12] 2223 	jr	Z, 00150$
                                   2224 ;src/player.c:390: player_y_next + PLAYER_TOP_MARGIN);
    00000499 FAr16r00         [16] 2225 	ld	a, (_player_y_next)
    0000049C C6 08            [ 8] 2226 	add	a, #0x08
    0000049E 5F               [ 4] 2227 	ld	e, a
                                   2228 ;src/player.c:388: on_get_coin_background(player_x_next + MARIO_WIDTH -
    0000049F FAr14r00         [16] 2229 	ld	a, (_player_x_next)
    000004A2 C6 06            [ 8] 2230 	add	a, #0x06
                                   2231 ;src/player.c:389: PLAYER_HORIZONTAL_MARGIN - camera_x,
    000004A4 21r00r00         [12] 2232 	ld	hl, #_camera_x
    000004A7 4E               [ 8] 2233 	ld	c, (hl)
    000004A8 91               [ 4] 2234 	sub	a, c
    000004A9 CDr00r00         [24] 2235 	call	_on_get_coin_background
    000004AC 18 1D            [12] 2236 	jr	00151$
    000004AE                       2237 00150$:
                                   2238 ;src/player.c:391: } else if (is_coin(tile_next_2)) {
    000004AE FAr23r00         [16] 2239 	ld	a, (_tile_next_2)
    000004B1 CDr00r00         [24] 2240 	call	_is_coin
    000004B4 CB 47            [ 8] 2241 	bit	0,a
    000004B6 28 13            [12] 2242 	jr	Z, 00151$
                                   2243 ;src/player.c:394: player_y_next + marioSprites_HEIGHT - 1);
    000004B8 FAr16r00         [16] 2244 	ld	a, (_player_y_next)
    000004BB C6 0F            [ 8] 2245 	add	a, #0x0f
    000004BD 5F               [ 4] 2246 	ld	e, a
                                   2247 ;src/player.c:392: on_get_coin_background(player_x_next + MARIO_WIDTH -
    000004BE FAr14r00         [16] 2248 	ld	a, (_player_x_next)
    000004C1 C6 06            [ 8] 2249 	add	a, #0x06
                                   2250 ;src/player.c:393: PLAYER_HORIZONTAL_MARGIN - camera_x,
    000004C3 21r00r00         [12] 2251 	ld	hl, #_camera_x
    000004C6 4E               [ 8] 2252 	ld	c, (hl)
    000004C7 91               [ 4] 2253 	sub	a, c
    000004C8 CDr00r00         [24] 2254 	call	_on_get_coin_background
    000004CB                       2255 00151$:
                                   2256 ;src/player.c:397: if (tile_next_1 == SWITCH) {
    000004CB FAr22r00         [16] 2257 	ld	a, (#_tile_next_1)
    000004CE D6 3D            [ 8] 2258 	sub	a, #0x3d
    000004D0 20 18            [12] 2259 	jr	NZ, 00153$
                                   2260 ;src/player.c:398: init();
    000004D2 CDr00r00         [24] 2261 	call	_init
                                   2262 ;src/player.c:399: map_column = 0;
    000004D5 AF               [ 4] 2263 	xor	a, a
    000004D6 EAr00r00         [16] 2264 	ld	(#_map_column),a
                                   2265 ;src/player.c:400: current_level = (++current_level) % NB_LEVELS;
    000004D9 21r00r00         [12] 2266 	ld	hl, #_current_level
    000004DC 34               [12] 2267 	inc	(hl)
    000004DD 7E               [ 8] 2268 	ld	a, (hl)
    000004DE 1E 0C            [ 8] 2269 	ld	e, #0x0c
    000004E0 CDr00r00         [24] 2270 	call	__moduchar
    000004E3 21r00r00         [12] 2271 	ld	hl, #_current_level
    000004E6 71               [ 8] 2272 	ld	(hl), c
                                   2273 ;src/player.c:401: level_set_current();
    000004E7 CDr00r00         [24] 2274 	call	_level_set_current
    000004EA                       2275 00153$:
                                   2276 ;src/player.c:404: player_x_upscaled = player_x_next_upscaled;
    000004EA FAr0Cr00         [16] 2277 	ld	a, (#_player_x_next_upscaled)
    000004ED EAr08r00         [16] 2278 	ld	(#_player_x_upscaled),a
    000004F0 FAr0Dr00         [16] 2279 	ld	a, (#_player_x_next_upscaled + 1)
    000004F3 21r09r00         [12] 2280 	ld	hl, #_player_x_upscaled + 1
                                   2281 ;src/player.c:405: player_x = player_x_upscaled >> 4;
    000004F6 32               [ 8] 2282 	ld	(hl-), a
    000004F7 7E               [ 8] 2283 	ld	a, (hl)
    000004F8 EAr10r00         [16] 2284 	ld	(#_player_x),a
    000004FB FAr09r00         [16] 2285 	ld	a, (#_player_x_upscaled + 1)
    000004FE 21r11r00         [12] 2286 	ld	hl, #_player_x + 1
    00000501 77               [ 8] 2287 	ld	(hl), a
    00000502 CB 3E            [16] 2288 	srl	(hl)
    00000504 2B               [ 8] 2289 	dec	hl
    00000505 CB 1E            [16] 2290 	rr	(hl)
    00000507 23               [ 8] 2291 	inc	hl
    00000508 CB 3E            [16] 2292 	srl	(hl)
    0000050A 2B               [ 8] 2293 	dec	hl
    0000050B CB 1E            [16] 2294 	rr	(hl)
    0000050D 23               [ 8] 2295 	inc	hl
    0000050E CB 3E            [16] 2296 	srl	(hl)
    00000510 2B               [ 8] 2297 	dec	hl
    00000511 CB 1E            [16] 2298 	rr	(hl)
    00000513 23               [ 8] 2299 	inc	hl
    00000514 CB 3E            [16] 2300 	srl	(hl)
    00000516 2B               [ 8] 2301 	dec	hl
    00000517 CB 1E            [16] 2302 	rr	(hl)
                                   2303 ;src/player.c:407: if (load_col_at == current_map_width_in_tiles - DEVICE_SCREEN_WIDTH + 1) {
    00000519 21r00r00         [12] 2304 	ld	hl, #_current_map_width_in_tiles
    0000051C 2A               [ 8] 2305 	ld	a, (hl+)
    0000051D C6 ED            [ 8] 2306 	add	a, #0xed
    0000051F 4F               [ 4] 2307 	ld	c, a
    00000520 7E               [ 8] 2308 	ld	a, (hl)
    00000521 CE FF            [ 8] 2309 	adc	a, #0xff
    00000523 47               [ 4] 2310 	ld	b, a
    00000524 FAr00r00         [16] 2311 	ld	a, (_load_col_at)
    00000527 5F               [ 4] 2312 	ld	e, a
    00000528 21r01r00         [12] 2313 	ld	hl, #_load_col_at + 1
    0000052B 56               [ 8] 2314 	ld	d, (hl)
    0000052C 7B               [ 4] 2315 	ld	a, e
    0000052D 91               [ 4] 2316 	sub	a, c
    0000052E 20 22            [12] 2317 	jr	NZ, 00155$
    00000530 7A               [ 4] 2318 	ld	a, d
    00000531 90               [ 4] 2319 	sub	a, b
    00000532 20 1E            [12] 2320 	jr	NZ, 00155$
                                   2321 ;src/player.c:408: level_end_reached = true;
    00000534 21r00r00         [12] 2322 	ld	hl, #_level_end_reached
    00000537 36 01            [12] 2323 	ld	(hl), #0x01
                                   2324 ;src/player.c:409: camera_x = current_map_width - DEVICE_SCREEN_PX_WIDTH;
    00000539 21r00r00         [12] 2325 	ld	hl, #_current_map_width
    0000053C 2A               [ 8] 2326 	ld	a, (hl+)
    0000053D C6 60            [ 8] 2327 	add	a, #0x60
    0000053F 4F               [ 4] 2328 	ld	c, a
    00000540 7E               [ 8] 2329 	ld	a, (hl)
    00000541 CE FF            [ 8] 2330 	adc	a, #0xff
    00000543 47               [ 4] 2331 	ld	b, a
    00000544 21r00r00         [12] 2332 	ld	hl, #_camera_x
    00000547 79               [ 4] 2333 	ld	a, c
    00000548 22               [ 8] 2334 	ld	(hl+), a
                                   2335 ;src/player.c:410: move_bkg(camera_x, SCROLL_TOP_OFFSET);
    00000549 78               [ 4] 2336 	ld	a, b
    0000054A 32               [ 8] 2337 	ld	(hl-), a
    0000054B 7E               [ 8] 2338 	ld	a, (hl)
    0000054C E0r00            [12] 2339 	ldh	(_SCX_REG + 0), a
                                   2340 ;/home/odrevet/projects/gbdk/include/gb/gb.h:1461: SCX_REG=x, SCY_REG=y;
    0000054E 3E F0            [ 8] 2341 	ld	a, #0xf0
    00000550 E0r00            [12] 2342 	ldh	(_SCY_REG + 0), a
                                   2343 ;src/player.c:410: move_bkg(camera_x, SCROLL_TOP_OFFSET);
    00000552                       2344 00155$:
                                   2345 ;src/player.c:413: if (!level_end_reached && player_x > scroll_limit) {
    00000552 21r00r00         [12] 2346 	ld	hl, #_level_end_reached
    00000555 CB 46            [12] 2347 	bit	0, (hl)
    00000557 C2rDBr05         [16] 2348 	jp	NZ, 00157$
    0000055A 11r20r00         [12] 2349 	ld	de, #_scroll_limit
    0000055D 21r10r00         [12] 2350 	ld	hl, #_player_x
    00000560 1A               [ 8] 2351 	ld	a, (de)
    00000561 13               [ 8] 2352 	inc	de
    00000562 96               [ 8] 2353 	sub	a, (hl)
    00000563 23               [ 8] 2354 	inc	hl
    00000564 1A               [ 8] 2355 	ld	a, (de)
    00000565 9E               [ 8] 2356 	sbc	a, (hl)
    00000566 30 73            [12] 2357 	jr	NC, 00157$
                                   2358 ;src/player.c:414: int16_t player_movement = player_x - scroll_limit;
    00000568 FAr10r00         [16] 2359 	ld	a, (#_player_x)
    0000056B 21r20r00         [12] 2360 	ld	hl, #_scroll_limit
    0000056E 96               [ 8] 2361 	sub	a, (hl)
    0000056F 4F               [ 4] 2362 	ld	c, a
    00000570 FAr11r00         [16] 2363 	ld	a, (#_player_x + 1)
    00000573 21r21r00         [12] 2364 	ld	hl, #_scroll_limit + 1
    00000576 9E               [ 8] 2365 	sbc	a, (hl)
    00000577 47               [ 4] 2366 	ld	b, a
                                   2367 ;src/player.c:415: camera_x_upscaled += (player_movement << 4);
    00000578 69               [ 4] 2368 	ld	l, c
    00000579 60               [ 4] 2369 	ld	h, b
    0000057A 29               [ 8] 2370 	add	hl, hl
    0000057B 29               [ 8] 2371 	add	hl, hl
    0000057C 29               [ 8] 2372 	add	hl, hl
    0000057D 29               [ 8] 2373 	add	hl, hl
    0000057E 4D               [ 4] 2374 	ld	c, l
    0000057F 44               [ 4] 2375 	ld	b, h
    00000580 21r00r00         [12] 2376 	ld	hl, #_camera_x_upscaled
    00000583 7E               [ 8] 2377 	ld	a, (hl)
    00000584 81               [ 4] 2378 	add	a, c
    00000585 22               [ 8] 2379 	ld	(hl+), a
    00000586 7E               [ 8] 2380 	ld	a, (hl)
    00000587 88               [ 4] 2381 	adc	a, b
                                   2382 ;src/player.c:416: camera_x = camera_x_upscaled >> 4;
    00000588 32               [ 8] 2383 	ld	(hl-), a
    00000589 7E               [ 8] 2384 	ld	a, (hl)
    0000058A EAr00r00         [16] 2385 	ld	(#_camera_x),a
    0000058D FAr01r00         [16] 2386 	ld	a, (#_camera_x_upscaled + 1)
    00000590 21r01r00         [12] 2387 	ld	hl, #_camera_x + 1
    00000593 77               [ 8] 2388 	ld	(hl), a
    00000594 CB 3E            [16] 2389 	srl	(hl)
    00000596 2B               [ 8] 2390 	dec	hl
    00000597 CB 1E            [16] 2391 	rr	(hl)
    00000599 23               [ 8] 2392 	inc	hl
    0000059A CB 3E            [16] 2393 	srl	(hl)
    0000059C 2B               [ 8] 2394 	dec	hl
    0000059D CB 1E            [16] 2395 	rr	(hl)
    0000059F 23               [ 8] 2396 	inc	hl
    000005A0 CB 3E            [16] 2397 	srl	(hl)
    000005A2 2B               [ 8] 2398 	dec	hl
    000005A3 CB 1E            [16] 2399 	rr	(hl)
    000005A5 23               [ 8] 2400 	inc	hl
    000005A6 CB 3E            [16] 2401 	srl	(hl)
    000005A8 2B               [ 8] 2402 	dec	hl
    000005A9 CB 1E            [16] 2403 	rr	(hl)
                                   2404 ;src/player.c:417: move_bkg(camera_x, SCROLL_TOP_OFFSET);
    000005AB 7E               [ 8] 2405 	ld	a, (hl)
    000005AC E0r00            [12] 2406 	ldh	(_SCX_REG + 0), a
                                   2407 ;/home/odrevet/projects/gbdk/include/gb/gb.h:1461: SCX_REG=x, SCY_REG=y;
    000005AE 3E F0            [ 8] 2408 	ld	a, #0xf0
    000005B0 E0r00            [12] 2409 	ldh	(_SCY_REG + 0), a
                                   2410 ;src/player.c:418: scroll_limit = player_x;
    000005B2 FAr10r00         [16] 2411 	ld	a, (#_player_x)
    000005B5 EAr20r00         [16] 2412 	ld	(#_scroll_limit),a
    000005B8 FAr11r00         [16] 2413 	ld	a, (#_player_x + 1)
    000005BB EAr21r00         [16] 2414 	ld	(#_scroll_limit + 1),a
                                   2415 ;src/player.c:419: level_load_objects(current_page * PAGE_SIZE + current_column_in_page -
    000005BE FAr00r00         [16] 2416 	ld	a, (_current_page)
    000005C1 4F               [ 4] 2417 	ld	c, a
    000005C2 06 00            [ 8] 2418 	ld	b, #0x00
    000005C4 69               [ 4] 2419 	ld	l, c
    000005C5 60               [ 4] 2420 	ld	h, b
    000005C6 29               [ 8] 2421 	add	hl, hl
    000005C7 29               [ 8] 2422 	add	hl, hl
    000005C8 09               [ 8] 2423 	add	hl, bc
    000005C9 29               [ 8] 2424 	add	hl, hl
    000005CA 29               [ 8] 2425 	add	hl, hl
    000005CB FAr00r00         [16] 2426 	ld	a, (_current_column_in_page)
    000005CE 16 00            [ 8] 2427 	ld	d, #0x00
    000005D0 5F               [ 4] 2428 	ld	e, a
    000005D1 19               [ 8] 2429 	add	hl, de
    000005D2 11 F9 FF         [12] 2430 	ld	de, #0xfff9
    000005D5 19               [ 8] 2431 	add	hl, de
    000005D6 5D               [ 4] 2432 	ld	e, l
    000005D7 54               [ 4] 2433 	ld	d, h
    000005D8 CDr00r00         [24] 2434 	call	_level_load_objects
    000005DB                       2435 00157$:
                                   2436 ;src/player.c:423: if (camera_x >> 3 >= load_col_at && !level_end_reached) {
    000005DB 21r00r00         [12] 2437 	ld	hl, #_camera_x
    000005DE 2A               [ 8] 2438 	ld	a, (hl+)
    000005DF 4F               [ 4] 2439 	ld	c, a
    000005E0 46               [ 8] 2440 	ld	b, (hl)
    000005E1 CB 38            [ 8] 2441 	srl	b
    000005E3 CB 19            [ 8] 2442 	rr	c
    000005E5 CB 38            [ 8] 2443 	srl	b
    000005E7 CB 19            [ 8] 2444 	rr	c
    000005E9 CB 38            [ 8] 2445 	srl	b
    000005EB CB 19            [ 8] 2446 	rr	c
    000005ED 21r00r00         [12] 2447 	ld	hl, #_load_col_at
    000005F0 79               [ 4] 2448 	ld	a, c
    000005F1 96               [ 8] 2449 	sub	a, (hl)
    000005F2 23               [ 8] 2450 	inc	hl
    000005F3 78               [ 4] 2451 	ld	a, b
    000005F4 9E               [ 8] 2452 	sbc	a, (hl)
    000005F5 DAr01r07         [16] 2453 	jp	C, 00180$
    000005F8 21r00r00         [12] 2454 	ld	hl, #_level_end_reached
    000005FB CB 46            [12] 2455 	bit	0, (hl)
    000005FD C2r01r07         [16] 2456 	jp	NZ, 00180$
                                   2457 ;src/player.c:425: level_load_column(1, levels + current_level);
    00000600 21r00r00         [12] 2458 	ld	hl, #_current_level
    00000603 4E               [ 8] 2459 	ld	c, (hl)
    00000604 06 00            [ 8] 2460 	ld	b, #0x00
    00000606 69               [ 4] 2461 	ld	l, c
    00000607 60               [ 4] 2462 	ld	h, b
    00000608 29               [ 8] 2463 	add	hl, hl
    00000609 29               [ 8] 2464 	add	hl, hl
    0000060A 09               [ 8] 2465 	add	hl, bc
    0000060B 29               [ 8] 2466 	add	hl, hl
    0000060C 09               [ 8] 2467 	add	hl, bc
    0000060D 29               [ 8] 2468 	add	hl, hl
    0000060E 09               [ 8] 2469 	add	hl, bc
    0000060F 01r00r00         [12] 2470 	ld	bc, #_levels
    00000612 09               [ 8] 2471 	add	hl, bc
    00000613 5D               [ 4] 2472 	ld	e, l
    00000614 54               [ 4] 2473 	ld	d, h
    00000615 3E 01            [ 8] 2474 	ld	a, #0x01
    00000617 CDr00r00         [24] 2475 	call	_level_load_column
                                   2476 ;src/player.c:429: load_col_at++;
    0000061A 21r00r00         [12] 2477 	ld	hl, #_load_col_at
    0000061D 34               [12] 2478 	inc	(hl)
    0000061E C2r01r07         [16] 2479 	jp	NZ, 00180$
    00000621 23               [ 8] 2480 	inc	hl
    00000622 34               [12] 2481 	inc	(hl)
    00000623 C3r01r07         [16] 2482 	jp	00180$
    00000626                       2483 00179$:
                                   2484 ;src/player.c:432: } else if (vel_x < 0 && player_draw_x > PLAYER_SCREEN_LEFT_MARGIN) {
    00000626 FAr1Ar00         [16] 2485 	ld	a, (#_vel_x)
    00000629 CB 7F            [ 8] 2486 	bit	7, a
    0000062B CAr01r07         [16] 2487 	jp	Z, 00180$
    0000062E 3E 0C            [ 8] 2488 	ld	a, #0x0c
    00000630 21r18r00         [12] 2489 	ld	hl, #_player_draw_x
    00000633 96               [ 8] 2490 	sub	a, (hl)
    00000634 D2r01r07         [16] 2491 	jp	NC, 00180$
                                   2492 ;src/player.c:434: get_tile(player_x_next - camera_x, player_y_next + PLAYER_TOP_MARGIN);
    00000637 F8 03            [12] 2493 	ldhl	sp,	#3
    00000639 2A               [ 8] 2494 	ld	a, (hl+)
    0000063A 96               [ 8] 2495 	sub	a, (hl)
    0000063B 23               [ 8] 2496 	inc	hl
    0000063C 5E               [ 8] 2497 	ld	e, (hl)
    0000063D CDr00r00         [24] 2498 	call	_get_tile
    00000640 EAr22r00         [16] 2499 	ld	(#_tile_next_1),a
                                   2500 ;src/player.c:436: player_y_next + marioSprites_HEIGHT - 1);
    00000643 FAr16r00         [16] 2501 	ld	a, (_player_y_next)
    00000646 C6 0F            [ 8] 2502 	add	a, #0x0f
    00000648 5F               [ 4] 2503 	ld	e, a
                                   2504 ;src/player.c:435: tile_next_2 = get_tile(player_x_next - camera_x,
    00000649 FAr14r00         [16] 2505 	ld	a, (_player_x_next)
    0000064C 21r00r00         [12] 2506 	ld	hl, #_camera_x
    0000064F 4E               [ 8] 2507 	ld	c, (hl)
    00000650 91               [ 4] 2508 	sub	a, c
    00000651 CDr00r00         [24] 2509 	call	_get_tile
    00000654 EAr23r00         [16] 2510 	ld	(#_tile_next_2),a
                                   2511 ;src/player.c:437: if (is_tile_solid(tile_next_1) || is_tile_solid(tile_next_2)) {
    00000657 FAr22r00         [16] 2512 	ld	a, (_tile_next_1)
    0000065A CDr00r00         [24] 2513 	call	_is_tile_solid
    0000065D CB 47            [ 8] 2514 	bit	0,a
    0000065F 20 0A            [12] 2515 	jr	NZ, 00171$
    00000661 FAr23r00         [16] 2516 	ld	a, (_tile_next_2)
    00000664 CDr00r00         [24] 2517 	call	_is_tile_solid
    00000667 CB 47            [ 8] 2518 	bit	0,a
    00000669 28 2F            [12] 2519 	jr	Z, 00172$
    0000066B                       2520 00171$:
                                   2521 ;src/player.c:438: player_x = TILE_ALIGN(player_x_next);
    0000066B FAr14r00         [16] 2522 	ld	a, (_player_x_next)
    0000066E 4F               [ 4] 2523 	ld	c, a
    0000066F 21r15r00         [12] 2524 	ld	hl, #_player_x_next + 1
    00000672 46               [ 8] 2525 	ld	b, (hl)
    00000673 21 07 00         [12] 2526 	ld	hl, #0x0007
    00000676 09               [ 8] 2527 	add	hl, bc
    00000677 4C               [ 4] 2528 	ld	c, h
    00000678 7D               [ 4] 2529 	ld	a, l
    00000679 E6 F8            [ 8] 2530 	and	a, #0xf8
    0000067B 21r10r00         [12] 2531 	ld	hl, #_player_x
    0000067E 22               [ 8] 2532 	ld	(hl+), a
                                   2533 ;src/player.c:439: player_x_upscaled = player_x << 4;
    0000067F 79               [ 4] 2534 	ld	a, c
    00000680 32               [ 8] 2535 	ld	(hl-), a
    00000681 7E               [ 8] 2536 	ld	a, (hl)
    00000682 EAr08r00         [16] 2537 	ld	(#_player_x_upscaled),a
    00000685 FAr11r00         [16] 2538 	ld	a, (#_player_x + 1)
    00000688 EAr09r00         [16] 2539 	ld	(#_player_x_upscaled + 1),a
    0000068B 3E 04            [ 8] 2540 	ld	a, #0x04
    0000068D                       2541 00709$:
    0000068D 21r08r00         [12] 2542 	ld	hl, #_player_x_upscaled
    00000690 CB 26            [16] 2543 	sla	(hl)
    00000692 23               [ 8] 2544 	inc	hl
    00000693 CB 16            [16] 2545 	rl	(hl)
    00000695 3D               [ 4] 2546 	dec	a
    00000696 20 F5            [12] 2547 	jr	NZ, 00709$
    00000698 18 67            [12] 2548 	jr	00180$
    0000069A                       2549 00172$:
                                   2550 ;src/player.c:441: if (is_coin(tile_next_1)) {
    0000069A FAr22r00         [16] 2551 	ld	a, (_tile_next_1)
    0000069D CDr00r00         [24] 2552 	call	_is_coin
    000006A0 CB 47            [ 8] 2553 	bit	0,a
    000006A2 28 13            [12] 2554 	jr	Z, 00169$
                                   2555 ;src/player.c:443: player_y_next + PLAYER_TOP_MARGIN);
    000006A4 FAr16r00         [16] 2556 	ld	a, (_player_y_next)
    000006A7 C6 08            [ 8] 2557 	add	a, #0x08
    000006A9 5F               [ 4] 2558 	ld	e, a
                                   2559 ;src/player.c:442: on_get_coin_background(player_x_next - camera_x,
    000006AA FAr14r00         [16] 2560 	ld	a, (_player_x_next)
    000006AD 21r00r00         [12] 2561 	ld	hl, #_camera_x
    000006B0 4E               [ 8] 2562 	ld	c, (hl)
    000006B1 91               [ 4] 2563 	sub	a, c
    000006B2 CDr00r00         [24] 2564 	call	_on_get_coin_background
    000006B5 18 1B            [12] 2565 	jr	00170$
    000006B7                       2566 00169$:
                                   2567 ;src/player.c:444: } else if (is_coin(tile_next_2)) {
    000006B7 FAr23r00         [16] 2568 	ld	a, (_tile_next_2)
    000006BA CDr00r00         [24] 2569 	call	_is_coin
    000006BD CB 47            [ 8] 2570 	bit	0,a
    000006BF 28 11            [12] 2571 	jr	Z, 00170$
                                   2572 ;src/player.c:446: player_y_next + marioSprites_HEIGHT - 1);
    000006C1 FAr16r00         [16] 2573 	ld	a, (_player_y_next)
    000006C4 C6 0F            [ 8] 2574 	add	a, #0x0f
    000006C6 5F               [ 4] 2575 	ld	e, a
                                   2576 ;src/player.c:445: on_get_coin_background(player_x_next - camera_x,
    000006C7 FAr14r00         [16] 2577 	ld	a, (_player_x_next)
    000006CA 21r00r00         [12] 2578 	ld	hl, #_camera_x
    000006CD 4E               [ 8] 2579 	ld	c, (hl)
    000006CE 91               [ 4] 2580 	sub	a, c
    000006CF CDr00r00         [24] 2581 	call	_on_get_coin_background
    000006D2                       2582 00170$:
                                   2583 ;src/player.c:449: player_x_upscaled = player_x_next_upscaled;
    000006D2 FAr0Cr00         [16] 2584 	ld	a, (#_player_x_next_upscaled)
    000006D5 EAr08r00         [16] 2585 	ld	(#_player_x_upscaled),a
    000006D8 FAr0Dr00         [16] 2586 	ld	a, (#_player_x_next_upscaled + 1)
    000006DB 21r09r00         [12] 2587 	ld	hl, #_player_x_upscaled + 1
                                   2588 ;src/player.c:450: player_x = player_x_upscaled >> 4;
    000006DE 32               [ 8] 2589 	ld	(hl-), a
    000006DF 7E               [ 8] 2590 	ld	a, (hl)
    000006E0 EAr10r00         [16] 2591 	ld	(#_player_x),a
    000006E3 FAr09r00         [16] 2592 	ld	a, (#_player_x_upscaled + 1)
    000006E6 21r11r00         [12] 2593 	ld	hl, #_player_x + 1
    000006E9 77               [ 8] 2594 	ld	(hl), a
    000006EA CB 3E            [16] 2595 	srl	(hl)
    000006EC 2B               [ 8] 2596 	dec	hl
    000006ED CB 1E            [16] 2597 	rr	(hl)
    000006EF 23               [ 8] 2598 	inc	hl
    000006F0 CB 3E            [16] 2599 	srl	(hl)
    000006F2 2B               [ 8] 2600 	dec	hl
    000006F3 CB 1E            [16] 2601 	rr	(hl)
    000006F5 23               [ 8] 2602 	inc	hl
    000006F6 CB 3E            [16] 2603 	srl	(hl)
    000006F8 2B               [ 8] 2604 	dec	hl
    000006F9 CB 1E            [16] 2605 	rr	(hl)
    000006FB 23               [ 8] 2606 	inc	hl
    000006FC CB 3E            [16] 2607 	srl	(hl)
    000006FE 2B               [ 8] 2608 	dec	hl
    000006FF CB 1E            [16] 2609 	rr	(hl)
    00000701                       2610 00180$:
                                   2611 ;src/player.c:454: player_x_next_upscaled = player_x_upscaled;
    00000701 FAr08r00         [16] 2612 	ld	a, (#_player_x_upscaled)
    00000704 EAr0Cr00         [16] 2613 	ld	(#_player_x_next_upscaled),a
    00000707 FAr09r00         [16] 2614 	ld	a, (#_player_x_upscaled + 1)
    0000070A EAr0Dr00         [16] 2615 	ld	(#_player_x_next_upscaled + 1),a
                                   2616 ;src/player.c:455: player_y_next_upscaled = player_y_upscaled + vel_y;
    0000070D FAr1Br00         [16] 2617 	ld	a, (_vel_y)
    00000710 4F               [ 4] 2618 	ld	c, a
    00000711 07               [ 4] 2619 	rlca
    00000712 9F               [ 4] 2620 	sbc	a, a
    00000713 47               [ 4] 2621 	ld	b, a
    00000714 FAr0Ar00         [16] 2622 	ld	a, (_player_y_upscaled)
    00000717 6F               [ 4] 2623 	ld	l, a
    00000718 FAr0Br00         [16] 2624 	ld	a, (_player_y_upscaled + 1)
    0000071B 67               [ 4] 2625 	ld	h, a
    0000071C 09               [ 8] 2626 	add	hl, bc
    0000071D 4D               [ 4] 2627 	ld	c, l
    0000071E 44               [ 4] 2628 	ld	b, h
    0000071F 21r0Er00         [12] 2629 	ld	hl, #_player_y_next_upscaled
    00000722 79               [ 4] 2630 	ld	a, c
    00000723 22               [ 8] 2631 	ld	(hl+), a
    00000724 70               [ 8] 2632 	ld	(hl), b
                                   2633 ;src/player.c:457: player_x_next = player_x_next_upscaled >> 4;
    00000725 FAr0Cr00         [16] 2634 	ld	a, (#_player_x_next_upscaled)
    00000728 EAr14r00         [16] 2635 	ld	(#_player_x_next),a
    0000072B FAr0Dr00         [16] 2636 	ld	a, (#_player_x_next_upscaled + 1)
    0000072E 21r15r00         [12] 2637 	ld	hl, #_player_x_next + 1
    00000731 77               [ 8] 2638 	ld	(hl), a
    00000732 CB 3E            [16] 2639 	srl	(hl)
    00000734 2B               [ 8] 2640 	dec	hl
    00000735 CB 1E            [16] 2641 	rr	(hl)
    00000737 23               [ 8] 2642 	inc	hl
    00000738 CB 3E            [16] 2643 	srl	(hl)
    0000073A 2B               [ 8] 2644 	dec	hl
    0000073B CB 1E            [16] 2645 	rr	(hl)
    0000073D 23               [ 8] 2646 	inc	hl
    0000073E CB 3E            [16] 2647 	srl	(hl)
    00000740 2B               [ 8] 2648 	dec	hl
    00000741 CB 1E            [16] 2649 	rr	(hl)
    00000743 23               [ 8] 2650 	inc	hl
    00000744 CB 3E            [16] 2651 	srl	(hl)
    00000746 2B               [ 8] 2652 	dec	hl
    00000747 CB 1E            [16] 2653 	rr	(hl)
                                   2654 ;src/player.c:458: player_y_next = player_y_next_upscaled >> 4;
    00000749 FAr0Er00         [16] 2655 	ld	a, (#_player_y_next_upscaled)
    0000074C EAr16r00         [16] 2656 	ld	(#_player_y_next),a
    0000074F FAr0Fr00         [16] 2657 	ld	a, (#_player_y_next_upscaled + 1)
    00000752 21r17r00         [12] 2658 	ld	hl, #_player_y_next + 1
    00000755 77               [ 8] 2659 	ld	(hl), a
    00000756 CB 3E            [16] 2660 	srl	(hl)
    00000758 2B               [ 8] 2661 	dec	hl
    00000759 CB 1E            [16] 2662 	rr	(hl)
    0000075B 23               [ 8] 2663 	inc	hl
    0000075C CB 3E            [16] 2664 	srl	(hl)
    0000075E 2B               [ 8] 2665 	dec	hl
    0000075F CB 1E            [16] 2666 	rr	(hl)
    00000761 23               [ 8] 2667 	inc	hl
    00000762 CB 3E            [16] 2668 	srl	(hl)
    00000764 2B               [ 8] 2669 	dec	hl
    00000765 CB 1E            [16] 2670 	rr	(hl)
    00000767 23               [ 8] 2671 	inc	hl
    00000768 CB 3E            [16] 2672 	srl	(hl)
    0000076A 2B               [ 8] 2673 	dec	hl
    0000076B CB 1E            [16] 2674 	rr	(hl)
                                   2675 ;src/player.c:372: player_y_next + PLAYER_TOP_MARGIN);
    0000076D 7E               [ 8] 2676 	ld	a, (hl)
                                   2677 ;src/player.c:370: tile_next_1 = get_tile(player_x_next + MARIO_WIDTH -
    0000076E 21r14r00         [12] 2678 	ld	hl, #_player_x_next
    00000771 4E               [ 8] 2679 	ld	c, (hl)
                                   2680 ;src/player.c:371: PLAYER_HORIZONTAL_MARGIN - camera_x,
    00000772 21r00r00         [12] 2681 	ld	hl, #_camera_x
    00000775 46               [ 8] 2682 	ld	b, (hl)
                                   2683 ;src/player.c:372: player_y_next + PLAYER_TOP_MARGIN);
    00000776 F8 03            [12] 2684 	ldhl	sp,	#3
                                   2685 ;src/player.c:370: tile_next_1 = get_tile(player_x_next + MARIO_WIDTH -
    00000778 22               [ 8] 2686 	ld	(hl+), a
                                   2687 ;src/player.c:371: PLAYER_HORIZONTAL_MARGIN - camera_x,
    00000779 79               [ 4] 2688 	ld	a, c
    0000077A 22               [ 8] 2689 	ld	(hl+), a
    0000077B 70               [ 8] 2690 	ld	(hl), b
                                   2691 ;src/player.c:460: if (vel_y > 0) {
    0000077C 21r1Br00         [12] 2692 	ld	hl, #_vel_y
    0000077F 5E               [ 8] 2693 	ld	e, (hl)
    00000780 AF               [ 4] 2694 	xor	a, a
    00000781 57               [ 4] 2695 	ld	d, a
    00000782 96               [ 8] 2696 	sub	a, (hl)
    00000783 CB 7B            [ 8] 2697 	bit	7, e
    00000785 28 07            [12] 2698 	jr	Z, 00710$
    00000787 CB 7A            [ 8] 2699 	bit	7, d
    00000789 20 08            [12] 2700 	jr	NZ, 00711$
    0000078B BF               [ 4] 2701 	cp	a, a
    0000078C 18 05            [12] 2702 	jr	00711$
    0000078E                       2703 00710$:
    0000078E CB 7A            [ 8] 2704 	bit	7, d
    00000790 28 01            [12] 2705 	jr	Z, 00711$
    00000792 37               [ 4] 2706 	scf
    00000793                       2707 00711$:
    00000793 D2r88r08         [16] 2708 	jp	NC, 00219$
                                   2709 ;src/player.c:463: player_y_next + marioSprites_HEIGHT - 1);
    00000796 F8 03            [12] 2710 	ldhl	sp,	#3
                                   2711 ;src/player.c:461: tile_next_1 = get_tile(player_x_next + MARIO_WIDTH -
    00000798 2A               [ 8] 2712 	ld	a, (hl+)
    00000799 C6 0F            [ 8] 2713 	add	a, #0x0f
    0000079B 5F               [ 4] 2714 	ld	e, a
                                   2715 ;src/player.c:462: PLAYER_HORIZONTAL_MARGIN - camera_x,
    0000079C 2A               [ 8] 2716 	ld	a, (hl+)
    0000079D C6 06            [ 8] 2717 	add	a, #0x06
    0000079F 96               [ 8] 2718 	sub	a, (hl)
    000007A0 CDr00r00         [24] 2719 	call	_get_tile
    000007A3 EAr22r00         [16] 2720 	ld	(#_tile_next_1),a
                                   2721 ;src/player.c:465: player_y_next + marioSprites_HEIGHT - 1);
    000007A6 FAr16r00         [16] 2722 	ld	a, (_player_y_next)
    000007A9 C6 0F            [ 8] 2723 	add	a, #0x0f
    000007AB 5F               [ 4] 2724 	ld	e, a
                                   2725 ;src/player.c:464: tile_next_2 = get_tile(player_x_next + PLAYER_HORIZONTAL_MARGIN - camera_x,
    000007AC FAr14r00         [16] 2726 	ld	a, (_player_x_next)
    000007AF C6 02            [ 8] 2727 	add	a, #0x02
    000007B1 21r00r00         [12] 2728 	ld	hl, #_camera_x
    000007B4 4E               [ 8] 2729 	ld	c, (hl)
    000007B5 91               [ 4] 2730 	sub	a, c
    000007B6 CDr00r00         [24] 2731 	call	_get_tile
    000007B9 EAr23r00         [16] 2732 	ld	(#_tile_next_2),a
                                   2733 ;src/player.c:467: if (is_tile_solid(tile_next_1) || is_tile_solid(tile_next_2) ||
    000007BC FAr22r00         [16] 2734 	ld	a, (_tile_next_1)
    000007BF CDr00r00         [24] 2735 	call	_is_tile_solid
    000007C2 CB 47            [ 8] 2736 	bit	0,a
    000007C4 20 18            [12] 2737 	jr	NZ, 00186$
    000007C6 FAr23r00         [16] 2738 	ld	a, (_tile_next_2)
    000007C9 CDr00r00         [24] 2739 	call	_is_tile_solid
    000007CC CB 47            [ 8] 2740 	bit	0,a
    000007CE 20 0E            [12] 2741 	jr	NZ, 00186$
                                   2742 ;src/player.c:468: is_tile_passthought(tile_next_1, tile_next_2)) {
    000007D0 FAr23r00         [16] 2743 	ld	a, (_tile_next_2)
    000007D3 5F               [ 4] 2744 	ld	e, a
    000007D4 FAr22r00         [16] 2745 	ld	a, (_tile_next_1)
    000007D7 CDr00r00         [24] 2746 	call	_is_tile_passthought
    000007DA CB 47            [ 8] 2747 	bit	0,a
    000007DC 28 38            [12] 2748 	jr	Z, 00187$
    000007DE                       2749 00186$:
                                   2750 ;src/player.c:469: player_on_touch_ground();
    000007DE CDr22r06         [24] 2751 	call	_player_on_touch_ground
                                   2752 ;src/player.c:470: player_y = TILE_ALIGN(player_y_next) - 8;
    000007E1 FAr16r00         [16] 2753 	ld	a, (_player_y_next)
    000007E4 21r17r00         [12] 2754 	ld	hl, #_player_y_next + 1
    000007E7 66               [ 8] 2755 	ld	h, (hl)
    000007E8 6F               [ 4] 2756 	ld	l, a
    000007E9 11 07 00         [12] 2757 	ld	de, #0x0007
    000007EC 19               [ 8] 2758 	add	hl, de
    000007ED 7D               [ 4] 2759 	ld	a, l
    000007EE E6 F8            [ 8] 2760 	and	a, #0xf8
    000007F0 C6 F8            [ 8] 2761 	add	a, #0xf8
    000007F2 4F               [ 4] 2762 	ld	c, a
    000007F3 7C               [ 4] 2763 	ld	a, h
    000007F4 CE FF            [ 8] 2764 	adc	a, #0xff
    000007F6 21r12r00         [12] 2765 	ld	hl, #_player_y
    000007F9 71               [ 8] 2766 	ld	(hl), c
    000007FA 23               [ 8] 2767 	inc	hl
                                   2768 ;src/player.c:471: player_y_upscaled = player_y << 4;
    000007FB 32               [ 8] 2769 	ld	(hl-), a
    000007FC 7E               [ 8] 2770 	ld	a, (hl)
    000007FD EAr0Ar00         [16] 2771 	ld	(#_player_y_upscaled),a
    00000800 FAr13r00         [16] 2772 	ld	a, (#_player_y + 1)
    00000803 EAr0Br00         [16] 2773 	ld	(#_player_y_upscaled + 1),a
    00000806 3E 04            [ 8] 2774 	ld	a, #0x04
    00000808                       2775 00712$:
    00000808 21r0Ar00         [12] 2776 	ld	hl, #_player_y_upscaled
    0000080B CB 26            [16] 2777 	sla	(hl)
    0000080D 23               [ 8] 2778 	inc	hl
    0000080E CB 16            [16] 2779 	rl	(hl)
    00000810 3D               [ 4] 2780 	dec	a
    00000811 20 F5            [12] 2781 	jr	NZ, 00712$
    00000813 C3r1Dr0A         [16] 2782 	jp	00220$
    00000816                       2783 00187$:
                                   2784 ;src/player.c:473: touch_ground = FALSE;
    00000816 AF               [ 4] 2785 	xor	a, a
    00000817 EAr03r00         [16] 2786 	ld	(#_touch_ground),a
                                   2787 ;src/player.c:475: if (is_coin(tile_next_1)) {
    0000081A FAr22r00         [16] 2788 	ld	a, (_tile_next_1)
    0000081D CDr00r00         [24] 2789 	call	_is_coin
    00000820 CB 47            [ 8] 2790 	bit	0,a
    00000822 28 15            [12] 2791 	jr	Z, 00184$
                                   2792 ;src/player.c:478: player_y_next + marioSprites_HEIGHT - 1);
    00000824 FAr16r00         [16] 2793 	ld	a, (_player_y_next)
    00000827 C6 0F            [ 8] 2794 	add	a, #0x0f
    00000829 5F               [ 4] 2795 	ld	e, a
                                   2796 ;src/player.c:476: on_get_coin_background(player_x_next + MARIO_WIDTH -
    0000082A FAr14r00         [16] 2797 	ld	a, (_player_x_next)
    0000082D C6 06            [ 8] 2798 	add	a, #0x06
                                   2799 ;src/player.c:477: PLAYER_HORIZONTAL_MARGIN - camera_x,
    0000082F 21r00r00         [12] 2800 	ld	hl, #_camera_x
    00000832 4E               [ 8] 2801 	ld	c, (hl)
    00000833 91               [ 4] 2802 	sub	a, c
    00000834 CDr00r00         [24] 2803 	call	_on_get_coin_background
    00000837 18 1D            [12] 2804 	jr	00185$
    00000839                       2805 00184$:
                                   2806 ;src/player.c:479: } else if (is_coin(tile_next_2)) {
    00000839 FAr23r00         [16] 2807 	ld	a, (_tile_next_2)
    0000083C CDr00r00         [24] 2808 	call	_is_coin
    0000083F CB 47            [ 8] 2809 	bit	0,a
    00000841 28 13            [12] 2810 	jr	Z, 00185$
                                   2811 ;src/player.c:482: player_y_next + marioSprites_HEIGHT - 1);
    00000843 FAr16r00         [16] 2812 	ld	a, (_player_y_next)
    00000846 C6 0F            [ 8] 2813 	add	a, #0x0f
    00000848 5F               [ 4] 2814 	ld	e, a
                                   2815 ;src/player.c:480: on_get_coin_background(player_x_next + PLAYER_HORIZONTAL_MARGIN -
    00000849 FAr14r00         [16] 2816 	ld	a, (_player_x_next)
    0000084C C6 02            [ 8] 2817 	add	a, #0x02
                                   2818 ;src/player.c:481: camera_x,
    0000084E 21r00r00         [12] 2819 	ld	hl, #_camera_x
    00000851 4E               [ 8] 2820 	ld	c, (hl)
    00000852 91               [ 4] 2821 	sub	a, c
    00000853 CDr00r00         [24] 2822 	call	_on_get_coin_background
    00000856                       2823 00185$:
                                   2824 ;src/player.c:485: player_y_upscaled = player_y_next_upscaled;
    00000856 FAr0Er00         [16] 2825 	ld	a, (#_player_y_next_upscaled)
    00000859 EAr0Ar00         [16] 2826 	ld	(#_player_y_upscaled),a
    0000085C FAr0Fr00         [16] 2827 	ld	a, (#_player_y_next_upscaled + 1)
    0000085F 21r0Br00         [12] 2828 	ld	hl, #_player_y_upscaled + 1
                                   2829 ;src/player.c:486: player_y = player_y_upscaled >> 4;
    00000862 32               [ 8] 2830 	ld	(hl-), a
    00000863 7E               [ 8] 2831 	ld	a, (hl)
    00000864 EAr12r00         [16] 2832 	ld	(#_player_y),a
    00000867 FAr0Br00         [16] 2833 	ld	a, (#_player_y_upscaled + 1)
    0000086A 21r13r00         [12] 2834 	ld	hl, #_player_y + 1
    0000086D 77               [ 8] 2835 	ld	(hl), a
    0000086E CB 3E            [16] 2836 	srl	(hl)
    00000870 2B               [ 8] 2837 	dec	hl
    00000871 CB 1E            [16] 2838 	rr	(hl)
    00000873 23               [ 8] 2839 	inc	hl
    00000874 CB 3E            [16] 2840 	srl	(hl)
    00000876 2B               [ 8] 2841 	dec	hl
    00000877 CB 1E            [16] 2842 	rr	(hl)
    00000879 23               [ 8] 2843 	inc	hl
    0000087A CB 3E            [16] 2844 	srl	(hl)
    0000087C 2B               [ 8] 2845 	dec	hl
    0000087D CB 1E            [16] 2846 	rr	(hl)
    0000087F 23               [ 8] 2847 	inc	hl
    00000880 CB 3E            [16] 2848 	srl	(hl)
    00000882 2B               [ 8] 2849 	dec	hl
    00000883 CB 1E            [16] 2850 	rr	(hl)
    00000885 C3r1Dr0A         [16] 2851 	jp	00220$
    00000888                       2852 00219$:
                                   2853 ;src/player.c:488: } else if (vel_y < 0) {
    00000888 FAr1Br00         [16] 2854 	ld	a, (#_vel_y)
    0000088B CB 7F            [ 8] 2855 	bit	7, a
    0000088D CAr1Dr0A         [16] 2856 	jp	Z, 00220$
                                   2857 ;src/player.c:490: player_y_next + PLAYER_TOP_MARGIN);
    00000890 F8 03            [12] 2858 	ldhl	sp,	#3
                                   2859 ;src/player.c:489: tile_next_1 = get_tile(player_x_next + PLAYER_HORIZONTAL_MARGIN - camera_x,
    00000892 2A               [ 8] 2860 	ld	a, (hl+)
    00000893 C6 08            [ 8] 2861 	add	a, #0x08
    00000895 5F               [ 4] 2862 	ld	e, a
    00000896 2A               [ 8] 2863 	ld	a, (hl+)
    00000897 3C               [ 4] 2864 	inc	a
    00000898 3C               [ 4] 2865 	inc	a
    00000899 96               [ 8] 2866 	sub	a, (hl)
    0000089A CDr00r00         [24] 2867 	call	_get_tile
    0000089D EAr22r00         [16] 2868 	ld	(#_tile_next_1),a
                                   2869 ;src/player.c:493: player_y_next + PLAYER_TOP_MARGIN);
    000008A0 FAr16r00         [16] 2870 	ld	a, (_player_y_next)
    000008A3 C6 08            [ 8] 2871 	add	a, #0x08
    000008A5 5F               [ 4] 2872 	ld	e, a
                                   2873 ;src/player.c:491: tile_next_2 = get_tile(player_x_next + MARIO_WIDTH -
    000008A6 FAr14r00         [16] 2874 	ld	a, (_player_x_next)
    000008A9 C6 06            [ 8] 2875 	add	a, #0x06
                                   2876 ;src/player.c:492: PLAYER_HORIZONTAL_MARGIN - camera_x,
    000008AB 21r00r00         [12] 2877 	ld	hl, #_camera_x
    000008AE 4E               [ 8] 2878 	ld	c, (hl)
    000008AF 91               [ 4] 2879 	sub	a, c
    000008B0 CDr00r00         [24] 2880 	call	_get_tile
    000008B3 EAr23r00         [16] 2881 	ld	(#_tile_next_2),a
                                   2882 ;src/player.c:494: if (is_tile_solid(tile_next_1) || is_tile_solid(tile_next_2)) {
    000008B6 FAr22r00         [16] 2883 	ld	a, (_tile_next_1)
    000008B9 CDr00r00         [24] 2884 	call	_is_tile_solid
    000008BC CB 47            [ 8] 2885 	bit	0,a
    000008BE 20 0B            [12] 2886 	jr	NZ, 00212$
    000008C0 FAr23r00         [16] 2887 	ld	a, (_tile_next_2)
    000008C3 CDr00r00         [24] 2888 	call	_is_tile_solid
    000008C6 CB 47            [ 8] 2889 	bit	0,a
    000008C8 CArEEr09         [16] 2890 	jp	Z, 00213$
    000008CB                       2891 00212$:
                                   2892 ;src/player.c:372: player_y_next + PLAYER_TOP_MARGIN);
    000008CB FAr16r00         [16] 2893 	ld	a, (_player_y_next)
                                   2894 ;src/player.c:370: tile_next_1 = get_tile(player_x_next + MARIO_WIDTH -
    000008CE 21r14r00         [12] 2895 	ld	hl, #_player_x_next
    000008D1 46               [ 8] 2896 	ld	b, (hl)
                                   2897 ;src/player.c:371: PLAYER_HORIZONTAL_MARGIN - camera_x,
    000008D2 21r00r00         [12] 2898 	ld	hl, #_camera_x
    000008D5 4E               [ 8] 2899 	ld	c, (hl)
                                   2900 ;src/player.c:372: player_y_next + PLAYER_TOP_MARGIN);
                                   2901 ;src/player.c:370: tile_next_1 = get_tile(player_x_next + MARIO_WIDTH -
                                   2902 ;src/player.c:371: PLAYER_HORIZONTAL_MARGIN - camera_x,
                                   2903 ;src/player.c:372: player_y_next + PLAYER_TOP_MARGIN);
    000008D6 C6 08            [ 8] 2904 	add	a, #0x08
    000008D8 5F               [ 4] 2905 	ld	e, a
                                   2906 ;src/player.c:495: if (tile_next_1 == TILE_INTEROGATION_BLOCK) {
    000008D9 FAr22r00         [16] 2907 	ld	a, (#_tile_next_1)
    000008DC D6 2C            [ 8] 2908 	sub	a, #0x2c
    000008DE 20 09            [12] 2909 	jr	NZ, 00194$
                                   2910 ;src/player.c:496: on_interogation_block_hit(player_x_next + PLAYER_HORIZONTAL_MARGIN -
    000008E0 78               [ 4] 2911 	ld	a, b
    000008E1 3C               [ 4] 2912 	inc	a
    000008E2 3C               [ 4] 2913 	inc	a
                                   2914 ;src/player.c:497: camera_x,
    000008E3 91               [ 4] 2915 	sub	a, c
    000008E4 CDr00r00         [24] 2916 	call	_on_interogation_block_hit
    000008E7 18 0E            [12] 2917 	jr	00195$
    000008E9                       2918 00194$:
                                   2919 ;src/player.c:499: } else if (tile_next_2 == TILE_INTEROGATION_BLOCK) {
    000008E9 FAr23r00         [16] 2920 	ld	a, (#_tile_next_2)
    000008EC D6 2C            [ 8] 2921 	sub	a, #0x2c
    000008EE 20 07            [12] 2922 	jr	NZ, 00195$
                                   2923 ;src/player.c:500: on_interogation_block_hit(player_x_next + MARIO_WIDTH -
    000008F0 78               [ 4] 2924 	ld	a, b
    000008F1 C6 06            [ 8] 2925 	add	a, #0x06
                                   2926 ;src/player.c:501: PLAYER_HORIZONTAL_MARGIN - camera_x,
    000008F3 91               [ 4] 2927 	sub	a, c
    000008F4 CDr00r00         [24] 2928 	call	_on_interogation_block_hit
    000008F7                       2929 00195$:
                                   2930 ;src/player.c:372: player_y_next + PLAYER_TOP_MARGIN);
    000008F7 FAr16r00         [16] 2931 	ld	a, (_player_y_next)
                                   2932 ;src/player.c:370: tile_next_1 = get_tile(player_x_next + MARIO_WIDTH -
    000008FA 21r14r00         [12] 2933 	ld	hl, #_player_x_next
    000008FD 4E               [ 8] 2934 	ld	c, (hl)
                                   2935 ;src/player.c:371: PLAYER_HORIZONTAL_MARGIN - camera_x,
    000008FE 21r00r00         [12] 2936 	ld	hl, #_camera_x
    00000901 5E               [ 8] 2937 	ld	e, (hl)
                                   2938 ;src/player.c:372: player_y_next + PLAYER_TOP_MARGIN);
                                   2939 ;src/player.c:370: tile_next_1 = get_tile(player_x_next + MARIO_WIDTH -
                                   2940 ;src/player.c:371: PLAYER_HORIZONTAL_MARGIN - camera_x,
    00000902 F8 05            [12] 2941 	ldhl	sp,	#5
    00000904 73               [ 8] 2942 	ld	(hl), e
                                   2943 ;src/player.c:372: player_y_next + PLAYER_TOP_MARGIN);
    00000905 C6 08            [ 8] 2944 	add	a, #0x08
    00000907 5F               [ 4] 2945 	ld	e, a
                                   2946 ;src/player.c:504: if (tile_next_1 == BREAKABLE_BLOCK) {
    00000908 FAr22r00         [16] 2947 	ld	a, (#_tile_next_1)
    0000090B D6 2A            [ 8] 2948 	sub	a, #0x2a
    0000090D 20 24            [12] 2949 	jr	NZ, 00205$
                                   2950 ;src/player.c:489: tile_next_1 = get_tile(player_x_next + PLAYER_HORIZONTAL_MARGIN - camera_x,
    0000090F 79               [ 4] 2951 	ld	a, c
    00000910 3C               [ 4] 2952 	inc	a
    00000911 3C               [ 4] 2953 	inc	a
                                   2954 ;src/player.c:506: on_break_tile(player_x_next + PLAYER_HORIZONTAL_MARGIN - camera_x,
    00000912 F8 05            [12] 2955 	ldhl	sp,	#5
    00000914 96               [ 8] 2956 	sub	a, (hl)
    00000915 47               [ 4] 2957 	ld	b, a
                                   2958 ;src/player.c:505: if (player_is_big) {
    00000916 21r08r00         [12] 2959 	ld	hl, #_player_is_big
    00000919 CB 46            [12] 2960 	bit	0, (hl)
    0000091B 28 06            [12] 2961 	jr	Z, 00197$
                                   2962 ;src/player.c:506: on_break_tile(player_x_next + PLAYER_HORIZONTAL_MARGIN - camera_x,
    0000091D 78               [ 4] 2963 	ld	a, b
    0000091E CDr00r00         [24] 2964 	call	_on_break_tile
    00000921 18 39            [12] 2965 	jr	00206$
    00000923                       2966 00197$:
                                   2967 ;src/player.c:509: on_block_bump(player_x_next + PLAYER_HORIZONTAL_MARGIN - camera_x,
    00000923 7B               [ 4] 2968 	ld	a, e
    00000924 F5               [16] 2969 	push	af
    00000925 33               [ 8] 2970 	inc	sp
    00000926 C5               [16] 2971 	push	bc
    00000927 33               [ 8] 2972 	inc	sp
    00000928 1Er00            [ 8] 2973 	ld	e, #b_on_block_bump
    0000092A 21r00r00         [12] 2974 	ld	hl, #_on_block_bump
    0000092D CDr00r00         [24] 2975 	call	___sdcc_bcall_ehl
    00000930 E1               [12] 2976 	pop	hl
    00000931 18 29            [12] 2977 	jr	00206$
    00000933                       2978 00205$:
                                   2979 ;src/player.c:512: } else if (tile_next_2 == BREAKABLE_BLOCK) {
    00000933 FAr23r00         [16] 2980 	ld	a, (#_tile_next_2)
    00000936 D6 2A            [ 8] 2981 	sub	a, #0x2a
    00000938 20 22            [12] 2982 	jr	NZ, 00206$
                                   2983 ;src/player.c:461: tile_next_1 = get_tile(player_x_next + MARIO_WIDTH -
    0000093A 79               [ 4] 2984 	ld	a, c
    0000093B C6 06            [ 8] 2985 	add	a, #0x06
                                   2986 ;src/player.c:515: camera_x,
    0000093D F8 05            [12] 2987 	ldhl	sp,	#5
    0000093F 96               [ 8] 2988 	sub	a, (hl)
    00000940 47               [ 4] 2989 	ld	b, a
                                   2990 ;src/player.c:513: if (player_is_big) {
    00000941 21r08r00         [12] 2991 	ld	hl, #_player_is_big
    00000944 CB 46            [12] 2992 	bit	0, (hl)
    00000946 28 06            [12] 2993 	jr	Z, 00200$
                                   2994 ;src/player.c:515: camera_x,
    00000948 78               [ 4] 2995 	ld	a, b
    00000949 CDr00r00         [24] 2996 	call	_on_break_tile
    0000094C 18 0E            [12] 2997 	jr	00206$
    0000094E                       2998 00200$:
                                   2999 ;src/player.c:519: camera_x,
    0000094E 7B               [ 4] 3000 	ld	a, e
    0000094F F5               [16] 3001 	push	af
    00000950 33               [ 8] 3002 	inc	sp
    00000951 C5               [16] 3003 	push	bc
    00000952 33               [ 8] 3004 	inc	sp
    00000953 1Er00            [ 8] 3005 	ld	e, #b_on_block_bump
    00000955 21r00r00         [12] 3006 	ld	hl, #_on_block_bump
    00000958 CDr00r00         [24] 3007 	call	___sdcc_bcall_ehl
    0000095B E1               [12] 3008 	pop	hl
    0000095C                       3009 00206$:
                                   3010 ;src/player.c:524: if (is_coin(tile_next_1)) {
    0000095C FAr22r00         [16] 3011 	ld	a, (_tile_next_1)
    0000095F CDr00r00         [24] 3012 	call	_is_coin
    00000962 CB 47            [ 8] 3013 	bit	0,a
    00000964 28 15            [12] 3014 	jr	Z, 00210$
                                   3015 ;src/player.c:527: player_y_next + PLAYER_TOP_MARGIN);
    00000966 FAr16r00         [16] 3016 	ld	a, (_player_y_next)
    00000969 C6 08            [ 8] 3017 	add	a, #0x08
    0000096B 5F               [ 4] 3018 	ld	e, a
                                   3019 ;src/player.c:525: on_get_coin_background(player_x_next + PLAYER_HORIZONTAL_MARGIN -
    0000096C FAr14r00         [16] 3020 	ld	a, (_player_x_next)
    0000096F C6 02            [ 8] 3021 	add	a, #0x02
                                   3022 ;src/player.c:526: camera_x,
    00000971 21r00r00         [12] 3023 	ld	hl, #_camera_x
    00000974 4E               [ 8] 3024 	ld	c, (hl)
    00000975 91               [ 4] 3025 	sub	a, c
    00000976 CDr00r00         [24] 3026 	call	_on_get_coin_background
    00000979 18 1D            [12] 3027 	jr	00211$
    0000097B                       3028 00210$:
                                   3029 ;src/player.c:528: } else if (is_coin(tile_next_2)) {
    0000097B FAr23r00         [16] 3030 	ld	a, (_tile_next_2)
    0000097E CDr00r00         [24] 3031 	call	_is_coin
    00000981 CB 47            [ 8] 3032 	bit	0,a
    00000983 28 13            [12] 3033 	jr	Z, 00211$
                                   3034 ;src/player.c:531: player_y_next + PLAYER_TOP_MARGIN);
    00000985 FAr16r00         [16] 3035 	ld	a, (_player_y_next)
    00000988 C6 08            [ 8] 3036 	add	a, #0x08
    0000098A 5F               [ 4] 3037 	ld	e, a
                                   3038 ;src/player.c:529: on_get_coin_background(player_x_next + MARIO_WIDTH -
    0000098B FAr14r00         [16] 3039 	ld	a, (_player_x_next)
    0000098E C6 06            [ 8] 3040 	add	a, #0x06
                                   3041 ;src/player.c:530: PLAYER_HORIZONTAL_MARGIN - camera_x,
    00000990 21r00r00         [12] 3042 	ld	hl, #_camera_x
    00000993 4E               [ 8] 3043 	ld	c, (hl)
    00000994 91               [ 4] 3044 	sub	a, c
    00000995 CDr00r00         [24] 3045 	call	_on_get_coin_background
    00000998                       3046 00211$:
                                   3047 ;src/player.c:534: player_y_upscaled = ((player_y_next_upscaled >> 3) << 3) + 32;
    00000998 21r0Er00         [12] 3048 	ld	hl, #_player_y_next_upscaled
    0000099B 2A               [ 8] 3049 	ld	a, (hl+)
    0000099C 4F               [ 4] 3050 	ld	c, a
    0000099D 46               [ 8] 3051 	ld	b, (hl)
    0000099E CB 38            [ 8] 3052 	srl	b
    000009A0 CB 19            [ 8] 3053 	rr	c
    000009A2 CB 38            [ 8] 3054 	srl	b
    000009A4 CB 19            [ 8] 3055 	rr	c
    000009A6 CB 38            [ 8] 3056 	srl	b
    000009A8 CB 19            [ 8] 3057 	rr	c
    000009AA 69               [ 4] 3058 	ld	l, c
    000009AB 60               [ 4] 3059 	ld	h, b
    000009AC 29               [ 8] 3060 	add	hl, hl
    000009AD 29               [ 8] 3061 	add	hl, hl
    000009AE 29               [ 8] 3062 	add	hl, hl
    000009AF 01 20 00         [12] 3063 	ld	bc, #0x0020
    000009B2 09               [ 8] 3064 	add	hl, bc
    000009B3 5D               [ 4] 3065 	ld	e, l
    000009B4 54               [ 4] 3066 	ld	d, h
    000009B5 21r0Ar00         [12] 3067 	ld	hl, #_player_y_upscaled
    000009B8 7B               [ 4] 3068 	ld	a, e
    000009B9 22               [ 8] 3069 	ld	(hl+), a
    000009BA 72               [ 8] 3070 	ld	(hl), d
                                   3071 ;src/player.c:535: player_y = player_y_upscaled >> 4;
    000009BB FAr0Ar00         [16] 3072 	ld	a, (#_player_y_upscaled)
    000009BE EAr12r00         [16] 3073 	ld	(#_player_y),a
    000009C1 FAr0Br00         [16] 3074 	ld	a, (#_player_y_upscaled + 1)
    000009C4 21r13r00         [12] 3075 	ld	hl, #_player_y + 1
    000009C7 77               [ 8] 3076 	ld	(hl), a
    000009C8 CB 3E            [16] 3077 	srl	(hl)
    000009CA 2B               [ 8] 3078 	dec	hl
    000009CB CB 1E            [16] 3079 	rr	(hl)
    000009CD 23               [ 8] 3080 	inc	hl
    000009CE CB 3E            [16] 3081 	srl	(hl)
    000009D0 2B               [ 8] 3082 	dec	hl
    000009D1 CB 1E            [16] 3083 	rr	(hl)
    000009D3 23               [ 8] 3084 	inc	hl
    000009D4 CB 3E            [16] 3085 	srl	(hl)
    000009D6 2B               [ 8] 3086 	dec	hl
    000009D7 CB 1E            [16] 3087 	rr	(hl)
    000009D9 23               [ 8] 3088 	inc	hl
    000009DA CB 3E            [16] 3089 	srl	(hl)
    000009DC 2B               [ 8] 3090 	dec	hl
    000009DD CB 1E            [16] 3091 	rr	(hl)
                                   3092 ;src/player.c:537: vel_y = 0;
                                   3093 ;src/player.c:538: is_jumping = FALSE;
    000009DF AF               [ 4] 3094 	xor	a, a
    000009E0 EAr1Br00         [16] 3095 	ld	(#_vel_y), a
    000009E3 EAr02r00         [16] 3096 	ld	(#_is_jumping),a
                                   3097 ;src/player.c:539: current_jump = 0;
    000009E6 AF               [ 4] 3098 	xor	a, a
    000009E7 21r04r00         [12] 3099 	ld	hl, #_current_jump
    000009EA 22               [ 8] 3100 	ld	(hl+), a
    000009EB 77               [ 8] 3101 	ld	(hl), a
    000009EC 18 2F            [12] 3102 	jr	00220$
    000009EE                       3103 00213$:
                                   3104 ;src/player.c:541: player_y_upscaled = player_y_next_upscaled;
    000009EE FAr0Er00         [16] 3105 	ld	a, (#_player_y_next_upscaled)
    000009F1 EAr0Ar00         [16] 3106 	ld	(#_player_y_upscaled),a
    000009F4 FAr0Fr00         [16] 3107 	ld	a, (#_player_y_next_upscaled + 1)
    000009F7 21r0Br00         [12] 3108 	ld	hl, #_player_y_upscaled + 1
                                   3109 ;src/player.c:542: player_y = player_y_upscaled >> 4;
    000009FA 32               [ 8] 3110 	ld	(hl-), a
    000009FB 7E               [ 8] 3111 	ld	a, (hl)
    000009FC EAr12r00         [16] 3112 	ld	(#_player_y),a
    000009FF FAr0Br00         [16] 3113 	ld	a, (#_player_y_upscaled + 1)
    00000A02 21r13r00         [12] 3114 	ld	hl, #_player_y + 1
    00000A05 77               [ 8] 3115 	ld	(hl), a
    00000A06 CB 3E            [16] 3116 	srl	(hl)
    00000A08 2B               [ 8] 3117 	dec	hl
    00000A09 CB 1E            [16] 3118 	rr	(hl)
    00000A0B 23               [ 8] 3119 	inc	hl
    00000A0C CB 3E            [16] 3120 	srl	(hl)
    00000A0E 2B               [ 8] 3121 	dec	hl
    00000A0F CB 1E            [16] 3122 	rr	(hl)
    00000A11 23               [ 8] 3123 	inc	hl
    00000A12 CB 3E            [16] 3124 	srl	(hl)
    00000A14 2B               [ 8] 3125 	dec	hl
    00000A15 CB 1E            [16] 3126 	rr	(hl)
    00000A17 23               [ 8] 3127 	inc	hl
    00000A18 CB 3E            [16] 3128 	srl	(hl)
    00000A1A 2B               [ 8] 3129 	dec	hl
    00000A1B CB 1E            [16] 3130 	rr	(hl)
    00000A1D                       3131 00220$:
                                   3132 ;src/player.c:546: player_x = player_x_upscaled >> 4;
    00000A1D FAr08r00         [16] 3133 	ld	a, (#_player_x_upscaled)
    00000A20 EAr10r00         [16] 3134 	ld	(#_player_x),a
    00000A23 FAr09r00         [16] 3135 	ld	a, (#_player_x_upscaled + 1)
    00000A26 21r11r00         [12] 3136 	ld	hl, #_player_x + 1
    00000A29 77               [ 8] 3137 	ld	(hl), a
    00000A2A CB 3E            [16] 3138 	srl	(hl)
    00000A2C 2B               [ 8] 3139 	dec	hl
    00000A2D CB 1E            [16] 3140 	rr	(hl)
    00000A2F 23               [ 8] 3141 	inc	hl
    00000A30 CB 3E            [16] 3142 	srl	(hl)
    00000A32 2B               [ 8] 3143 	dec	hl
    00000A33 CB 1E            [16] 3144 	rr	(hl)
    00000A35 23               [ 8] 3145 	inc	hl
    00000A36 CB 3E            [16] 3146 	srl	(hl)
    00000A38 2B               [ 8] 3147 	dec	hl
    00000A39 CB 1E            [16] 3148 	rr	(hl)
    00000A3B 23               [ 8] 3149 	inc	hl
    00000A3C CB 3E            [16] 3150 	srl	(hl)
    00000A3E 2B               [ 8] 3151 	dec	hl
    00000A3F CB 1E            [16] 3152 	rr	(hl)
                                   3153 ;src/player.c:547: player_y = player_y_upscaled >> 4;
    00000A41 FAr0Ar00         [16] 3154 	ld	a, (#_player_y_upscaled)
    00000A44 EAr12r00         [16] 3155 	ld	(#_player_y),a
    00000A47 FAr0Br00         [16] 3156 	ld	a, (#_player_y_upscaled + 1)
    00000A4A 21r13r00         [12] 3157 	ld	hl, #_player_y + 1
    00000A4D 77               [ 8] 3158 	ld	(hl), a
    00000A4E CB 3E            [16] 3159 	srl	(hl)
    00000A50 2B               [ 8] 3160 	dec	hl
    00000A51 CB 1E            [16] 3161 	rr	(hl)
    00000A53 23               [ 8] 3162 	inc	hl
    00000A54 CB 3E            [16] 3163 	srl	(hl)
    00000A56 2B               [ 8] 3164 	dec	hl
    00000A57 CB 1E            [16] 3165 	rr	(hl)
    00000A59 23               [ 8] 3166 	inc	hl
    00000A5A CB 3E            [16] 3167 	srl	(hl)
    00000A5C 2B               [ 8] 3168 	dec	hl
    00000A5D CB 1E            [16] 3169 	rr	(hl)
    00000A5F 23               [ 8] 3170 	inc	hl
    00000A60 CB 3E            [16] 3171 	srl	(hl)
    00000A62 2B               [ 8] 3172 	dec	hl
    00000A63 CB 1E            [16] 3173 	rr	(hl)
                                   3174 ;src/player.c:550: player_x + DEVICE_SPRITE_PX_OFFSET_X + PLAYER_DRAW_OFFSET_X - camera_x;
    00000A65 FAr10r00         [16] 3175 	ld	a, (_player_x)
    00000A68 C6 0C            [ 8] 3176 	add	a, #0x0c
    00000A6A 21r00r00         [12] 3177 	ld	hl, #_camera_x
    00000A6D 4E               [ 8] 3178 	ld	c, (hl)
    00000A6E 91               [ 4] 3179 	sub	a, c
    00000A6F EAr18r00         [16] 3180 	ld	(#_player_draw_x),a
                                   3181 ;src/player.c:551: player_draw_y = player_y + DEVICE_SPRITE_PX_OFFSET_Y + MARGIN_TOP_PX +
    00000A72 FAr12r00         [16] 3182 	ld	a, (_player_y)
    00000A75 C6 28            [ 8] 3183 	add	a, #0x28
    00000A77 EAr19r00         [16] 3184 	ld	(#_player_draw_y),a
    00000A7A                       3185 00237$:
                                   3186 ;src/player.c:553: }
    00000A7A E8 06            [16] 3187 	add	sp, #6
    00000A7C C9               [16] 3188 	ret
    00000A7D                       3189 ___str_0:
    00000A7D 48 20 70 78 3D 25 64  3190 	.ascii "H px=%d py=%d tx=%d ty=%d t1=%02x t2=%02x solid=%d"
             20 70 79 3D 25 64 20
             74 78 3D 25 64 20 74
             79 3D 25 64 20 74 31
             3D 25 30 32 78 20 74
             32 3D 25 30 32 78 20
             73 6F 6C 69 64 3D 25
             64
    00000AAF 0A                    3191 	.db 0x0a
    00000AB0 00                    3192 	.db 0x00
                                   3193 ;src/player.c:555: void player_move_vehicle(void) BANKED {
                                   3194 ;	---------------------------------
                                   3195 ; Function player_move_vehicle
                                   3196 ; ---------------------------------
                         000000FF  3197 	b_player_move_vehicle	= 255
    00000AB1                       3198 _player_move_vehicle::
    00000AB1 E8 FC            [16] 3199 	add	sp, #-4
                                   3200 ;src/player.c:556: int8_t target_vel_x = 0;
    00000AB3 F8 03            [12] 3201 	ldhl	sp,	#3
    00000AB5 36 00            [12] 3202 	ld	(hl), #0x00
                                   3203 ;src/player.c:557: int8_t target_vel_y = 0;
    00000AB7 1E 00            [ 8] 3204 	ld	e, #0x00
                                   3205 ;src/player.c:562: if (joypad_current & J_RIGHT) {
    00000AB9 FAr07r00         [16] 3206 	ld	a, (_joypad_current)
                                   3207 ;src/player.c:563: max_speed = (joypad_current & J_B) ? MAX_RUN_SPEED : MAX_WALK_SPEED;
    00000ABC 57               [ 4] 3208 	ld	d, a
    00000ABD E6 20            [ 8] 3209 	and	a, #0x20
    00000ABF 4F               [ 4] 3210 	ld	c, a
                                   3211 ;src/player.c:562: if (joypad_current & J_RIGHT) {
    00000AC0 CB 42            [ 8] 3212 	bit	0, d
    00000AC2 28 11            [12] 3213 	jr	Z, 00104$
                                   3214 ;src/player.c:563: max_speed = (joypad_current & J_B) ? MAX_RUN_SPEED : MAX_WALK_SPEED;
    00000AC4 79               [ 4] 3215 	ld	a, c
    00000AC5 B7               [ 4] 3216 	or	a, a
    00000AC6 3E 1C            [ 8] 3217 	ld	a, #0x1c
    00000AC8 20 02            [12] 3218 	jr	NZ, 00177$
    00000ACA 3E 10            [ 8] 3219 	ld	a, #0x10
    00000ACC                       3220 00177$:
    00000ACC F8 03            [12] 3221 	ldhl	sp,	#3
    00000ACE 77               [ 8] 3222 	ld	(hl), a
                                   3223 ;src/player.c:565: marioSpritesflip = FALSE;
    00000ACF AF               [ 4] 3224 	xor	a, a
    00000AD0 EAr1Fr00         [16] 3225 	ld	(#_marioSpritesflip),a
    00000AD3 18 17            [12] 3226 	jr	00105$
    00000AD5                       3227 00104$:
                                   3228 ;src/player.c:566: } else if (joypad_current & J_LEFT) {
    00000AD5 CB 4A            [ 8] 3229 	bit	1, d
    00000AD7 28 13            [12] 3230 	jr	Z, 00105$
                                   3231 ;src/player.c:567: max_speed = (joypad_current & J_B) ? MAX_RUN_SPEED : MAX_WALK_SPEED;
    00000AD9 79               [ 4] 3232 	ld	a, c
    00000ADA B7               [ 4] 3233 	or	a, a
    00000ADB 3E 1C            [ 8] 3234 	ld	a, #0x1c
    00000ADD 20 02            [12] 3235 	jr	NZ, 00179$
    00000ADF 3E 10            [ 8] 3236 	ld	a, #0x10
    00000AE1                       3237 00179$:
    00000AE1 47               [ 4] 3238 	ld	b, a
                                   3239 ;src/player.c:568: target_vel_x = -max_speed;
    00000AE2 AF               [ 4] 3240 	xor	a, a
    00000AE3 90               [ 4] 3241 	sub	a, b
    00000AE4 F8 03            [12] 3242 	ldhl	sp,	#3
    00000AE6 77               [ 8] 3243 	ld	(hl), a
                                   3244 ;src/player.c:569: marioSpritesflip = TRUE;
    00000AE7 21r1Fr00         [12] 3245 	ld	hl, #_marioSpritesflip
    00000AEA 36 01            [12] 3246 	ld	(hl), #0x01
    00000AEC                       3247 00105$:
                                   3248 ;src/player.c:572: if (joypad_current & J_UP) {
    00000AEC CB 52            [ 8] 3249 	bit	2, d
    00000AEE 28 0D            [12] 3250 	jr	Z, 00109$
                                   3251 ;src/player.c:573: max_speed = (joypad_current & J_B) ? MAX_RUN_SPEED : MAX_WALK_SPEED;
    00000AF0 79               [ 4] 3252 	ld	a, c
    00000AF1 B7               [ 4] 3253 	or	a, a
    00000AF2 0E 1C            [ 8] 3254 	ld	c, #0x1c
    00000AF4 20 02            [12] 3255 	jr	NZ, 00181$
    00000AF6 0E 10            [ 8] 3256 	ld	c, #0x10
    00000AF8                       3257 00181$:
                                   3258 ;src/player.c:574: target_vel_y = -max_speed;
    00000AF8 AF               [ 4] 3259 	xor	a, a
    00000AF9 91               [ 4] 3260 	sub	a, c
    00000AFA 5F               [ 4] 3261 	ld	e, a
    00000AFB 18 0C            [12] 3262 	jr	00110$
    00000AFD                       3263 00109$:
                                   3264 ;src/player.c:575: } else if (joypad_current & J_DOWN) {
    00000AFD CB 5A            [ 8] 3265 	bit	3, d
    00000AFF 28 08            [12] 3266 	jr	Z, 00110$
                                   3267 ;src/player.c:576: max_speed = (joypad_current & J_B) ? MAX_RUN_SPEED : MAX_WALK_SPEED;
    00000B01 79               [ 4] 3268 	ld	a, c
    00000B02 B7               [ 4] 3269 	or	a, a
    00000B03 1E 1C            [ 8] 3270 	ld	e, #0x1c
    00000B05 20 02            [12] 3271 	jr	NZ, 00183$
    00000B07 1E 10            [ 8] 3272 	ld	e, #0x10
    00000B09                       3273 00183$:
                                   3274 ;src/player.c:577: target_vel_y = max_speed;
    00000B09                       3275 00110$:
                                   3276 ;src/player.c:580: vel_x = apply_velocity(vel_x, target_vel_x, accel, decel);
    00000B09 D5               [16] 3277 	push	de
    00000B0A 21 02 03         [12] 3278 	ld	hl, #0x302
    00000B0D E5               [16] 3279 	push	hl
    00000B0E F8 07            [12] 3280 	ldhl	sp,	#7
    00000B10 5E               [ 8] 3281 	ld	e, (hl)
    00000B11 FAr1Ar00         [16] 3282 	ld	a, (_vel_x)
    00000B14 CDr00r00         [24] 3283 	call	_apply_velocity
    00000B17 D1               [12] 3284 	pop	de
    00000B18 EAr1Ar00         [16] 3285 	ld	(#_vel_x),a
                                   3286 ;src/player.c:581: vel_y = apply_velocity(vel_y, target_vel_y, accel, decel);
    00000B1B 21 02 03         [12] 3287 	ld	hl, #0x302
    00000B1E E5               [16] 3288 	push	hl
    00000B1F FAr1Br00         [16] 3289 	ld	a, (_vel_y)
    00000B22 CDr00r00         [24] 3290 	call	_apply_velocity
    00000B25 21r1Br00         [12] 3291 	ld	hl, #_vel_y
    00000B28 77               [ 8] 3292 	ld	(hl), a
                                   3293 ;src/player.c:583: if (vel_y > MAX_FALL_SPEED)
    00000B29 5E               [ 8] 3294 	ld	e, (hl)
    00000B2A 3E 30            [ 8] 3295 	ld	a,#0x30
    00000B2C 57               [ 4] 3296 	ld	d,a
    00000B2D 96               [ 8] 3297 	sub	a, (hl)
    00000B2E CB 7B            [ 8] 3298 	bit	7, e
    00000B30 28 07            [12] 3299 	jr	Z, 00419$
    00000B32 CB 7A            [ 8] 3300 	bit	7, d
    00000B34 20 08            [12] 3301 	jr	NZ, 00420$
    00000B36 BF               [ 4] 3302 	cp	a, a
    00000B37 18 05            [12] 3303 	jr	00420$
    00000B39                       3304 00419$:
    00000B39 CB 7A            [ 8] 3305 	bit	7, d
    00000B3B 28 01            [12] 3306 	jr	Z, 00420$
    00000B3D 37               [ 4] 3307 	scf
    00000B3E                       3308 00420$:
    00000B3E 30 05            [12] 3309 	jr	NC, 00112$
                                   3310 ;src/player.c:584: vel_y = MAX_FALL_SPEED;
    00000B40 21r1Br00         [12] 3311 	ld	hl, #_vel_y
    00000B43 36 30            [12] 3312 	ld	(hl), #0x30
    00000B45                       3313 00112$:
                                   3314 ;src/player.c:585: if (vel_y < -MAX_FALL_SPEED)
    00000B45 21r1Br00         [12] 3315 	ld	hl, #_vel_y
    00000B48 7E               [ 8] 3316 	ld	a, (hl)
    00000B49 EE 80            [ 8] 3317 	xor	a, #0x80
    00000B4B D6 50            [ 8] 3318 	sub	a, #0x50
    00000B4D 30 02            [12] 3319 	jr	NC, 00114$
                                   3320 ;src/player.c:586: vel_y = -MAX_FALL_SPEED;
    00000B4F 36 D0            [12] 3321 	ld	(hl), #0xd0
    00000B51                       3322 00114$:
                                   3323 ;src/player.c:589: player_x_next_upscaled = player_x_upscaled + vel_x;
    00000B51 FAr1Ar00         [16] 3324 	ld	a, (_vel_x)
    00000B54 4F               [ 4] 3325 	ld	c, a
    00000B55 07               [ 4] 3326 	rlca
    00000B56 9F               [ 4] 3327 	sbc	a, a
    00000B57 47               [ 4] 3328 	ld	b, a
    00000B58 FAr08r00         [16] 3329 	ld	a, (_player_x_upscaled)
    00000B5B 6F               [ 4] 3330 	ld	l, a
    00000B5C FAr09r00         [16] 3331 	ld	a, (_player_x_upscaled + 1)
    00000B5F 67               [ 4] 3332 	ld	h, a
    00000B60 09               [ 8] 3333 	add	hl, bc
    00000B61 4D               [ 4] 3334 	ld	c, l
    00000B62 44               [ 4] 3335 	ld	b, h
    00000B63 21r0Cr00         [12] 3336 	ld	hl, #_player_x_next_upscaled
    00000B66 79               [ 4] 3337 	ld	a, c
    00000B67 22               [ 8] 3338 	ld	(hl+), a
    00000B68 70               [ 8] 3339 	ld	(hl), b
                                   3340 ;src/player.c:590: player_y_next_upscaled = player_y_upscaled;
    00000B69 FAr0Ar00         [16] 3341 	ld	a, (#_player_y_upscaled)
    00000B6C EAr0Er00         [16] 3342 	ld	(#_player_y_next_upscaled),a
    00000B6F FAr0Br00         [16] 3343 	ld	a, (#_player_y_upscaled + 1)
    00000B72 EAr0Fr00         [16] 3344 	ld	(#_player_y_next_upscaled + 1),a
                                   3345 ;src/player.c:592: player_x_next = player_x_next_upscaled >> 4;
    00000B75 FAr0Cr00         [16] 3346 	ld	a, (#_player_x_next_upscaled)
    00000B78 EAr14r00         [16] 3347 	ld	(#_player_x_next),a
    00000B7B FAr0Dr00         [16] 3348 	ld	a, (#_player_x_next_upscaled + 1)
    00000B7E 21r15r00         [12] 3349 	ld	hl, #_player_x_next + 1
    00000B81 77               [ 8] 3350 	ld	(hl), a
    00000B82 CB 3E            [16] 3351 	srl	(hl)
    00000B84 2B               [ 8] 3352 	dec	hl
    00000B85 CB 1E            [16] 3353 	rr	(hl)
    00000B87 23               [ 8] 3354 	inc	hl
    00000B88 CB 3E            [16] 3355 	srl	(hl)
    00000B8A 2B               [ 8] 3356 	dec	hl
    00000B8B CB 1E            [16] 3357 	rr	(hl)
    00000B8D 23               [ 8] 3358 	inc	hl
    00000B8E CB 3E            [16] 3359 	srl	(hl)
    00000B90 2B               [ 8] 3360 	dec	hl
    00000B91 CB 1E            [16] 3361 	rr	(hl)
    00000B93 23               [ 8] 3362 	inc	hl
    00000B94 CB 3E            [16] 3363 	srl	(hl)
    00000B96 2B               [ 8] 3364 	dec	hl
    00000B97 CB 1E            [16] 3365 	rr	(hl)
                                   3366 ;src/player.c:593: player_y_next = player_y_next_upscaled >> 4;
    00000B99 FAr0Er00         [16] 3367 	ld	a, (#_player_y_next_upscaled)
    00000B9C EAr16r00         [16] 3368 	ld	(#_player_y_next),a
    00000B9F FAr0Fr00         [16] 3369 	ld	a, (#_player_y_next_upscaled + 1)
    00000BA2 21r17r00         [12] 3370 	ld	hl, #_player_y_next + 1
    00000BA5 77               [ 8] 3371 	ld	(hl), a
    00000BA6 CB 3E            [16] 3372 	srl	(hl)
    00000BA8 2B               [ 8] 3373 	dec	hl
    00000BA9 CB 1E            [16] 3374 	rr	(hl)
    00000BAB 23               [ 8] 3375 	inc	hl
    00000BAC CB 3E            [16] 3376 	srl	(hl)
    00000BAE 2B               [ 8] 3377 	dec	hl
    00000BAF CB 1E            [16] 3378 	rr	(hl)
    00000BB1 23               [ 8] 3379 	inc	hl
    00000BB2 CB 3E            [16] 3380 	srl	(hl)
    00000BB4 2B               [ 8] 3381 	dec	hl
    00000BB5 CB 1E            [16] 3382 	rr	(hl)
    00000BB7 23               [ 8] 3383 	inc	hl
    00000BB8 CB 3E            [16] 3384 	srl	(hl)
    00000BBA 2B               [ 8] 3385 	dec	hl
    00000BBB CB 1E            [16] 3386 	rr	(hl)
                                   3387 ;src/player.c:598: player_y_next + PLAYER_TOP_MARGIN);
    00000BBD 4E               [ 8] 3388 	ld	c, (hl)
                                   3389 ;src/player.c:596: tile_next_1 = get_tile(player_x_next + MARIO_WIDTH -
    00000BBE FAr14r00         [16] 3390 	ld	a, (#_player_x_next)
    00000BC1 F8 01            [12] 3391 	ldhl	sp,	#1
    00000BC3 77               [ 8] 3392 	ld	(hl), a
                                   3393 ;src/player.c:597: PLAYER_HORIZONTAL_MARGIN - camera_x,
    00000BC4 FAr00r00         [16] 3394 	ld	a, (#_camera_x)
    00000BC7 F8 02            [12] 3395 	ldhl	sp,	#2
                                   3396 ;src/player.c:598: player_y_next + PLAYER_TOP_MARGIN);
    00000BC9 22               [ 8] 3397 	ld	(hl+), a
    00000BCA 79               [ 4] 3398 	ld	a, c
    00000BCB C6 08            [ 8] 3399 	add	a, #0x08
    00000BCD 77               [ 8] 3400 	ld	(hl), a
                                   3401 ;src/player.c:595: if (vel_x > 0) {
    00000BCE 21r1Ar00         [12] 3402 	ld	hl, #_vel_x
    00000BD1 5E               [ 8] 3403 	ld	e, (hl)
    00000BD2 AF               [ 4] 3404 	xor	a, a
    00000BD3 57               [ 4] 3405 	ld	d, a
    00000BD4 96               [ 8] 3406 	sub	a, (hl)
    00000BD5 CB 7B            [ 8] 3407 	bit	7, e
    00000BD7 28 07            [12] 3408 	jr	Z, 00421$
    00000BD9 CB 7A            [ 8] 3409 	bit	7, d
    00000BDB 20 08            [12] 3410 	jr	NZ, 00422$
    00000BDD BF               [ 4] 3411 	cp	a, a
    00000BDE 18 05            [12] 3412 	jr	00422$
    00000BE0                       3413 00421$:
    00000BE0 CB 7A            [ 8] 3414 	bit	7, d
    00000BE2 28 01            [12] 3415 	jr	Z, 00422$
    00000BE4 37               [ 4] 3416 	scf
    00000BE5                       3417 00422$:
    00000BE5 D2rF0r0D         [16] 3418 	jp	NC, 00147$
                                   3419 ;src/player.c:596: tile_next_1 = get_tile(player_x_next + MARIO_WIDTH -
    00000BE8 F8 01            [12] 3420 	ldhl	sp,	#1
                                   3421 ;src/player.c:597: PLAYER_HORIZONTAL_MARGIN - camera_x,
    00000BEA 2A               [ 8] 3422 	ld	a, (hl+)
    00000BEB C6 06            [ 8] 3423 	add	a, #0x06
    00000BED 4E               [ 8] 3424 	ld	c, (hl)
    00000BEE 23               [ 8] 3425 	inc	hl
    00000BEF 91               [ 4] 3426 	sub	a, c
    00000BF0 5E               [ 8] 3427 	ld	e, (hl)
    00000BF1 CDr00r00         [24] 3428 	call	_get_tile
    00000BF4 EAr22r00         [16] 3429 	ld	(#_tile_next_1),a
                                   3430 ;src/player.c:601: player_y_next + marioSprites_HEIGHT - 1);
    00000BF7 FAr16r00         [16] 3431 	ld	a, (_player_y_next)
    00000BFA C6 0F            [ 8] 3432 	add	a, #0x0f
    00000BFC 5F               [ 4] 3433 	ld	e, a
                                   3434 ;src/player.c:599: tile_next_2 = get_tile(player_x_next + MARIO_WIDTH -
    00000BFD FAr14r00         [16] 3435 	ld	a, (_player_x_next)
    00000C00 C6 06            [ 8] 3436 	add	a, #0x06
                                   3437 ;src/player.c:600: PLAYER_HORIZONTAL_MARGIN - camera_x,
    00000C02 21r00r00         [12] 3438 	ld	hl, #_camera_x
    00000C05 4E               [ 8] 3439 	ld	c, (hl)
    00000C06 91               [ 4] 3440 	sub	a, c
    00000C07 CDr00r00         [24] 3441 	call	_get_tile
    00000C0A EAr23r00         [16] 3442 	ld	(#_tile_next_2),a
                                   3443 ;src/player.c:602: if (is_tile_solid(tile_next_1) || is_tile_solid(tile_next_2)) {
    00000C0D FAr22r00         [16] 3444 	ld	a, (_tile_next_1)
    00000C10 CDr00r00         [24] 3445 	call	_is_tile_solid
    00000C13 CB 47            [ 8] 3446 	bit	0,a
    00000C15 20 0A            [12] 3447 	jr	NZ, 00130$
    00000C17 FAr23r00         [16] 3448 	ld	a, (_tile_next_2)
    00000C1A CDr00r00         [24] 3449 	call	_is_tile_solid
    00000C1D CB 47            [ 8] 3450 	bit	0,a
    00000C1F 28 38            [12] 3451 	jr	Z, 00131$
    00000C21                       3452 00130$:
                                   3453 ;src/player.c:603: player_x = TILE_ALIGN(player_x_next) - 7;
    00000C21 FAr14r00         [16] 3454 	ld	a, (_player_x_next)
    00000C24 21r15r00         [12] 3455 	ld	hl, #_player_x_next + 1
    00000C27 66               [ 8] 3456 	ld	h, (hl)
    00000C28 6F               [ 4] 3457 	ld	l, a
    00000C29 11 07 00         [12] 3458 	ld	de, #0x0007
    00000C2C 19               [ 8] 3459 	add	hl, de
    00000C2D 7D               [ 4] 3460 	ld	a, l
    00000C2E E6 F8            [ 8] 3461 	and	a, #0xf8
    00000C30 C6 F9            [ 8] 3462 	add	a, #0xf9
    00000C32 4F               [ 4] 3463 	ld	c, a
    00000C33 7C               [ 4] 3464 	ld	a, h
    00000C34 CE FF            [ 8] 3465 	adc	a, #0xff
    00000C36 21r10r00         [12] 3466 	ld	hl, #_player_x
    00000C39 71               [ 8] 3467 	ld	(hl), c
    00000C3A 23               [ 8] 3468 	inc	hl
                                   3469 ;src/player.c:604: player_x_upscaled = player_x << 4;
    00000C3B 32               [ 8] 3470 	ld	(hl-), a
    00000C3C 7E               [ 8] 3471 	ld	a, (hl)
    00000C3D EAr08r00         [16] 3472 	ld	(#_player_x_upscaled),a
    00000C40 FAr11r00         [16] 3473 	ld	a, (#_player_x + 1)
    00000C43 EAr09r00         [16] 3474 	ld	(#_player_x_upscaled + 1),a
    00000C46 3E 04            [ 8] 3475 	ld	a, #0x04
    00000C48                       3476 00423$:
    00000C48 21r08r00         [12] 3477 	ld	hl, #_player_x_upscaled
    00000C4B CB 26            [16] 3478 	sla	(hl)
    00000C4D 23               [ 8] 3479 	inc	hl
    00000C4E CB 16            [16] 3480 	rl	(hl)
                                   3481 ;src/player.c:605: vel_x = 0;
    00000C50 3D               [ 4] 3482 	dec	a
    00000C51 20 F5            [12] 3483 	jr	NZ, 00423$
    00000C53 EAr1Ar00         [16] 3484 	ld	(#_vel_x),a
    00000C56 C3rEFr0E         [16] 3485 	jp	00148$
    00000C59                       3486 00131$:
                                   3487 ;src/player.c:607: if (is_coin(tile_next_1)) {
    00000C59 FAr22r00         [16] 3488 	ld	a, (_tile_next_1)
    00000C5C CDr00r00         [24] 3489 	call	_is_coin
    00000C5F CB 47            [ 8] 3490 	bit	0,a
    00000C61 28 15            [12] 3491 	jr	Z, 00118$
                                   3492 ;src/player.c:610: player_y_next + PLAYER_TOP_MARGIN);
    00000C63 FAr16r00         [16] 3493 	ld	a, (_player_y_next)
    00000C66 C6 08            [ 8] 3494 	add	a, #0x08
    00000C68 5F               [ 4] 3495 	ld	e, a
                                   3496 ;src/player.c:608: on_get_coin_background(player_x_next + MARIO_WIDTH -
    00000C69 FAr14r00         [16] 3497 	ld	a, (_player_x_next)
    00000C6C C6 06            [ 8] 3498 	add	a, #0x06
                                   3499 ;src/player.c:609: PLAYER_HORIZONTAL_MARGIN - camera_x,
    00000C6E 21r00r00         [12] 3500 	ld	hl, #_camera_x
    00000C71 4E               [ 8] 3501 	ld	c, (hl)
    00000C72 91               [ 4] 3502 	sub	a, c
    00000C73 CDr00r00         [24] 3503 	call	_on_get_coin_background
    00000C76 18 1D            [12] 3504 	jr	00119$
    00000C78                       3505 00118$:
                                   3506 ;src/player.c:611: } else if (is_coin(tile_next_2)) {
    00000C78 FAr23r00         [16] 3507 	ld	a, (_tile_next_2)
    00000C7B CDr00r00         [24] 3508 	call	_is_coin
    00000C7E CB 47            [ 8] 3509 	bit	0,a
    00000C80 28 13            [12] 3510 	jr	Z, 00119$
                                   3511 ;src/player.c:614: player_y_next + marioSprites_HEIGHT - 1);
    00000C82 FAr16r00         [16] 3512 	ld	a, (_player_y_next)
    00000C85 C6 0F            [ 8] 3513 	add	a, #0x0f
    00000C87 5F               [ 4] 3514 	ld	e, a
                                   3515 ;src/player.c:612: on_get_coin_background(player_x_next + MARIO_WIDTH -
    00000C88 FAr14r00         [16] 3516 	ld	a, (_player_x_next)
    00000C8B C6 06            [ 8] 3517 	add	a, #0x06
                                   3518 ;src/player.c:613: PLAYER_HORIZONTAL_MARGIN - camera_x,
    00000C8D 21r00r00         [12] 3519 	ld	hl, #_camera_x
    00000C90 4E               [ 8] 3520 	ld	c, (hl)
    00000C91 91               [ 4] 3521 	sub	a, c
    00000C92 CDr00r00         [24] 3522 	call	_on_get_coin_background
    00000C95                       3523 00119$:
                                   3524 ;src/player.c:617: if (tile_next_1 == SWITCH) {
    00000C95 FAr22r00         [16] 3525 	ld	a, (#_tile_next_1)
    00000C98 D6 3D            [ 8] 3526 	sub	a, #0x3d
    00000C9A 20 18            [12] 3527 	jr	NZ, 00121$
                                   3528 ;src/player.c:618: init();
    00000C9C CDr00r00         [24] 3529 	call	_init
                                   3530 ;src/player.c:619: map_column = 0;
    00000C9F AF               [ 4] 3531 	xor	a, a
    00000CA0 EAr00r00         [16] 3532 	ld	(#_map_column),a
                                   3533 ;src/player.c:620: current_level = (++current_level) % NB_LEVELS;
    00000CA3 21r00r00         [12] 3534 	ld	hl, #_current_level
    00000CA6 34               [12] 3535 	inc	(hl)
    00000CA7 7E               [ 8] 3536 	ld	a, (hl)
    00000CA8 1E 0C            [ 8] 3537 	ld	e, #0x0c
    00000CAA CDr00r00         [24] 3538 	call	__moduchar
    00000CAD 21r00r00         [12] 3539 	ld	hl, #_current_level
    00000CB0 71               [ 8] 3540 	ld	(hl), c
                                   3541 ;src/player.c:621: level_set_current();
    00000CB1 CDr00r00         [24] 3542 	call	_level_set_current
    00000CB4                       3543 00121$:
                                   3544 ;src/player.c:624: player_x_upscaled = player_x_next_upscaled;
    00000CB4 FAr0Cr00         [16] 3545 	ld	a, (#_player_x_next_upscaled)
    00000CB7 EAr08r00         [16] 3546 	ld	(#_player_x_upscaled),a
    00000CBA FAr0Dr00         [16] 3547 	ld	a, (#_player_x_next_upscaled + 1)
    00000CBD 21r09r00         [12] 3548 	ld	hl, #_player_x_upscaled + 1
                                   3549 ;src/player.c:625: player_x = player_x_upscaled >> 4;
    00000CC0 32               [ 8] 3550 	ld	(hl-), a
    00000CC1 7E               [ 8] 3551 	ld	a, (hl)
    00000CC2 EAr10r00         [16] 3552 	ld	(#_player_x),a
    00000CC5 FAr09r00         [16] 3553 	ld	a, (#_player_x_upscaled + 1)
    00000CC8 21r11r00         [12] 3554 	ld	hl, #_player_x + 1
    00000CCB 77               [ 8] 3555 	ld	(hl), a
    00000CCC CB 3E            [16] 3556 	srl	(hl)
    00000CCE 2B               [ 8] 3557 	dec	hl
    00000CCF CB 1E            [16] 3558 	rr	(hl)
    00000CD1 23               [ 8] 3559 	inc	hl
    00000CD2 CB 3E            [16] 3560 	srl	(hl)
    00000CD4 2B               [ 8] 3561 	dec	hl
    00000CD5 CB 1E            [16] 3562 	rr	(hl)
    00000CD7 23               [ 8] 3563 	inc	hl
    00000CD8 CB 3E            [16] 3564 	srl	(hl)
    00000CDA 2B               [ 8] 3565 	dec	hl
    00000CDB CB 1E            [16] 3566 	rr	(hl)
    00000CDD 23               [ 8] 3567 	inc	hl
    00000CDE CB 3E            [16] 3568 	srl	(hl)
    00000CE0 2B               [ 8] 3569 	dec	hl
    00000CE1 CB 1E            [16] 3570 	rr	(hl)
                                   3571 ;src/player.c:627: if (load_col_at == current_map_width_in_tiles - DEVICE_SCREEN_WIDTH + 1) {
    00000CE3 21r00r00         [12] 3572 	ld	hl, #_current_map_width_in_tiles
    00000CE6 2A               [ 8] 3573 	ld	a, (hl+)
    00000CE7 C6 ED            [ 8] 3574 	add	a, #0xed
    00000CE9 4F               [ 4] 3575 	ld	c, a
    00000CEA 7E               [ 8] 3576 	ld	a, (hl)
    00000CEB CE FF            [ 8] 3577 	adc	a, #0xff
    00000CED 47               [ 4] 3578 	ld	b, a
    00000CEE FAr00r00         [16] 3579 	ld	a, (_load_col_at)
    00000CF1 5F               [ 4] 3580 	ld	e, a
    00000CF2 21r01r00         [12] 3581 	ld	hl, #_load_col_at + 1
    00000CF5 56               [ 8] 3582 	ld	d, (hl)
    00000CF6 7B               [ 4] 3583 	ld	a, e
    00000CF7 91               [ 4] 3584 	sub	a, c
    00000CF8 20 22            [12] 3585 	jr	NZ, 00123$
    00000CFA 7A               [ 4] 3586 	ld	a, d
    00000CFB 90               [ 4] 3587 	sub	a, b
    00000CFC 20 1E            [12] 3588 	jr	NZ, 00123$
                                   3589 ;src/player.c:628: level_end_reached = true;
    00000CFE 21r00r00         [12] 3590 	ld	hl, #_level_end_reached
    00000D01 36 01            [12] 3591 	ld	(hl), #0x01
                                   3592 ;src/player.c:629: camera_x = current_map_width - DEVICE_SCREEN_PX_WIDTH;
    00000D03 21r00r00         [12] 3593 	ld	hl, #_current_map_width
    00000D06 2A               [ 8] 3594 	ld	a, (hl+)
    00000D07 C6 60            [ 8] 3595 	add	a, #0x60
    00000D09 4F               [ 4] 3596 	ld	c, a
    00000D0A 7E               [ 8] 3597 	ld	a, (hl)
    00000D0B CE FF            [ 8] 3598 	adc	a, #0xff
    00000D0D 47               [ 4] 3599 	ld	b, a
    00000D0E 21r00r00         [12] 3600 	ld	hl, #_camera_x
    00000D11 79               [ 4] 3601 	ld	a, c
    00000D12 22               [ 8] 3602 	ld	(hl+), a
                                   3603 ;src/player.c:630: move_bkg(camera_x, SCROLL_TOP_OFFSET);
    00000D13 78               [ 4] 3604 	ld	a, b
    00000D14 32               [ 8] 3605 	ld	(hl-), a
    00000D15 7E               [ 8] 3606 	ld	a, (hl)
    00000D16 E0r00            [12] 3607 	ldh	(_SCX_REG + 0), a
                                   3608 ;/home/odrevet/projects/gbdk/include/gb/gb.h:1461: SCX_REG=x, SCY_REG=y;
    00000D18 3E F0            [ 8] 3609 	ld	a, #0xf0
    00000D1A E0r00            [12] 3610 	ldh	(_SCY_REG + 0), a
                                   3611 ;src/player.c:630: move_bkg(camera_x, SCROLL_TOP_OFFSET);
    00000D1C                       3612 00123$:
                                   3613 ;src/player.c:633: if (!level_end_reached && player_x > scroll_limit) {
    00000D1C 21r00r00         [12] 3614 	ld	hl, #_level_end_reached
    00000D1F CB 46            [12] 3615 	bit	0, (hl)
    00000D21 C2rA5r0D         [16] 3616 	jp	NZ, 00125$
    00000D24 11r20r00         [12] 3617 	ld	de, #_scroll_limit
    00000D27 21r10r00         [12] 3618 	ld	hl, #_player_x
    00000D2A 1A               [ 8] 3619 	ld	a, (de)
    00000D2B 13               [ 8] 3620 	inc	de
    00000D2C 96               [ 8] 3621 	sub	a, (hl)
    00000D2D 23               [ 8] 3622 	inc	hl
    00000D2E 1A               [ 8] 3623 	ld	a, (de)
    00000D2F 9E               [ 8] 3624 	sbc	a, (hl)
    00000D30 30 73            [12] 3625 	jr	NC, 00125$
                                   3626 ;src/player.c:634: int16_t player_movement = player_x - scroll_limit;
    00000D32 FAr10r00         [16] 3627 	ld	a, (#_player_x)
    00000D35 21r20r00         [12] 3628 	ld	hl, #_scroll_limit
    00000D38 96               [ 8] 3629 	sub	a, (hl)
    00000D39 4F               [ 4] 3630 	ld	c, a
    00000D3A FAr11r00         [16] 3631 	ld	a, (#_player_x + 1)
    00000D3D 21r21r00         [12] 3632 	ld	hl, #_scroll_limit + 1
    00000D40 9E               [ 8] 3633 	sbc	a, (hl)
    00000D41 47               [ 4] 3634 	ld	b, a
                                   3635 ;src/player.c:635: camera_x_upscaled += (player_movement << 4);
    00000D42 69               [ 4] 3636 	ld	l, c
    00000D43 60               [ 4] 3637 	ld	h, b
    00000D44 29               [ 8] 3638 	add	hl, hl
    00000D45 29               [ 8] 3639 	add	hl, hl
    00000D46 29               [ 8] 3640 	add	hl, hl
    00000D47 29               [ 8] 3641 	add	hl, hl
    00000D48 4D               [ 4] 3642 	ld	c, l
    00000D49 44               [ 4] 3643 	ld	b, h
    00000D4A 21r00r00         [12] 3644 	ld	hl, #_camera_x_upscaled
    00000D4D 7E               [ 8] 3645 	ld	a, (hl)
    00000D4E 81               [ 4] 3646 	add	a, c
    00000D4F 22               [ 8] 3647 	ld	(hl+), a
    00000D50 7E               [ 8] 3648 	ld	a, (hl)
    00000D51 88               [ 4] 3649 	adc	a, b
                                   3650 ;src/player.c:636: camera_x = camera_x_upscaled >> 4;
    00000D52 32               [ 8] 3651 	ld	(hl-), a
    00000D53 7E               [ 8] 3652 	ld	a, (hl)
    00000D54 EAr00r00         [16] 3653 	ld	(#_camera_x),a
    00000D57 FAr01r00         [16] 3654 	ld	a, (#_camera_x_upscaled + 1)
    00000D5A 21r01r00         [12] 3655 	ld	hl, #_camera_x + 1
    00000D5D 77               [ 8] 3656 	ld	(hl), a
    00000D5E CB 3E            [16] 3657 	srl	(hl)
    00000D60 2B               [ 8] 3658 	dec	hl
    00000D61 CB 1E            [16] 3659 	rr	(hl)
    00000D63 23               [ 8] 3660 	inc	hl
    00000D64 CB 3E            [16] 3661 	srl	(hl)
    00000D66 2B               [ 8] 3662 	dec	hl
    00000D67 CB 1E            [16] 3663 	rr	(hl)
    00000D69 23               [ 8] 3664 	inc	hl
    00000D6A CB 3E            [16] 3665 	srl	(hl)
    00000D6C 2B               [ 8] 3666 	dec	hl
    00000D6D CB 1E            [16] 3667 	rr	(hl)
    00000D6F 23               [ 8] 3668 	inc	hl
    00000D70 CB 3E            [16] 3669 	srl	(hl)
    00000D72 2B               [ 8] 3670 	dec	hl
    00000D73 CB 1E            [16] 3671 	rr	(hl)
                                   3672 ;src/player.c:637: move_bkg(camera_x, SCROLL_TOP_OFFSET);
    00000D75 7E               [ 8] 3673 	ld	a, (hl)
    00000D76 E0r00            [12] 3674 	ldh	(_SCX_REG + 0), a
                                   3675 ;/home/odrevet/projects/gbdk/include/gb/gb.h:1461: SCX_REG=x, SCY_REG=y;
    00000D78 3E F0            [ 8] 3676 	ld	a, #0xf0
    00000D7A E0r00            [12] 3677 	ldh	(_SCY_REG + 0), a
                                   3678 ;src/player.c:638: scroll_limit = player_x;
    00000D7C FAr10r00         [16] 3679 	ld	a, (#_player_x)
    00000D7F EAr20r00         [16] 3680 	ld	(#_scroll_limit),a
    00000D82 FAr11r00         [16] 3681 	ld	a, (#_player_x + 1)
    00000D85 EAr21r00         [16] 3682 	ld	(#_scroll_limit + 1),a
                                   3683 ;src/player.c:639: level_load_objects(current_page * PAGE_SIZE + current_column_in_page -
    00000D88 FAr00r00         [16] 3684 	ld	a, (_current_page)
    00000D8B 4F               [ 4] 3685 	ld	c, a
    00000D8C 06 00            [ 8] 3686 	ld	b, #0x00
    00000D8E 69               [ 4] 3687 	ld	l, c
    00000D8F 60               [ 4] 3688 	ld	h, b
    00000D90 29               [ 8] 3689 	add	hl, hl
    00000D91 29               [ 8] 3690 	add	hl, hl
    00000D92 09               [ 8] 3691 	add	hl, bc
    00000D93 29               [ 8] 3692 	add	hl, hl
    00000D94 29               [ 8] 3693 	add	hl, hl
    00000D95 FAr00r00         [16] 3694 	ld	a, (_current_column_in_page)
    00000D98 16 00            [ 8] 3695 	ld	d, #0x00
    00000D9A 5F               [ 4] 3696 	ld	e, a
    00000D9B 19               [ 8] 3697 	add	hl, de
    00000D9C 11 F9 FF         [12] 3698 	ld	de, #0xfff9
    00000D9F 19               [ 8] 3699 	add	hl, de
    00000DA0 5D               [ 4] 3700 	ld	e, l
    00000DA1 54               [ 4] 3701 	ld	d, h
    00000DA2 CDr00r00         [24] 3702 	call	_level_load_objects
    00000DA5                       3703 00125$:
                                   3704 ;src/player.c:643: if (camera_x >> 3 >= load_col_at && !level_end_reached) {
    00000DA5 21r00r00         [12] 3705 	ld	hl, #_camera_x
    00000DA8 2A               [ 8] 3706 	ld	a, (hl+)
    00000DA9 4F               [ 4] 3707 	ld	c, a
    00000DAA 46               [ 8] 3708 	ld	b, (hl)
    00000DAB CB 38            [ 8] 3709 	srl	b
    00000DAD CB 19            [ 8] 3710 	rr	c
    00000DAF CB 38            [ 8] 3711 	srl	b
    00000DB1 CB 19            [ 8] 3712 	rr	c
    00000DB3 CB 38            [ 8] 3713 	srl	b
    00000DB5 CB 19            [ 8] 3714 	rr	c
    00000DB7 21r00r00         [12] 3715 	ld	hl, #_load_col_at
    00000DBA 79               [ 4] 3716 	ld	a, c
    00000DBB 96               [ 8] 3717 	sub	a, (hl)
    00000DBC 23               [ 8] 3718 	inc	hl
    00000DBD 78               [ 4] 3719 	ld	a, b
    00000DBE 9E               [ 8] 3720 	sbc	a, (hl)
    00000DBF DArEFr0E         [16] 3721 	jp	C, 00148$
    00000DC2 21r00r00         [12] 3722 	ld	hl, #_level_end_reached
    00000DC5 CB 46            [12] 3723 	bit	0, (hl)
    00000DC7 C2rEFr0E         [16] 3724 	jp	NZ, 00148$
                                   3725 ;src/player.c:645: level_load_column(1, levels + current_level);
    00000DCA 21r00r00         [12] 3726 	ld	hl, #_current_level
    00000DCD 4E               [ 8] 3727 	ld	c, (hl)
    00000DCE 06 00            [ 8] 3728 	ld	b, #0x00
    00000DD0 69               [ 4] 3729 	ld	l, c
    00000DD1 60               [ 4] 3730 	ld	h, b
    00000DD2 29               [ 8] 3731 	add	hl, hl
    00000DD3 29               [ 8] 3732 	add	hl, hl
    00000DD4 09               [ 8] 3733 	add	hl, bc
    00000DD5 29               [ 8] 3734 	add	hl, hl
    00000DD6 09               [ 8] 3735 	add	hl, bc
    00000DD7 29               [ 8] 3736 	add	hl, hl
    00000DD8 09               [ 8] 3737 	add	hl, bc
    00000DD9 01r00r00         [12] 3738 	ld	bc, #_levels
    00000DDC 09               [ 8] 3739 	add	hl, bc
    00000DDD 5D               [ 4] 3740 	ld	e, l
    00000DDE 54               [ 4] 3741 	ld	d, h
    00000DDF 3E 01            [ 8] 3742 	ld	a, #0x01
    00000DE1 CDr00r00         [24] 3743 	call	_level_load_column
                                   3744 ;src/player.c:649: load_col_at++;
    00000DE4 21r00r00         [12] 3745 	ld	hl, #_load_col_at
    00000DE7 34               [12] 3746 	inc	(hl)
    00000DE8 C2rEFr0E         [16] 3747 	jp	NZ, 00148$
    00000DEB 23               [ 8] 3748 	inc	hl
    00000DEC 34               [12] 3749 	inc	(hl)
    00000DED C3rEFr0E         [16] 3750 	jp	00148$
    00000DF0                       3751 00147$:
                                   3752 ;src/player.c:652: } else if (vel_x < 0 && player_draw_x > PLAYER_SCREEN_LEFT_MARGIN) {
    00000DF0 FAr1Ar00         [16] 3753 	ld	a, (#_vel_x)
    00000DF3 CB 7F            [ 8] 3754 	bit	7, a
    00000DF5 CArEFr0E         [16] 3755 	jp	Z, 00148$
    00000DF8 3E 0C            [ 8] 3756 	ld	a, #0x0c
    00000DFA 21r18r00         [12] 3757 	ld	hl, #_player_draw_x
    00000DFD 96               [ 8] 3758 	sub	a, (hl)
    00000DFE D2rEFr0E         [16] 3759 	jp	NC, 00148$
                                   3760 ;src/player.c:654: get_tile(player_x_next - camera_x, player_y_next + PLAYER_TOP_MARGIN);
    00000E01 F8 01            [12] 3761 	ldhl	sp,	#1
    00000E03 2A               [ 8] 3762 	ld	a, (hl+)
    00000E04 96               [ 8] 3763 	sub	a, (hl)
    00000E05 23               [ 8] 3764 	inc	hl
    00000E06 5E               [ 8] 3765 	ld	e, (hl)
    00000E07 CDr00r00         [24] 3766 	call	_get_tile
    00000E0A EAr22r00         [16] 3767 	ld	(#_tile_next_1),a
                                   3768 ;src/player.c:656: player_y_next + marioSprites_HEIGHT - 1);
    00000E0D FAr16r00         [16] 3769 	ld	a, (_player_y_next)
    00000E10 F8 03            [12] 3770 	ldhl	sp,	#3
    00000E12 77               [ 8] 3771 	ld	(hl), a
    00000E13 3A               [ 8] 3772 	ld	a, (hl-)
    00000E14 C6 0F            [ 8] 3773 	add	a, #0x0f
    00000E16 77               [ 8] 3774 	ld	(hl), a
                                   3775 ;src/player.c:655: tile_next_2 = get_tile(player_x_next - camera_x,
    00000E17 FAr14r00         [16] 3776 	ld	a, (#_player_x_next)
    00000E1A F8 03            [12] 3777 	ldhl	sp,	#3
    00000E1C 77               [ 8] 3778 	ld	(hl), a
    00000E1D FAr00r00         [16] 3779 	ld	a, (_camera_x)
    00000E20 4F               [ 4] 3780 	ld	c, a
    00000E21 7E               [ 8] 3781 	ld	a, (hl)
    00000E22 91               [ 4] 3782 	sub	a, c
    00000E23 32               [ 8] 3783 	ld	(hl-), a
    00000E24 2A               [ 8] 3784 	ld	a, (hl+)
    00000E25 5F               [ 4] 3785 	ld	e, a
    00000E26 7E               [ 8] 3786 	ld	a, (hl)
    00000E27 CDr00r00         [24] 3787 	call	_get_tile
    00000E2A EAr23r00         [16] 3788 	ld	(#_tile_next_2),a
                                   3789 ;src/player.c:657: if (is_tile_solid(tile_next_1) || is_tile_solid(tile_next_2)) {
    00000E2D FAr22r00         [16] 3790 	ld	a, (_tile_next_1)
    00000E30 CDr00r00         [24] 3791 	call	_is_tile_solid
    00000E33 CB 47            [ 8] 3792 	bit	0,a
    00000E35 20 0A            [12] 3793 	jr	NZ, 00139$
    00000E37 FAr23r00         [16] 3794 	ld	a, (_tile_next_2)
    00000E3A CDr00r00         [24] 3795 	call	_is_tile_solid
    00000E3D CB 47            [ 8] 3796 	bit	0,a
    00000E3F 28 47            [12] 3797 	jr	Z, 00140$
    00000E41                       3798 00139$:
                                   3799 ;src/player.c:658: player_x = TILE_ALIGN(player_x_next);
    00000E41 FAr14r00         [16] 3800 	ld	a, (#_player_x_next)
    00000E44 F8 02            [12] 3801 	ldhl	sp,	#2
    00000E46 77               [ 8] 3802 	ld	(hl), a
    00000E47 FAr15r00         [16] 3803 	ld	a, (#_player_x_next + 1)
    00000E4A F8 03            [12] 3804 	ldhl	sp,	#3
    00000E4C 32               [ 8] 3805 	ld	(hl-), a
    00000E4D 2A               [ 8] 3806 	ld	a, (hl+)
    00000E4E 5F               [ 4] 3807 	ld	e, a
    00000E4F 56               [ 8] 3808 	ld	d, (hl)
    00000E50 21 07 00         [12] 3809 	ld	hl, #0x0007
    00000E53 19               [ 8] 3810 	add	hl, de
    00000E54 33               [ 8] 3811 	inc	sp
    00000E55 33               [ 8] 3812 	inc	sp
    00000E56 E5               [16] 3813 	push	hl
    00000E57 F8 00            [12] 3814 	ldhl	sp,	#0
    00000E59 2A               [ 8] 3815 	ld	a, (hl+)
    00000E5A 23               [ 8] 3816 	inc	hl
    00000E5B E6 F8            [ 8] 3817 	and	a, #0xf8
    00000E5D 32               [ 8] 3818 	ld	(hl-), a
    00000E5E 2A               [ 8] 3819 	ld	a, (hl+)
    00000E5F 23               [ 8] 3820 	inc	hl
    00000E60 32               [ 8] 3821 	ld	(hl-), a
    00000E61 7E               [ 8] 3822 	ld	a, (hl)
    00000E62 EAr10r00         [16] 3823 	ld	(#_player_x),a
    00000E65 F8 03            [12] 3824 	ldhl	sp,	#3
    00000E67 7E               [ 8] 3825 	ld	a, (hl)
    00000E68 21r11r00         [12] 3826 	ld	hl, #_player_x + 1
                                   3827 ;src/player.c:659: player_x_upscaled = player_x << 4;
    00000E6B 32               [ 8] 3828 	ld	(hl-), a
    00000E6C 7E               [ 8] 3829 	ld	a, (hl)
    00000E6D EAr08r00         [16] 3830 	ld	(#_player_x_upscaled),a
    00000E70 FAr11r00         [16] 3831 	ld	a, (#_player_x + 1)
    00000E73 EAr09r00         [16] 3832 	ld	(#_player_x_upscaled + 1),a
    00000E76 3E 04            [ 8] 3833 	ld	a, #0x04
    00000E78                       3834 00429$:
    00000E78 21r08r00         [12] 3835 	ld	hl, #_player_x_upscaled
    00000E7B CB 26            [16] 3836 	sla	(hl)
    00000E7D 23               [ 8] 3837 	inc	hl
    00000E7E CB 16            [16] 3838 	rl	(hl)
                                   3839 ;src/player.c:660: vel_x = 0;
    00000E80 3D               [ 4] 3840 	dec	a
    00000E81 20 F5            [12] 3841 	jr	NZ, 00429$
    00000E83 EAr1Ar00         [16] 3842 	ld	(#_vel_x),a
    00000E86 18 67            [12] 3843 	jr	00148$
    00000E88                       3844 00140$:
                                   3845 ;src/player.c:662: if (is_coin(tile_next_1)) {
    00000E88 FAr22r00         [16] 3846 	ld	a, (_tile_next_1)
    00000E8B CDr00r00         [24] 3847 	call	_is_coin
    00000E8E CB 47            [ 8] 3848 	bit	0,a
    00000E90 28 13            [12] 3849 	jr	Z, 00137$
                                   3850 ;src/player.c:664: player_y_next + PLAYER_TOP_MARGIN);
    00000E92 FAr16r00         [16] 3851 	ld	a, (_player_y_next)
    00000E95 C6 08            [ 8] 3852 	add	a, #0x08
    00000E97 5F               [ 4] 3853 	ld	e, a
                                   3854 ;src/player.c:663: on_get_coin_background(player_x_next - camera_x,
    00000E98 FAr14r00         [16] 3855 	ld	a, (_player_x_next)
    00000E9B 21r00r00         [12] 3856 	ld	hl, #_camera_x
    00000E9E 4E               [ 8] 3857 	ld	c, (hl)
    00000E9F 91               [ 4] 3858 	sub	a, c
    00000EA0 CDr00r00         [24] 3859 	call	_on_get_coin_background
    00000EA3 18 1B            [12] 3860 	jr	00138$
    00000EA5                       3861 00137$:
                                   3862 ;src/player.c:665: } else if (is_coin(tile_next_2)) {
    00000EA5 FAr23r00         [16] 3863 	ld	a, (_tile_next_2)
    00000EA8 CDr00r00         [24] 3864 	call	_is_coin
    00000EAB CB 47            [ 8] 3865 	bit	0,a
    00000EAD 28 11            [12] 3866 	jr	Z, 00138$
                                   3867 ;src/player.c:667: player_y_next + marioSprites_HEIGHT - 1);
    00000EAF FAr16r00         [16] 3868 	ld	a, (_player_y_next)
    00000EB2 C6 0F            [ 8] 3869 	add	a, #0x0f
    00000EB4 5F               [ 4] 3870 	ld	e, a
                                   3871 ;src/player.c:666: on_get_coin_background(player_x_next - camera_x,
    00000EB5 FAr14r00         [16] 3872 	ld	a, (_player_x_next)
    00000EB8 21r00r00         [12] 3873 	ld	hl, #_camera_x
    00000EBB 4E               [ 8] 3874 	ld	c, (hl)
    00000EBC 91               [ 4] 3875 	sub	a, c
    00000EBD CDr00r00         [24] 3876 	call	_on_get_coin_background
    00000EC0                       3877 00138$:
                                   3878 ;src/player.c:670: player_x_upscaled = player_x_next_upscaled;
    00000EC0 FAr0Cr00         [16] 3879 	ld	a, (#_player_x_next_upscaled)
    00000EC3 EAr08r00         [16] 3880 	ld	(#_player_x_upscaled),a
    00000EC6 FAr0Dr00         [16] 3881 	ld	a, (#_player_x_next_upscaled + 1)
    00000EC9 21r09r00         [12] 3882 	ld	hl, #_player_x_upscaled + 1
                                   3883 ;src/player.c:671: player_x = player_x_upscaled >> 4;
    00000ECC 32               [ 8] 3884 	ld	(hl-), a
    00000ECD 7E               [ 8] 3885 	ld	a, (hl)
    00000ECE EAr10r00         [16] 3886 	ld	(#_player_x),a
    00000ED1 FAr09r00         [16] 3887 	ld	a, (#_player_x_upscaled + 1)
    00000ED4 21r11r00         [12] 3888 	ld	hl, #_player_x + 1
    00000ED7 77               [ 8] 3889 	ld	(hl), a
    00000ED8 CB 3E            [16] 3890 	srl	(hl)
    00000EDA 2B               [ 8] 3891 	dec	hl
    00000EDB CB 1E            [16] 3892 	rr	(hl)
    00000EDD 23               [ 8] 3893 	inc	hl
    00000EDE CB 3E            [16] 3894 	srl	(hl)
    00000EE0 2B               [ 8] 3895 	dec	hl
    00000EE1 CB 1E            [16] 3896 	rr	(hl)
    00000EE3 23               [ 8] 3897 	inc	hl
    00000EE4 CB 3E            [16] 3898 	srl	(hl)
    00000EE6 2B               [ 8] 3899 	dec	hl
    00000EE7 CB 1E            [16] 3900 	rr	(hl)
    00000EE9 23               [ 8] 3901 	inc	hl
    00000EEA CB 3E            [16] 3902 	srl	(hl)
    00000EEC 2B               [ 8] 3903 	dec	hl
    00000EED CB 1E            [16] 3904 	rr	(hl)
    00000EEF                       3905 00148$:
                                   3906 ;src/player.c:676: player_x_next_upscaled = player_x_upscaled;
    00000EEF FAr08r00         [16] 3907 	ld	a, (#_player_x_upscaled)
    00000EF2 EAr0Cr00         [16] 3908 	ld	(#_player_x_next_upscaled),a
    00000EF5 FAr09r00         [16] 3909 	ld	a, (#_player_x_upscaled + 1)
    00000EF8 EAr0Dr00         [16] 3910 	ld	(#_player_x_next_upscaled + 1),a
                                   3911 ;src/player.c:677: player_y_next_upscaled = player_y_upscaled + vel_y;
    00000EFB FAr1Br00         [16] 3912 	ld	a, (_vel_y)
    00000EFE 4F               [ 4] 3913 	ld	c, a
    00000EFF 07               [ 4] 3914 	rlca
    00000F00 9F               [ 4] 3915 	sbc	a, a
    00000F01 47               [ 4] 3916 	ld	b, a
    00000F02 FAr0Ar00         [16] 3917 	ld	a, (_player_y_upscaled)
    00000F05 6F               [ 4] 3918 	ld	l, a
    00000F06 FAr0Br00         [16] 3919 	ld	a, (_player_y_upscaled + 1)
    00000F09 67               [ 4] 3920 	ld	h, a
    00000F0A 09               [ 8] 3921 	add	hl, bc
    00000F0B 4D               [ 4] 3922 	ld	c, l
    00000F0C 44               [ 4] 3923 	ld	b, h
    00000F0D 21r0Er00         [12] 3924 	ld	hl, #_player_y_next_upscaled
    00000F10 79               [ 4] 3925 	ld	a, c
    00000F11 22               [ 8] 3926 	ld	(hl+), a
    00000F12 70               [ 8] 3927 	ld	(hl), b
                                   3928 ;src/player.c:679: player_x_next = player_x_next_upscaled >> 4;
    00000F13 FAr0Cr00         [16] 3929 	ld	a, (#_player_x_next_upscaled)
    00000F16 EAr14r00         [16] 3930 	ld	(#_player_x_next),a
    00000F19 FAr0Dr00         [16] 3931 	ld	a, (#_player_x_next_upscaled + 1)
    00000F1C 21r15r00         [12] 3932 	ld	hl, #_player_x_next + 1
    00000F1F 77               [ 8] 3933 	ld	(hl), a
    00000F20 CB 3E            [16] 3934 	srl	(hl)
    00000F22 2B               [ 8] 3935 	dec	hl
    00000F23 CB 1E            [16] 3936 	rr	(hl)
    00000F25 23               [ 8] 3937 	inc	hl
    00000F26 CB 3E            [16] 3938 	srl	(hl)
    00000F28 2B               [ 8] 3939 	dec	hl
    00000F29 CB 1E            [16] 3940 	rr	(hl)
    00000F2B 23               [ 8] 3941 	inc	hl
    00000F2C CB 3E            [16] 3942 	srl	(hl)
    00000F2E 2B               [ 8] 3943 	dec	hl
    00000F2F CB 1E            [16] 3944 	rr	(hl)
    00000F31 23               [ 8] 3945 	inc	hl
    00000F32 CB 3E            [16] 3946 	srl	(hl)
    00000F34 2B               [ 8] 3947 	dec	hl
    00000F35 CB 1E            [16] 3948 	rr	(hl)
                                   3949 ;src/player.c:680: player_y_next = player_y_next_upscaled >> 4;
    00000F37 FAr0Er00         [16] 3950 	ld	a, (#_player_y_next_upscaled)
    00000F3A EAr16r00         [16] 3951 	ld	(#_player_y_next),a
    00000F3D FAr0Fr00         [16] 3952 	ld	a, (#_player_y_next_upscaled + 1)
    00000F40 21r17r00         [12] 3953 	ld	hl, #_player_y_next + 1
    00000F43 77               [ 8] 3954 	ld	(hl), a
    00000F44 CB 3E            [16] 3955 	srl	(hl)
    00000F46 2B               [ 8] 3956 	dec	hl
    00000F47 CB 1E            [16] 3957 	rr	(hl)
    00000F49 23               [ 8] 3958 	inc	hl
    00000F4A CB 3E            [16] 3959 	srl	(hl)
    00000F4C 2B               [ 8] 3960 	dec	hl
    00000F4D CB 1E            [16] 3961 	rr	(hl)
    00000F4F 23               [ 8] 3962 	inc	hl
    00000F50 CB 3E            [16] 3963 	srl	(hl)
    00000F52 2B               [ 8] 3964 	dec	hl
    00000F53 CB 1E            [16] 3965 	rr	(hl)
    00000F55 23               [ 8] 3966 	inc	hl
    00000F56 CB 3E            [16] 3967 	srl	(hl)
    00000F58 2B               [ 8] 3968 	dec	hl
    00000F59 CB 1E            [16] 3969 	rr	(hl)
                                   3970 ;src/player.c:598: player_y_next + PLAYER_TOP_MARGIN);
    00000F5B 7E               [ 8] 3971 	ld	a, (hl)
                                   3972 ;src/player.c:596: tile_next_1 = get_tile(player_x_next + MARIO_WIDTH -
    00000F5C 21r14r00         [12] 3973 	ld	hl, #_player_x_next
    00000F5F 4E               [ 8] 3974 	ld	c, (hl)
                                   3975 ;src/player.c:597: PLAYER_HORIZONTAL_MARGIN - camera_x,
    00000F60 21r00r00         [12] 3976 	ld	hl, #_camera_x
    00000F63 46               [ 8] 3977 	ld	b, (hl)
                                   3978 ;src/player.c:598: player_y_next + PLAYER_TOP_MARGIN);
    00000F64 F8 01            [12] 3979 	ldhl	sp,	#1
                                   3980 ;src/player.c:596: tile_next_1 = get_tile(player_x_next + MARIO_WIDTH -
    00000F66 22               [ 8] 3981 	ld	(hl+), a
                                   3982 ;src/player.c:597: PLAYER_HORIZONTAL_MARGIN - camera_x,
    00000F67 79               [ 4] 3983 	ld	a, c
    00000F68 22               [ 8] 3984 	ld	(hl+), a
    00000F69 70               [ 8] 3985 	ld	(hl), b
                                   3986 ;src/player.c:682: if (vel_y > 0) {
    00000F6A 21r1Br00         [12] 3987 	ld	hl, #_vel_y
    00000F6D 5E               [ 8] 3988 	ld	e, (hl)
    00000F6E AF               [ 4] 3989 	xor	a, a
    00000F6F 57               [ 4] 3990 	ld	d, a
    00000F70 96               [ 8] 3991 	sub	a, (hl)
    00000F71 CB 7B            [ 8] 3992 	bit	7, e
    00000F73 28 07            [12] 3993 	jr	Z, 00430$
    00000F75 CB 7A            [ 8] 3994 	bit	7, d
    00000F77 20 08            [12] 3995 	jr	NZ, 00431$
    00000F79 BF               [ 4] 3996 	cp	a, a
    00000F7A 18 05            [12] 3997 	jr	00431$
    00000F7C                       3998 00430$:
    00000F7C CB 7A            [ 8] 3999 	bit	7, d
    00000F7E 28 01            [12] 4000 	jr	Z, 00431$
    00000F80 37               [ 4] 4001 	scf
    00000F81                       4002 00431$:
    00000F81 D2r64r10         [16] 4003 	jp	NC, 00170$
                                   4004 ;src/player.c:686: player_y_next + marioSprites_HEIGHT - 1);
    00000F84 F8 01            [12] 4005 	ldhl	sp,	#1
                                   4006 ;src/player.c:684: tile_next_1 = get_tile(player_x_next + MARIO_WIDTH -
    00000F86 2A               [ 8] 4007 	ld	a, (hl+)
    00000F87 C6 0F            [ 8] 4008 	add	a, #0x0f
    00000F89 5F               [ 4] 4009 	ld	e, a
                                   4010 ;src/player.c:685: PLAYER_HORIZONTAL_MARGIN - camera_x,
    00000F8A 2A               [ 8] 4011 	ld	a, (hl+)
    00000F8B C6 06            [ 8] 4012 	add	a, #0x06
    00000F8D 96               [ 8] 4013 	sub	a, (hl)
    00000F8E CDr00r00         [24] 4014 	call	_get_tile
    00000F91 EAr22r00         [16] 4015 	ld	(#_tile_next_1),a
                                   4016 ;src/player.c:688: player_y_next + marioSprites_HEIGHT - 1);
    00000F94 FAr16r00         [16] 4017 	ld	a, (_player_y_next)
    00000F97 C6 0F            [ 8] 4018 	add	a, #0x0f
    00000F99 5F               [ 4] 4019 	ld	e, a
                                   4020 ;src/player.c:687: tile_next_2 = get_tile(player_x_next + PLAYER_HORIZONTAL_MARGIN - camera_x,
    00000F9A FAr14r00         [16] 4021 	ld	a, (_player_x_next)
    00000F9D C6 02            [ 8] 4022 	add	a, #0x02
    00000F9F 21r00r00         [12] 4023 	ld	hl, #_camera_x
    00000FA2 4E               [ 8] 4024 	ld	c, (hl)
    00000FA3 91               [ 4] 4025 	sub	a, c
    00000FA4 CDr00r00         [24] 4026 	call	_get_tile
    00000FA7 EAr23r00         [16] 4027 	ld	(#_tile_next_2),a
                                   4028 ;src/player.c:690: if (is_tile_solid(tile_next_1) || is_tile_solid(tile_next_2)) {
    00000FAA FAr22r00         [16] 4029 	ld	a, (_tile_next_1)
    00000FAD CDr00r00         [24] 4030 	call	_is_tile_solid
    00000FB0 CB 47            [ 8] 4031 	bit	0,a
    00000FB2 20 0A            [12] 4032 	jr	NZ, 00154$
    00000FB4 FAr23r00         [16] 4033 	ld	a, (_tile_next_2)
    00000FB7 CDr00r00         [24] 4034 	call	_is_tile_solid
    00000FBA CB 47            [ 8] 4035 	bit	0,a
    00000FBC 28 38            [12] 4036 	jr	Z, 00155$
    00000FBE                       4037 00154$:
                                   4038 ;src/player.c:691: player_y = TILE_ALIGN(player_y_next) - 8;
    00000FBE FAr16r00         [16] 4039 	ld	a, (_player_y_next)
    00000FC1 21r17r00         [12] 4040 	ld	hl, #_player_y_next + 1
    00000FC4 66               [ 8] 4041 	ld	h, (hl)
    00000FC5 6F               [ 4] 4042 	ld	l, a
    00000FC6 11 07 00         [12] 4043 	ld	de, #0x0007
    00000FC9 19               [ 8] 4044 	add	hl, de
    00000FCA 7D               [ 4] 4045 	ld	a, l
    00000FCB E6 F8            [ 8] 4046 	and	a, #0xf8
    00000FCD C6 F8            [ 8] 4047 	add	a, #0xf8
    00000FCF 4F               [ 4] 4048 	ld	c, a
    00000FD0 7C               [ 4] 4049 	ld	a, h
    00000FD1 CE FF            [ 8] 4050 	adc	a, #0xff
    00000FD3 21r12r00         [12] 4051 	ld	hl, #_player_y
    00000FD6 71               [ 8] 4052 	ld	(hl), c
    00000FD7 23               [ 8] 4053 	inc	hl
                                   4054 ;src/player.c:692: player_y_upscaled = player_y << 4;
    00000FD8 32               [ 8] 4055 	ld	(hl-), a
    00000FD9 7E               [ 8] 4056 	ld	a, (hl)
    00000FDA EAr0Ar00         [16] 4057 	ld	(#_player_y_upscaled),a
    00000FDD FAr13r00         [16] 4058 	ld	a, (#_player_y + 1)
    00000FE0 EAr0Br00         [16] 4059 	ld	(#_player_y_upscaled + 1),a
    00000FE3 3E 04            [ 8] 4060 	ld	a, #0x04
    00000FE5                       4061 00432$:
    00000FE5 21r0Ar00         [12] 4062 	ld	hl, #_player_y_upscaled
    00000FE8 CB 26            [16] 4063 	sla	(hl)
    00000FEA 23               [ 8] 4064 	inc	hl
    00000FEB CB 16            [16] 4065 	rl	(hl)
                                   4066 ;src/player.c:693: vel_y = 0;
    00000FED 3D               [ 4] 4067 	dec	a
    00000FEE 20 F5            [12] 4068 	jr	NZ, 00432$
    00000FF0 EAr1Br00         [16] 4069 	ld	(#_vel_y),a
    00000FF3 C3r5Er11         [16] 4070 	jp	00171$
    00000FF6                       4071 00155$:
                                   4072 ;src/player.c:695: if (is_coin(tile_next_1)) {
    00000FF6 FAr22r00         [16] 4073 	ld	a, (_tile_next_1)
    00000FF9 CDr00r00         [24] 4074 	call	_is_coin
    00000FFC CB 47            [ 8] 4075 	bit	0,a
    00000FFE 28 15            [12] 4076 	jr	Z, 00152$
                                   4077 ;src/player.c:698: player_y_next + marioSprites_HEIGHT - 1);
    00001000 FAr16r00         [16] 4078 	ld	a, (_player_y_next)
    00001003 C6 0F            [ 8] 4079 	add	a, #0x0f
    00001005 5F               [ 4] 4080 	ld	e, a
                                   4081 ;src/player.c:696: on_get_coin_background(player_x_next + MARIO_WIDTH -
    00001006 FAr14r00         [16] 4082 	ld	a, (_player_x_next)
    00001009 C6 06            [ 8] 4083 	add	a, #0x06
                                   4084 ;src/player.c:697: PLAYER_HORIZONTAL_MARGIN - camera_x,
    0000100B 21r00r00         [12] 4085 	ld	hl, #_camera_x
    0000100E 4E               [ 8] 4086 	ld	c, (hl)
    0000100F 91               [ 4] 4087 	sub	a, c
    00001010 CDr00r00         [24] 4088 	call	_on_get_coin_background
    00001013 18 1D            [12] 4089 	jr	00153$
    00001015                       4090 00152$:
                                   4091 ;src/player.c:699: } else if (is_coin(tile_next_2)) {
    00001015 FAr23r00         [16] 4092 	ld	a, (_tile_next_2)
    00001018 CDr00r00         [24] 4093 	call	_is_coin
    0000101B CB 47            [ 8] 4094 	bit	0,a
    0000101D 28 13            [12] 4095 	jr	Z, 00153$
                                   4096 ;src/player.c:702: player_y_next + marioSprites_HEIGHT - 1);
    0000101F FAr16r00         [16] 4097 	ld	a, (_player_y_next)
    00001022 C6 0F            [ 8] 4098 	add	a, #0x0f
    00001024 5F               [ 4] 4099 	ld	e, a
                                   4100 ;src/player.c:700: on_get_coin_background(player_x_next + PLAYER_HORIZONTAL_MARGIN -
    00001025 FAr14r00         [16] 4101 	ld	a, (_player_x_next)
    00001028 C6 02            [ 8] 4102 	add	a, #0x02
                                   4103 ;src/player.c:701: camera_x,
    0000102A 21r00r00         [12] 4104 	ld	hl, #_camera_x
    0000102D 4E               [ 8] 4105 	ld	c, (hl)
    0000102E 91               [ 4] 4106 	sub	a, c
    0000102F CDr00r00         [24] 4107 	call	_on_get_coin_background
    00001032                       4108 00153$:
                                   4109 ;src/player.c:705: player_y_upscaled = player_y_next_upscaled;
    00001032 FAr0Er00         [16] 4110 	ld	a, (#_player_y_next_upscaled)
    00001035 EAr0Ar00         [16] 4111 	ld	(#_player_y_upscaled),a
    00001038 FAr0Fr00         [16] 4112 	ld	a, (#_player_y_next_upscaled + 1)
    0000103B 21r0Br00         [12] 4113 	ld	hl, #_player_y_upscaled + 1
                                   4114 ;src/player.c:706: player_y = player_y_upscaled >> 4;
    0000103E 32               [ 8] 4115 	ld	(hl-), a
    0000103F 7E               [ 8] 4116 	ld	a, (hl)
    00001040 EAr12r00         [16] 4117 	ld	(#_player_y),a
    00001043 FAr0Br00         [16] 4118 	ld	a, (#_player_y_upscaled + 1)
    00001046 21r13r00         [12] 4119 	ld	hl, #_player_y + 1
    00001049 77               [ 8] 4120 	ld	(hl), a
    0000104A CB 3E            [16] 4121 	srl	(hl)
    0000104C 2B               [ 8] 4122 	dec	hl
    0000104D CB 1E            [16] 4123 	rr	(hl)
    0000104F 23               [ 8] 4124 	inc	hl
    00001050 CB 3E            [16] 4125 	srl	(hl)
    00001052 2B               [ 8] 4126 	dec	hl
    00001053 CB 1E            [16] 4127 	rr	(hl)
    00001055 23               [ 8] 4128 	inc	hl
    00001056 CB 3E            [16] 4129 	srl	(hl)
    00001058 2B               [ 8] 4130 	dec	hl
    00001059 CB 1E            [16] 4131 	rr	(hl)
    0000105B 23               [ 8] 4132 	inc	hl
    0000105C CB 3E            [16] 4133 	srl	(hl)
    0000105E 2B               [ 8] 4134 	dec	hl
    0000105F CB 1E            [16] 4135 	rr	(hl)
    00001061 C3r5Er11         [16] 4136 	jp	00171$
    00001064                       4137 00170$:
                                   4138 ;src/player.c:708: } else if (vel_y < 0) {
    00001064 FAr1Br00         [16] 4139 	ld	a, (#_vel_y)
    00001067 CB 7F            [ 8] 4140 	bit	7, a
    00001069 CAr5Er11         [16] 4141 	jp	Z, 00171$
                                   4142 ;src/player.c:711: player_y_next + PLAYER_TOP_MARGIN);
    0000106C F8 01            [12] 4143 	ldhl	sp,	#1
                                   4144 ;src/player.c:710: tile_next_1 = get_tile(player_x_next + PLAYER_HORIZONTAL_MARGIN - camera_x,
    0000106E 2A               [ 8] 4145 	ld	a, (hl+)
    0000106F C6 08            [ 8] 4146 	add	a, #0x08
    00001071 5F               [ 4] 4147 	ld	e, a
    00001072 2A               [ 8] 4148 	ld	a, (hl+)
    00001073 3C               [ 4] 4149 	inc	a
    00001074 3C               [ 4] 4150 	inc	a
    00001075 96               [ 8] 4151 	sub	a, (hl)
    00001076 CDr00r00         [24] 4152 	call	_get_tile
    00001079 EAr22r00         [16] 4153 	ld	(#_tile_next_1),a
                                   4154 ;src/player.c:714: player_y_next + PLAYER_TOP_MARGIN);
    0000107C FAr16r00         [16] 4155 	ld	a, (_player_y_next)
    0000107F C6 08            [ 8] 4156 	add	a, #0x08
    00001081 5F               [ 4] 4157 	ld	e, a
                                   4158 ;src/player.c:712: tile_next_2 = get_tile(player_x_next + MARIO_WIDTH -
    00001082 FAr14r00         [16] 4159 	ld	a, (_player_x_next)
    00001085 C6 06            [ 8] 4160 	add	a, #0x06
                                   4161 ;src/player.c:713: PLAYER_HORIZONTAL_MARGIN - camera_x,
    00001087 21r00r00         [12] 4162 	ld	hl, #_camera_x
    0000108A 4E               [ 8] 4163 	ld	c, (hl)
    0000108B 91               [ 4] 4164 	sub	a, c
    0000108C CDr00r00         [24] 4165 	call	_get_tile
    0000108F EAr23r00         [16] 4166 	ld	(#_tile_next_2),a
                                   4167 ;src/player.c:716: if (is_tile_solid(tile_next_1) || is_tile_solid(tile_next_2)) {
    00001092 FAr22r00         [16] 4168 	ld	a, (_tile_next_1)
    00001095 CDr00r00         [24] 4169 	call	_is_tile_solid
    00001098 CB 47            [ 8] 4170 	bit	0,a
    0000109A 20 0A            [12] 4171 	jr	NZ, 00163$
    0000109C FAr23r00         [16] 4172 	ld	a, (_tile_next_2)
    0000109F CDr00r00         [24] 4173 	call	_is_tile_solid
    000010A2 CB 47            [ 8] 4174 	bit	0,a
    000010A4 28 4D            [12] 4175 	jr	Z, 00164$
    000010A6                       4176 00163$:
                                   4177 ;src/player.c:717: player_y_upscaled = ((player_y_next_upscaled >> 3) << 3) + 32;
    000010A6 21r0Er00         [12] 4178 	ld	hl, #_player_y_next_upscaled
    000010A9 2A               [ 8] 4179 	ld	a, (hl+)
    000010AA 4F               [ 4] 4180 	ld	c, a
    000010AB 46               [ 8] 4181 	ld	b, (hl)
    000010AC CB 38            [ 8] 4182 	srl	b
    000010AE CB 19            [ 8] 4183 	rr	c
    000010B0 CB 38            [ 8] 4184 	srl	b
    000010B2 CB 19            [ 8] 4185 	rr	c
    000010B4 CB 38            [ 8] 4186 	srl	b
    000010B6 CB 19            [ 8] 4187 	rr	c
    000010B8 69               [ 4] 4188 	ld	l, c
    000010B9 60               [ 4] 4189 	ld	h, b
    000010BA 29               [ 8] 4190 	add	hl, hl
    000010BB 29               [ 8] 4191 	add	hl, hl
    000010BC 29               [ 8] 4192 	add	hl, hl
    000010BD 01 20 00         [12] 4193 	ld	bc, #0x0020
    000010C0 09               [ 8] 4194 	add	hl, bc
    000010C1 5D               [ 4] 4195 	ld	e, l
    000010C2 54               [ 4] 4196 	ld	d, h
    000010C3 21r0Ar00         [12] 4197 	ld	hl, #_player_y_upscaled
    000010C6 7B               [ 4] 4198 	ld	a, e
    000010C7 22               [ 8] 4199 	ld	(hl+), a
    000010C8 72               [ 8] 4200 	ld	(hl), d
                                   4201 ;src/player.c:718: player_y = player_y_upscaled >> 4;
    000010C9 FAr0Ar00         [16] 4202 	ld	a, (#_player_y_upscaled)
    000010CC EAr12r00         [16] 4203 	ld	(#_player_y),a
    000010CF FAr0Br00         [16] 4204 	ld	a, (#_player_y_upscaled + 1)
    000010D2 21r13r00         [12] 4205 	ld	hl, #_player_y + 1
    000010D5 77               [ 8] 4206 	ld	(hl), a
    000010D6 CB 3E            [16] 4207 	srl	(hl)
    000010D8 2B               [ 8] 4208 	dec	hl
    000010D9 CB 1E            [16] 4209 	rr	(hl)
    000010DB 23               [ 8] 4210 	inc	hl
    000010DC CB 3E            [16] 4211 	srl	(hl)
    000010DE 2B               [ 8] 4212 	dec	hl
    000010DF CB 1E            [16] 4213 	rr	(hl)
    000010E1 23               [ 8] 4214 	inc	hl
    000010E2 CB 3E            [16] 4215 	srl	(hl)
    000010E4 2B               [ 8] 4216 	dec	hl
    000010E5 CB 1E            [16] 4217 	rr	(hl)
    000010E7 23               [ 8] 4218 	inc	hl
    000010E8 CB 3E            [16] 4219 	srl	(hl)
    000010EA 2B               [ 8] 4220 	dec	hl
    000010EB CB 1E            [16] 4221 	rr	(hl)
                                   4222 ;src/player.c:719: vel_y = 0;
    000010ED AF               [ 4] 4223 	xor	a, a
    000010EE EAr1Br00         [16] 4224 	ld	(#_vel_y),a
    000010F1 18 6B            [12] 4225 	jr	00171$
    000010F3                       4226 00164$:
                                   4227 ;src/player.c:721: if (is_coin(tile_next_1)) {
    000010F3 FAr22r00         [16] 4228 	ld	a, (_tile_next_1)
    000010F6 CDr00r00         [24] 4229 	call	_is_coin
    000010F9 CB 47            [ 8] 4230 	bit	0,a
    000010FB 28 15            [12] 4231 	jr	Z, 00161$
                                   4232 ;src/player.c:724: player_y_next + PLAYER_TOP_MARGIN);
    000010FD FAr16r00         [16] 4233 	ld	a, (_player_y_next)
    00001100 C6 08            [ 8] 4234 	add	a, #0x08
    00001102 5F               [ 4] 4235 	ld	e, a
                                   4236 ;src/player.c:722: on_get_coin_background(player_x_next + PLAYER_HORIZONTAL_MARGIN -
    00001103 FAr14r00         [16] 4237 	ld	a, (_player_x_next)
    00001106 C6 02            [ 8] 4238 	add	a, #0x02
                                   4239 ;src/player.c:723: camera_x,
    00001108 21r00r00         [12] 4240 	ld	hl, #_camera_x
    0000110B 4E               [ 8] 4241 	ld	c, (hl)
    0000110C 91               [ 4] 4242 	sub	a, c
    0000110D CDr00r00         [24] 4243 	call	_on_get_coin_background
    00001110 18 1D            [12] 4244 	jr	00162$
    00001112                       4245 00161$:
                                   4246 ;src/player.c:725: } else if (is_coin(tile_next_2)) {
    00001112 FAr23r00         [16] 4247 	ld	a, (_tile_next_2)
    00001115 CDr00r00         [24] 4248 	call	_is_coin
    00001118 CB 47            [ 8] 4249 	bit	0,a
    0000111A 28 13            [12] 4250 	jr	Z, 00162$
                                   4251 ;src/player.c:728: player_y_next + PLAYER_TOP_MARGIN);
    0000111C FAr16r00         [16] 4252 	ld	a, (_player_y_next)
    0000111F C6 08            [ 8] 4253 	add	a, #0x08
    00001121 5F               [ 4] 4254 	ld	e, a
                                   4255 ;src/player.c:726: on_get_coin_background(player_x_next + MARIO_WIDTH -
    00001122 FAr14r00         [16] 4256 	ld	a, (_player_x_next)
    00001125 C6 06            [ 8] 4257 	add	a, #0x06
                                   4258 ;src/player.c:727: PLAYER_HORIZONTAL_MARGIN - camera_x,
    00001127 21r00r00         [12] 4259 	ld	hl, #_camera_x
    0000112A 4E               [ 8] 4260 	ld	c, (hl)
    0000112B 91               [ 4] 4261 	sub	a, c
    0000112C CDr00r00         [24] 4262 	call	_on_get_coin_background
    0000112F                       4263 00162$:
                                   4264 ;src/player.c:731: player_y_upscaled = player_y_next_upscaled;
    0000112F FAr0Er00         [16] 4265 	ld	a, (#_player_y_next_upscaled)
    00001132 EAr0Ar00         [16] 4266 	ld	(#_player_y_upscaled),a
    00001135 FAr0Fr00         [16] 4267 	ld	a, (#_player_y_next_upscaled + 1)
    00001138 21r0Br00         [12] 4268 	ld	hl, #_player_y_upscaled + 1
                                   4269 ;src/player.c:732: player_y = player_y_upscaled >> 4;
    0000113B 32               [ 8] 4270 	ld	(hl-), a
    0000113C 7E               [ 8] 4271 	ld	a, (hl)
    0000113D EAr12r00         [16] 4272 	ld	(#_player_y),a
    00001140 FAr0Br00         [16] 4273 	ld	a, (#_player_y_upscaled + 1)
    00001143 21r13r00         [12] 4274 	ld	hl, #_player_y + 1
    00001146 77               [ 8] 4275 	ld	(hl), a
    00001147 CB 3E            [16] 4276 	srl	(hl)
    00001149 2B               [ 8] 4277 	dec	hl
    0000114A CB 1E            [16] 4278 	rr	(hl)
    0000114C 23               [ 8] 4279 	inc	hl
    0000114D CB 3E            [16] 4280 	srl	(hl)
    0000114F 2B               [ 8] 4281 	dec	hl
    00001150 CB 1E            [16] 4282 	rr	(hl)
    00001152 23               [ 8] 4283 	inc	hl
    00001153 CB 3E            [16] 4284 	srl	(hl)
    00001155 2B               [ 8] 4285 	dec	hl
    00001156 CB 1E            [16] 4286 	rr	(hl)
    00001158 23               [ 8] 4287 	inc	hl
    00001159 CB 3E            [16] 4288 	srl	(hl)
    0000115B 2B               [ 8] 4289 	dec	hl
    0000115C CB 1E            [16] 4290 	rr	(hl)
    0000115E                       4291 00171$:
                                   4292 ;src/player.c:736: player_x = player_x_upscaled >> 4;
    0000115E FAr08r00         [16] 4293 	ld	a, (#_player_x_upscaled)
    00001161 EAr10r00         [16] 4294 	ld	(#_player_x),a
    00001164 FAr09r00         [16] 4295 	ld	a, (#_player_x_upscaled + 1)
    00001167 21r11r00         [12] 4296 	ld	hl, #_player_x + 1
    0000116A 77               [ 8] 4297 	ld	(hl), a
    0000116B CB 3E            [16] 4298 	srl	(hl)
    0000116D 2B               [ 8] 4299 	dec	hl
    0000116E CB 1E            [16] 4300 	rr	(hl)
    00001170 23               [ 8] 4301 	inc	hl
    00001171 CB 3E            [16] 4302 	srl	(hl)
    00001173 2B               [ 8] 4303 	dec	hl
    00001174 CB 1E            [16] 4304 	rr	(hl)
    00001176 23               [ 8] 4305 	inc	hl
    00001177 CB 3E            [16] 4306 	srl	(hl)
    00001179 2B               [ 8] 4307 	dec	hl
    0000117A CB 1E            [16] 4308 	rr	(hl)
    0000117C 23               [ 8] 4309 	inc	hl
    0000117D CB 3E            [16] 4310 	srl	(hl)
    0000117F 2B               [ 8] 4311 	dec	hl
    00001180 CB 1E            [16] 4312 	rr	(hl)
                                   4313 ;src/player.c:737: player_y = player_y_upscaled >> 4;
    00001182 FAr0Ar00         [16] 4314 	ld	a, (#_player_y_upscaled)
    00001185 EAr12r00         [16] 4315 	ld	(#_player_y),a
    00001188 FAr0Br00         [16] 4316 	ld	a, (#_player_y_upscaled + 1)
    0000118B 21r13r00         [12] 4317 	ld	hl, #_player_y + 1
    0000118E 77               [ 8] 4318 	ld	(hl), a
    0000118F CB 3E            [16] 4319 	srl	(hl)
    00001191 2B               [ 8] 4320 	dec	hl
    00001192 CB 1E            [16] 4321 	rr	(hl)
    00001194 23               [ 8] 4322 	inc	hl
    00001195 CB 3E            [16] 4323 	srl	(hl)
    00001197 2B               [ 8] 4324 	dec	hl
    00001198 CB 1E            [16] 4325 	rr	(hl)
    0000119A 23               [ 8] 4326 	inc	hl
    0000119B CB 3E            [16] 4327 	srl	(hl)
    0000119D 2B               [ 8] 4328 	dec	hl
    0000119E CB 1E            [16] 4329 	rr	(hl)
    000011A0 23               [ 8] 4330 	inc	hl
    000011A1 CB 3E            [16] 4331 	srl	(hl)
    000011A3 2B               [ 8] 4332 	dec	hl
    000011A4 CB 1E            [16] 4333 	rr	(hl)
                                   4334 ;src/player.c:740: player_x + DEVICE_SPRITE_PX_OFFSET_X + PLAYER_DRAW_OFFSET_X - camera_x;
    000011A6 FAr10r00         [16] 4335 	ld	a, (_player_x)
    000011A9 C6 0C            [ 8] 4336 	add	a, #0x0c
    000011AB 21r00r00         [12] 4337 	ld	hl, #_camera_x
    000011AE 4E               [ 8] 4338 	ld	c, (hl)
    000011AF 91               [ 4] 4339 	sub	a, c
    000011B0 EAr18r00         [16] 4340 	ld	(#_player_draw_x),a
                                   4341 ;src/player.c:741: player_draw_y = player_y + DEVICE_SPRITE_PX_OFFSET_Y + MARGIN_TOP_PX +
    000011B3 FAr12r00         [16] 4342 	ld	a, (_player_y)
    000011B6 C6 28            [ 8] 4343 	add	a, #0x28
    000011B8 EAr19r00         [16] 4344 	ld	(#_player_draw_y),a
                                   4345 ;src/player.c:743: }
    000011BB E8 04            [16] 4346 	add	sp, #4
    000011BD C9               [16] 4347 	ret
                                   4348 ;src/player.c:752: bool player_is_on_platform(void) BANKED {
                                   4349 ;	---------------------------------
                                   4350 ; Function player_is_on_platform
                                   4351 ; ---------------------------------
                         000000FF  4352 	b_player_is_on_platform	= 255
    000011BE                       4353 _player_is_on_platform::
    000011BE E8 FB            [16] 4354 	add	sp, #-5
                                   4355 ;src/player.c:753: for (uint8_t index_platform = 0; index_platform < platform_moving_count;
    000011C0 F8 04            [12] 4356 	ldhl	sp,	#4
    000011C2 36 00            [12] 4357 	ld	(hl), #0x00
    000011C4                       4358 00108$:
    000011C4 F8 04            [12] 4359 	ldhl	sp,	#4
    000011C6 7E               [ 8] 4360 	ld	a, (hl)
    000011C7 21r00r00         [12] 4361 	ld	hl, #_platform_moving_count
    000011CA 96               [ 8] 4362 	sub	a, (hl)
    000011CB D2r93r12         [16] 4363 	jp	NC, 00106$
                                   4364 ;src/player.c:755: if (player_y_upscaled + 128 > platforms_moving[index_platform].y &&
    000011CE FAr0Ar00         [16] 4365 	ld	a, (_player_y_upscaled)
    000011D1 21r0Br00         [12] 4366 	ld	hl, #_player_y_upscaled + 1
    000011D4 56               [ 8] 4367 	ld	d, (hl)
    000011D5 5F               [ 4] 4368 	ld	e, a
    000011D6 21 80 00         [12] 4369 	ld	hl, #0x0080
    000011D9 19               [ 8] 4370 	add	hl, de
    000011DA 33               [ 8] 4371 	inc	sp
    000011DB 33               [ 8] 4372 	inc	sp
    000011DC E5               [16] 4373 	push	hl
    000011DD 01r00r00         [12] 4374 	ld	bc, #_platforms_moving+0
    000011E0 F8 04            [12] 4375 	ldhl	sp,	#4
    000011E2 5E               [ 8] 4376 	ld	e, (hl)
    000011E3 16 00            [ 8] 4377 	ld	d, #0x00
    000011E5 6B               [ 4] 4378 	ld	l, e
    000011E6 62               [ 4] 4379 	ld	h, d
    000011E7 29               [ 8] 4380 	add	hl, hl
    000011E8 19               [ 8] 4381 	add	hl, de
    000011E9 29               [ 8] 4382 	add	hl, hl
    000011EA 19               [ 8] 4383 	add	hl, de
    000011EB 29               [ 8] 4384 	add	hl, hl
    000011EC 09               [ 8] 4385 	add	hl, bc
    000011ED 4D               [ 4] 4386 	ld	c,l
    000011EE 44               [ 4] 4387 	ld	b,h
    000011EF 23               [ 8] 4388 	inc	hl
    000011F0 23               [ 8] 4389 	inc	hl
    000011F1 5D               [ 4] 4390 	ld	e, l
    000011F2 54               [ 4] 4391 	ld	d, h
    000011F3 1A               [ 8] 4392 	ld	a, (de)
    000011F4 F8 02            [12] 4393 	ldhl	sp,	#2
    000011F6 22               [ 8] 4394 	ld	(hl+), a
    000011F7 13               [ 8] 4395 	inc	de
    000011F8 1A               [ 8] 4396 	ld	a, (de)
    000011F9 77               [ 8] 4397 	ld	(hl), a
    000011FA D1               [12] 4398 	pop	de
    000011FB D5               [16] 4399 	push	de
    000011FC F8 02            [12] 4400 	ldhl	sp,	#2
    000011FE 2A               [ 8] 4401 	ld	a, (hl+)
    000011FF 93               [ 4] 4402 	sub	a, e
    00001200 7E               [ 8] 4403 	ld	a, (hl)
    00001201 9A               [ 4] 4404 	sbc	a, d
    00001202 D2r8Dr12         [16] 4405 	jp	NC, 00109$
                                   4406 ;src/player.c:757: platforms_moving[index_platform].y + (8 * 16) &&
    00001205 2B               [ 8] 4407 	dec	hl
    00001206 2A               [ 8] 4408 	ld	a, (hl+)
    00001207 5F               [ 4] 4409 	ld	e, a
    00001208 56               [ 8] 4410 	ld	d, (hl)
    00001209 21 80 00         [12] 4411 	ld	hl, #0x0080
    0000120C 19               [ 8] 4412 	add	hl, de
    0000120D 5D               [ 4] 4413 	ld	e, l
    0000120E 54               [ 4] 4414 	ld	d, h
    0000120F F8 00            [12] 4415 	ldhl	sp,	#0
    00001211 7B               [ 4] 4416 	ld	a, e
    00001212 96               [ 8] 4417 	sub	a, (hl)
    00001213 23               [ 8] 4418 	inc	hl
    00001214 7A               [ 4] 4419 	ld	a, d
    00001215 9E               [ 8] 4420 	sbc	a, (hl)
    00001216 38 75            [12] 4421 	jr	C, 00109$
                                   4422 ;src/player.c:759: platforms_moving[index_platform].x + (3 * 8 * 16) &&
    00001218 59               [ 4] 4423 	ld	e, c
    00001219 50               [ 4] 4424 	ld	d, b
    0000121A 1A               [ 8] 4425 	ld	a, (de)
    0000121B F8 02            [12] 4426 	ldhl	sp,	#2
    0000121D 22               [ 8] 4427 	ld	(hl+), a
    0000121E 13               [ 8] 4428 	inc	de
    0000121F 1A               [ 8] 4429 	ld	a, (de)
    00001220 32               [ 8] 4430 	ld	(hl-), a
    00001221 2A               [ 8] 4431 	ld	a, (hl+)
    00001222 5F               [ 4] 4432 	ld	e, a
    00001223 56               [ 8] 4433 	ld	d, (hl)
    00001224 21 80 01         [12] 4434 	ld	hl, #0x0180
    00001227 19               [ 8] 4435 	add	hl, de
    00001228 FAr08r00         [16] 4436 	ld	a, (_player_x_upscaled)
    0000122B 5F               [ 4] 4437 	ld	e, a
    0000122C E5               [16] 4438 	push	hl
    0000122D 21r09r00         [12] 4439 	ld	hl, #_player_x_upscaled + 1
    00001230 56               [ 8] 4440 	ld	d, (hl)
    00001231 E1               [12] 4441 	pop	hl
    00001232 7D               [ 4] 4442 	ld	a, l
    00001233 93               [ 4] 4443 	sub	a, e
    00001234 7C               [ 4] 4444 	ld	a, h
    00001235 9A               [ 4] 4445 	sbc	a, d
    00001236 38 55            [12] 4446 	jr	C, 00109$
                                   4447 ;src/player.c:760: player_x_upscaled > platforms_moving[index_platform].x) {
    00001238 D5               [16] 4448 	push	de
    00001239 F8 04            [12] 4449 	ldhl	sp,	#4
    0000123B 5D               [ 4] 4450 	ld	e, l
    0000123C 54               [ 4] 4451 	ld	d, h
    0000123D 21r08r00         [12] 4452 	ld	hl, #_player_x_upscaled
    00001240 1A               [ 8] 4453 	ld	a, (de)
    00001241 13               [ 8] 4454 	inc	de
    00001242 96               [ 8] 4455 	sub	a, (hl)
    00001243 23               [ 8] 4456 	inc	hl
    00001244 1A               [ 8] 4457 	ld	a, (de)
    00001245 9E               [ 8] 4458 	sbc	a, (hl)
    00001246 D1               [12] 4459 	pop	de
    00001247 30 44            [12] 4460 	jr	NC, 00109$
                                   4461 ;src/player.c:762: player_x_upscaled += platforms_moving[index_platform].vel_x;
    00001249 21 06 00         [12] 4462 	ld	hl, #0x0006
    0000124C 09               [ 8] 4463 	add	hl, bc
    0000124D 7E               [ 8] 4464 	ld	a, (hl)
    0000124E 6F               [ 4] 4465 	ld	l, a
    0000124F 07               [ 4] 4466 	rlca
    00001250 9F               [ 4] 4467 	sbc	a, a
    00001251 67               [ 4] 4468 	ld	h, a
    00001252 19               [ 8] 4469 	add	hl, de
    00001253 5D               [ 4] 4470 	ld	e, l
    00001254 54               [ 4] 4471 	ld	d, h
    00001255 21r08r00         [12] 4472 	ld	hl, #_player_x_upscaled
    00001258 7B               [ 4] 4473 	ld	a, e
    00001259 22               [ 8] 4474 	ld	(hl+), a
                                   4475 ;src/player.c:763: player_x = player_x_upscaled >> 4;
    0000125A 7A               [ 4] 4476 	ld	a, d
    0000125B 32               [ 8] 4477 	ld	(hl-), a
    0000125C 7E               [ 8] 4478 	ld	a, (hl)
    0000125D EAr10r00         [16] 4479 	ld	(#_player_x),a
    00001260 FAr09r00         [16] 4480 	ld	a, (#_player_x_upscaled + 1)
    00001263 21r11r00         [12] 4481 	ld	hl, #_player_x + 1
    00001266 77               [ 8] 4482 	ld	(hl), a
    00001267 CB 3E            [16] 4483 	srl	(hl)
    00001269 2B               [ 8] 4484 	dec	hl
    0000126A CB 1E            [16] 4485 	rr	(hl)
    0000126C 23               [ 8] 4486 	inc	hl
    0000126D CB 3E            [16] 4487 	srl	(hl)
    0000126F 2B               [ 8] 4488 	dec	hl
    00001270 CB 1E            [16] 4489 	rr	(hl)
    00001272 23               [ 8] 4490 	inc	hl
    00001273 CB 3E            [16] 4491 	srl	(hl)
    00001275 2B               [ 8] 4492 	dec	hl
    00001276 CB 1E            [16] 4493 	rr	(hl)
    00001278 23               [ 8] 4494 	inc	hl
    00001279 CB 3E            [16] 4495 	srl	(hl)
    0000127B 2B               [ 8] 4496 	dec	hl
    0000127C CB 1E            [16] 4497 	rr	(hl)
                                   4498 ;src/player.c:764: vel_y = platforms_moving[index_platform].vel_y;
    0000127E 21 07 00         [12] 4499 	ld	hl, #0x0007
    00001281 09               [ 8] 4500 	add	hl, bc
    00001282 7E               [ 8] 4501 	ld	a, (hl)
    00001283 EAr1Br00         [16] 4502 	ld	(#_vel_y),a
                                   4503 ;src/player.c:765: player_on_touch_ground();
    00001286 CDr22r06         [24] 4504 	call	_player_on_touch_ground
                                   4505 ;src/player.c:766: return TRUE;
    00001289 3E 01            [ 8] 4506 	ld	a, #0x01
    0000128B 18 07            [12] 4507 	jr	00110$
    0000128D                       4508 00109$:
                                   4509 ;src/player.c:754: index_platform++) {
    0000128D F8 04            [12] 4510 	ldhl	sp,	#4
    0000128F 34               [12] 4511 	inc	(hl)
    00001290 C3rC4r11         [16] 4512 	jp	00108$
    00001293                       4513 00106$:
                                   4514 ;src/player.c:769: return FALSE;
    00001293 AF               [ 4] 4515 	xor	a, a
    00001294                       4516 00110$:
                                   4517 ;src/player.c:770: }
    00001294 E8 05            [16] 4518 	add	sp, #5
    00001296 C9               [16] 4519 	ret
                                   4520 	.area _CODE_255
                                   4521 	.area _INITIALIZER
    00000000                       4522 __xinit____EMU_PROFILER_INIT:
    00000000r00r00                 4523 	.dw _EMU_profiler_message
    00000002                       4524 __xinit__is_jumping:
    00000002 00                    4525 	.db #0x00	;  0
    00000003                       4526 __xinit__touch_ground:
    00000003 00                    4527 	.db #0x00	;  0
    00000004                       4528 __xinit__current_jump:
    00000004 00 00                 4529 	.dw #0x0000
    00000006                       4530 __xinit__player_frame:
    00000006 00                    4531 	.db #0x00	; 0
    00000007                       4532 __xinit__frame_counter:
    00000007 00                    4533 	.db #0x00	; 0
    00000008                       4534 __xinit__player_is_big:
    00000008 00                    4535 	.db #0x00	;  0
                                   4536 	.area _CABS (ABS)
